<?xml version="1.0" encoding="ISO-8859-1"?>
<WIDECAST_DVB>
  <channel name="My Musicott">
    <event id="0" start_time="2021-12-01 22:00:00" duration="28800">
      <short_event_descriptor lang="alb" name="My Music Hits- 24 ore">Muzike.</short_event_descriptor>
      <extended_event_descriptor lang="alb">
        <text>Kenge dhe videoklipe te grupeve te ndryshme shqiptare dhe te huaja</text>
      </extended_event_descriptor>
    </event>
    <event id="1" start_time="2021-12-02 06:00:00" duration="28800">
      <short_event_descriptor lang="alb" name="My Music Hits- 24 ore">Muzike.</short_event_descriptor>
      <extended_event_descriptor lang="alb">
        <text>Kenge dhe videoklipe te grupeve te ndryshme shqiptare dhe te huaja</text>
      </extended_event_descriptor>
    </event>
    <event id="2" start_time="2021-12-02 14:00:00" duration="28800">
      <short_event_descriptor lang="alb" name="My Music Hits- 24 ore">Muzike.</short_event_descriptor>
      <extended_event_descriptor lang="alb">
        <text>Kenge dhe videoklipe te grupeve te ndryshme shqiptare dhe te huaja</text>
      </extended_event_descriptor>
    </event>
    <event id="3" start_time="2021-12-02 22:00:00" duration="28800">
      <short_event_descriptor lang="alb" name="My Music Hits- 24 ore">Muzike.</short_event_descriptor>
      <extended_event_descriptor lang="alb">
        <text>Kenge dhe videoklipe te grupeve te ndryshme shqiptare dhe te huaja</text>
      </extended_event_descriptor>
    </event>
    <event id="4" start_time="2021-12-03 06:00:00" duration="28800">
      <short_event_descriptor lang="alb" name="My Music Hits- 24 ore">Muzike.</short_event_descriptor>
      <extended_event_descriptor lang="alb">
        <text>Kenge dhe videoklipe te grupeve te ndryshme shqiptare dhe te huaja</text>
      </extended_event_descriptor>
    </event>
    <event id="5" start_time="2021-12-03 14:00:00" duration="28800">
      <short_event_descriptor lang="alb" name="My Music Hits- 24 ore">Muzike.</short_event_descriptor>
      <extended_event_descriptor lang="alb">
        <text>Kenge dhe videoklipe te grupeve te ndryshme shqiptare dhe te huaja</text>
      </extended_event_descriptor>
    </event>
    <event id="6" start_time="2021-12-03 22:00:00" duration="28800">
      <short_event_descriptor lang="alb" name="My Music Hits- 24 ore">Muzike.</short_event_descriptor>
      <extended_event_descriptor lang="alb">
        <text>Kenge dhe videoklipe te grupeve te ndryshme shqiptare dhe te huaja</text>
      </extended_event_descriptor>
    </event>
    <event id="7" start_time="2021-12-04 06:00:00" duration="28800">
      <short_event_descriptor lang="alb" name="My Music Hits- 24 ore">Muzike.</short_event_descriptor>
      <extended_event_descriptor lang="alb">
        <text>Kenge dhe videoklipe te grupeve te ndryshme shqiptare dhe te huaja</text>
      </extended_event_descriptor>
    </event>
    <event id="8" start_time="2021-12-04 14:00:00" duration="28800">
      <short_event_descriptor lang="alb" name="My Music Hits- 24 ore">Muzike.</short_event_descriptor>
      <extended_event_descriptor lang="alb">
        <text>Kenge dhe videoklipe te grupeve te ndryshme shqiptare dhe te huaja</text>
      </extended_event_descriptor>
    </event>
    <event id="9" start_time="2021-12-04 22:00:00" duration="28800">
      <short_event_descriptor lang="alb" name="My Music Hits- 24 ore">Muzike.</short_event_descriptor>
      <extended_event_descriptor lang="alb">
        <text>Kenge dhe videoklipe te grupeve te ndryshme shqiptare dhe te huaja</text>
      </extended_event_descriptor>
    </event>
    <event id="10" start_time="2021-12-05 06:00:00" duration="28800">
      <short_event_descriptor lang="alb" name="My Music Hits- 24 ore">Muzike.</short_event_descriptor>
      <extended_event_descriptor lang="alb">
        <text>Kenge dhe videoklipe te grupeve te ndryshme shqiptare dhe te huaja</text>
      </extended_event_descriptor>
    </event>
    <event id="11" start_time="2021-12-05 14:00:00" duration="28800">
      <short_event_descriptor lang="alb" name="My Music Hits- 24 ore">Muzike.</short_event_descriptor>
      <extended_event_descriptor lang="alb">
        <text>Kenge dhe videoklipe te grupeve te ndryshme shqiptare dhe te huaja</text>
      </extended_event_descriptor>
    </event>
    <event id="12" start_time="2021-12-05 22:00:00" duration="28800">
      <short_event_descriptor lang="alb" name="My Music Hits- 24 ore">Muzike.</short_event_descriptor>
      <extended_event_descriptor lang="alb">
        <text>Kenge dhe videoklipe te grupeve te ndryshme shqiptare dhe te huaja</text>
      </extended_event_descriptor>
    </event>
    <event id="13" start_time="2021-12-06 06:00:00" duration="28800">
      <short_event_descriptor lang="alb" name="My Music Hits- 24 ore">Muzike.</short_event_descriptor>
      <extended_event_descriptor lang="alb">
        <text>Kenge dhe videoklipe te grupeve te ndryshme shqiptare dhe te huaja</text>
      </extended_event_descriptor>
    </event>
    <event id="14" start_time="2021-12-06 14:00:00" duration="28800">
      <short_event_descriptor lang="alb" name="My Music Hits- 24 ore">Muzike.</short_event_descriptor>
      <extended_event_descriptor lang="alb">
        <text>Kenge dhe videoklipe te grupeve te ndryshme shqiptare dhe te huaja</text>
      </extended_event_descriptor>
    </event>
    <event id="15" start_time="2021-12-06 22:00:00" duration="28800">
      <short_event_descriptor lang="alb" name="My Music Hits- 24 ore">Muzike.</short_event_descriptor>
      <extended_event_descriptor lang="alb">
        <text>Kenge dhe videoklipe te grupeve te ndryshme shqiptare dhe te huaja</text>
      </extended_event_descriptor>
    </event>
    <event id="16" start_time="2021-12-07 06:00:00" duration="28800">
      <short_event_descriptor lang="alb" name="My Music Hits- 24 ore">Muzike</short_event_descriptor>
      <extended_event_descriptor lang="alb">
        <text>Kenge dhe videoklipe te grupeve te ndryshme shqiptare dhe te huaja.</text>
      </extended_event_descriptor>
    </event>
    <event id="17" start_time="2021-12-07 14:00:00" duration="28800">
      <short_event_descriptor lang="alb" name="My Music Hits- 24 ore">Muzike</short_event_descriptor>
      <extended_event_descriptor lang="alb">
        <text>Kenge dhe videoklipe te grupeve te ndryshme shqiptare dhe te huaja.</text>
      </extended_event_descriptor>
    </event>
    <event id="18" start_time="2021-12-07 22:00:00" duration="28800">
      <short_event_descriptor lang="alb" name="My Music Hits- 24 ore">Muzike</short_event_descriptor>
      <extended_event_descriptor lang="alb">
        <text>Kenge dhe videoklipe te grupeve te ndryshme shqiptare dhe te huaja.</text>
      </extended_event_descriptor>
    </event>
    <event id="19" start_time="2021-12-08 06:00:00" duration="28800">
      <short_event_descriptor lang="alb" name="My Music Hits- 24 ore">Muzike</short_event_descriptor>
      <extended_event_descriptor lang="alb">
        <text>Kenge dhe videoklipe te grupeve te ndryshme shqiptare dhe te huaja.</text>
      </extended_event_descriptor>
    </event>
    <event id="20" start_time="2021-12-08 14:00:00" duration="28800">
      <short_event_descriptor lang="alb" name="My Music Hits- 24 ore">Muzike</short_event_descriptor>
      <extended_event_descriptor lang="alb">
        <text>Kenge dhe videoklipe te grupeve te ndryshme shqiptare dhe te huaja.</text>
      </extended_event_descriptor>
    </event>
    <event id="21" start_time="2021-12-08 22:00:00" duration="28800">
      <short_event_descriptor lang="alb" name="My Music Hits- 24 ore">Muzike</short_event_descriptor>
      <extended_event_descriptor lang="alb">
        <text>Kenge dhe videoklipe te grupeve te ndryshme shqiptare dhe te huaja.</text>
      </extended_event_descriptor>
    </event>
    <event id="22" start_time="2021-12-09 06:00:00" duration="28800">
      <short_event_descriptor lang="alb" name="My Music Hits- 24 ore">Muzike</short_event_descriptor>
      <extended_event_descriptor lang="alb">
        <text>Kenge dhe videoklipe te grupeve te ndryshme shqiptare dhe te huaja.</text>
      </extended_event_descriptor>
    </event>
    <event id="23" start_time="2021-12-09 14:00:00" duration="28800">
      <short_event_descriptor lang="alb" name="My Music Hits- 24 ore">Muzike</short_event_descriptor>
      <extended_event_descriptor lang="alb">
        <text>Kenge dhe videoklipe te grupeve te ndryshme shqiptare dhe te huaja.</text>
      </extended_event_descriptor>
    </event>
    <event id="24" start_time="2021-12-09 22:00:00" duration="28800">
      <short_event_descriptor lang="alb" name="My Music Hits- 24 ore">Muzike</short_event_descriptor>
      <extended_event_descriptor lang="alb">
        <text>Kenge dhe videoklipe te grupeve te ndryshme shqiptare dhe te huaja.</text>
      </extended_event_descriptor>
    </event>
    <event id="25" start_time="2021-12-10 06:00:00" duration="28800">
      <short_event_descriptor lang="alb" name="My Music Hits- 24 ore">Muzike</short_event_descriptor>
      <extended_event_descriptor lang="alb">
        <text>Kenge dhe videoklipe te grupeve te ndryshme shqiptare dhe te huaja.</text>
      </extended_event_descriptor>
    </event>
    <event id="26" start_time="2021-12-10 14:00:00" duration="28800">
      <short_event_descriptor lang="alb" name="My Music Hits- 24 ore">Muzike</short_event_descriptor>
      <extended_event_descriptor lang="alb">
        <text>Kenge dhe videoklipe te grupeve te ndryshme shqiptare dhe te huaja.</text>
      </extended_event_descriptor>
    </event>
    <event id="27" start_time="2021-12-10 22:00:00" duration="28800">
      <short_event_descriptor lang="alb" name="My Music Hits- 24 ore">Muzike</short_event_descriptor>
      <extended_event_descriptor lang="alb">
        <text>Kenge dhe videoklipe te grupeve te ndryshme shqiptare dhe te huaja.</text>
      </extended_event_descriptor>
    </event>
    <event id="28" start_time="2021-12-11 06:00:00" duration="28800">
      <short_event_descriptor lang="alb" name="My Music Hits- 24 ore">Muzike</short_event_descriptor>
      <extended_event_descriptor lang="alb">
        <text>Kenge dhe videoklipe te grupeve te ndryshme shqiptare dhe te huaja.</text>
      </extended_event_descriptor>
    </event>
    <event id="29" start_time="2021-12-11 14:00:00" duration="28800">
      <short_event_descriptor lang="alb" name="My Music Hits- 24 ore">Muzike</short_event_descriptor>
      <extended_event_descriptor lang="alb">
        <text>Kenge dhe videoklipe te grupeve te ndryshme shqiptare dhe te huaja.</text>
      </extended_event_descriptor>
    </event>
    <event id="30" start_time="2021-12-11 22:00:00" duration="28800">
      <short_event_descriptor lang="alb" name="My Music Hits- 24 ore">Muzike</short_event_descriptor>
      <extended_event_descriptor lang="alb">
        <text>Kenge dhe videoklipe te grupeve te ndryshme shqiptare dhe te huaja.</text>
      </extended_event_descriptor>
    </event>
    <event id="31" start_time="2021-12-12 06:00:00" duration="28800">
      <short_event_descriptor lang="alb" name="My Music Hits- 24 ore">Muzike</short_event_descriptor>
      <extended_event_descriptor lang="alb">
        <text>Kenge dhe videoklipe te grupeve te ndryshme shqiptare dhe te huaja.</text>
      </extended_event_descriptor>
    </event>
    <event id="32" start_time="2021-12-12 14:00:00" duration="28800">
      <short_event_descriptor lang="alb" name="My Music Hits- 24 ore">Muzike</short_event_descriptor>
      <extended_event_descriptor lang="alb">
        <text>Kenge dhe videoklipe te grupeve te ndryshme shqiptare dhe te huaja.</text>
      </extended_event_descriptor>
    </event>
    <event id="33" start_time="2021-12-12 22:00:00" duration="28800">
      <short_event_descriptor lang="alb" name="My Music Hits- 24 ore">Muzike</short_event_descriptor>
      <extended_event_descriptor lang="alb">
        <text>Kenge dhe videoklipe te grupeve te ndryshme shqiptare dhe te huaja.</text>
      </extended_event_descriptor>
    </event>
    <event id="34" start_time="2021-12-13 06:00:00" duration="28800">
      <short_event_descriptor lang="alb" name="My Music Hits- 24 ore">Muzike</short_event_descriptor>
      <extended_event_descriptor lang="alb">
        <text>Kenge dhe videoklipe te grupeve te ndryshme shqiptare dhe te huaja.</text>
      </extended_event_descriptor>
    </event>
    <event id="35" start_time="2021-12-13 14:00:00" duration="28800">
      <short_event_descriptor lang="alb" name="My Music Hits- 24 ore">Muzike</short_event_descriptor>
      <extended_event_descriptor lang="alb">
        <text>Kenge dhe videoklipe te grupeve te ndryshme shqiptare dhe te huaja.</text>
      </extended_event_descriptor>
    </event>
    <event id="36" start_time="2021-12-13 22:00:00" duration="28800">
      <short_event_descriptor lang="alb" name="My Music Hits- 24 ore">Muzike</short_event_descriptor>
      <extended_event_descriptor lang="alb">
        <text>Kenge dhe videoklipe te grupeve te ndryshme shqiptare dhe te huaja.</text>
      </extended_event_descriptor>
    </event>
    <event id="37" start_time="2021-12-14 06:00:00" duration="28800">
      <short_event_descriptor lang="alb" name="My Music Hits- 24 ore">Muzike.</short_event_descriptor>
      <extended_event_descriptor lang="alb">
        <text>Kenge dhe videoklipe te grupeve te ndryshme shqiptare dhe te huaja</text>
      </extended_event_descriptor>
    </event>
    <event id="38" start_time="2021-12-14 14:00:00" duration="28800">
      <short_event_descriptor lang="alb" name="My Music Hits- 24 ore">Muzike.</short_event_descriptor>
      <extended_event_descriptor lang="alb">
        <text>Kenge dhe videoklipe te grupeve te ndryshme shqiptare dhe te huaja</text>
      </extended_event_descriptor>
    </event>
    <event id="39" start_time="2021-12-14 22:00:00" duration="28800">
      <short_event_descriptor lang="alb" name="My Music Hits- 24 ore">Muzike.</short_event_descriptor>
      <extended_event_descriptor lang="alb">
        <text>Kenge dhe videoklipe te grupeve te ndryshme shqiptare dhe te huaja</text>
      </extended_event_descriptor>
    </event>
    <event id="40" start_time="2021-12-15 06:00:00" duration="28800">
      <short_event_descriptor lang="alb" name="My Music Hits- 24 ore">Muzike.</short_event_descriptor>
      <extended_event_descriptor lang="alb">
        <text>Kenge dhe videoklipe te grupeve te ndryshme shqiptare dhe te huaja</text>
      </extended_event_descriptor>
    </event>
    <event id="41" start_time="2021-12-15 14:00:00" duration="28800">
      <short_event_descriptor lang="alb" name="My Music Hits- 24 ore">Muzike.</short_event_descriptor>
      <extended_event_descriptor lang="alb">
        <text>Kenge dhe videoklipe te grupeve te ndryshme shqiptare dhe te huaja</text>
      </extended_event_descriptor>
    </event>
    <event id="42" start_time="2021-12-15 22:00:00" duration="28800">
      <short_event_descriptor lang="alb" name="My Music Hits- 24 ore">Muzike.</short_event_descriptor>
      <extended_event_descriptor lang="alb">
        <text>Kenge dhe videoklipe te grupeve te ndryshme shqiptare dhe te huaja</text>
      </extended_event_descriptor>
    </event>
    <event id="43" start_time="2021-12-16 06:00:00" duration="28800">
      <short_event_descriptor lang="alb" name="My Music Hits- 24 ore">Muzike.</short_event_descriptor>
      <extended_event_descriptor lang="alb">
        <text>Kenge dhe videoklipe te grupeve te ndryshme shqiptare dhe te huaja</text>
      </extended_event_descriptor>
    </event>
    <event id="44" start_time="2021-12-16 14:00:00" duration="28800">
      <short_event_descriptor lang="alb" name="My Music Hits- 24 ore">Muzike.</short_event_descriptor>
      <extended_event_descriptor lang="alb">
        <text>Kenge dhe videoklipe te grupeve te ndryshme shqiptare dhe te huaja</text>
      </extended_event_descriptor>
    </event>
    <event id="45" start_time="2021-12-16 22:00:00" duration="28800">
      <short_event_descriptor lang="alb" name="My Music Hits- 24 ore">Muzike.</short_event_descriptor>
      <extended_event_descriptor lang="alb">
        <text>Kenge dhe videoklipe te grupeve te ndryshme shqiptare dhe te huaja</text>
      </extended_event_descriptor>
    </event>
    <event id="46" start_time="2021-12-17 06:00:00" duration="28800">
      <short_event_descriptor lang="alb" name="My Music Hits- 24 ore">Muzike.</short_event_descriptor>
      <extended_event_descriptor lang="alb">
        <text>Kenge dhe videoklipe te grupeve te ndryshme shqiptare dhe te huaja</text>
      </extended_event_descriptor>
    </event>
    <event id="47" start_time="2021-12-17 14:00:00" duration="28800">
      <short_event_descriptor lang="alb" name="My Music Hits- 24 ore">Muzike.</short_event_descriptor>
      <extended_event_descriptor lang="alb">
        <text>Kenge dhe videoklipe te grupeve te ndryshme shqiptare dhe te huaja</text>
      </extended_event_descriptor>
    </event>
    <event id="48" start_time="2021-12-17 22:00:00" duration="28800">
      <short_event_descriptor lang="alb" name="My Music Hits- 24 ore">Muzike.</short_event_descriptor>
      <extended_event_descriptor lang="alb">
        <text>Kenge dhe videoklipe te grupeve te ndryshme shqiptare dhe te huaja</text>
      </extended_event_descriptor>
    </event>
    <event id="49" start_time="2021-12-18 06:00:00" duration="28800">
      <short_event_descriptor lang="alb" name="My Music Hits- 24 ore">Muzike.</short_event_descriptor>
      <extended_event_descriptor lang="alb">
        <text>Kenge dhe videoklipe te grupeve te ndryshme shqiptare dhe te huaja</text>
      </extended_event_descriptor>
    </event>
    <event id="50" start_time="2021-12-18 14:00:00" duration="28800">
      <short_event_descriptor lang="alb" name="My Music Hits- 24 ore">Muzike.</short_event_descriptor>
      <extended_event_descriptor lang="alb">
        <text>Kenge dhe videoklipe te grupeve te ndryshme shqiptare dhe te huaja</text>
      </extended_event_descriptor>
    </event>
    <event id="51" start_time="2021-12-18 22:00:00" duration="28800">
      <short_event_descriptor lang="alb" name="My Music Hits- 24 ore">Muzike.</short_event_descriptor>
      <extended_event_descriptor lang="alb">
        <text>Kenge dhe videoklipe te grupeve te ndryshme shqiptare dhe te huaja</text>
      </extended_event_descriptor>
    </event>
    <event id="52" start_time="2021-12-19 06:00:00" duration="28800">
      <short_event_descriptor lang="alb" name="My Music Hits- 24 ore">Muzike.</short_event_descriptor>
      <extended_event_descriptor lang="alb">
        <text>Kenge dhe videoklipe te grupeve te ndryshme shqiptare dhe te huaja</text>
      </extended_event_descriptor>
    </event>
    <event id="53" start_time="2021-12-19 14:00:00" duration="28800">
      <short_event_descriptor lang="alb" name="My Music Hits- 24 ore">Muzike.</short_event_descriptor>
      <extended_event_descriptor lang="alb">
        <text>Kenge dhe videoklipe te grupeve te ndryshme shqiptare dhe te huaja</text>
      </extended_event_descriptor>
    </event>
    <event id="54" start_time="2021-12-19 22:00:00" duration="28800">
      <short_event_descriptor lang="alb" name="My Music Hits- 24 ore">Muzike.</short_event_descriptor>
      <extended_event_descriptor lang="alb">
        <text>Kenge dhe videoklipe te grupeve te ndryshme shqiptare dhe te huaja</text>
      </extended_event_descriptor>
    </event>
    <event id="55" start_time="2021-12-20 06:00:00" duration="28800">
      <short_event_descriptor lang="alb" name="My Music Hits- 24 ore">Muzike.</short_event_descriptor>
      <extended_event_descriptor lang="alb">
        <text>Kenge dhe videoklipe te grupeve te ndryshme shqiptare dhe te huaja</text>
      </extended_event_descriptor>
    </event>
    <event id="56" start_time="2021-12-20 14:00:00" duration="28800">
      <short_event_descriptor lang="alb" name="My Music Hits- 24 ore">Muzike.</short_event_descriptor>
      <extended_event_descriptor lang="alb">
        <text>Kenge dhe videoklipe te grupeve te ndryshme shqiptare dhe te huaja</text>
      </extended_event_descriptor>
    </event>
    <event id="57" start_time="2021-12-20 22:00:00" duration="28800">
      <short_event_descriptor lang="alb" name="My Music Hits- 24 ore">Muzike.</short_event_descriptor>
      <extended_event_descriptor lang="alb">
        <text>Kenge dhe videoklipe te grupeve te ndryshme shqiptare dhe te huaja</text>
      </extended_event_descriptor>
    </event>
    <event id="58" start_time="2021-12-21 06:00:00" duration="28800">
      <short_event_descriptor lang="alb" name="My Music Hits- 24 ore">Muzike.</short_event_descriptor>
      <extended_event_descriptor lang="alb">
        <text>Kenge dhe videoklipe te grupeve te ndryshme shqiptare dhe te huaja</text>
      </extended_event_descriptor>
    </event>
    <event id="59" start_time="2021-12-21 14:00:00" duration="28800">
      <short_event_descriptor lang="alb" name="My Music Hits- 24 ore">Muzike.</short_event_descriptor>
      <extended_event_descriptor lang="alb">
        <text>Kenge dhe videoklipe te grupeve te ndryshme shqiptare dhe te huaja</text>
      </extended_event_descriptor>
    </event>
    <event id="60" start_time="2021-12-21 22:00:00" duration="28800">
      <short_event_descriptor lang="alb" name="My Music Hits- 24 ore">Muzike.</short_event_descriptor>
      <extended_event_descriptor lang="alb">
        <text>Kenge dhe videoklipe te grupeve te ndryshme shqiptare dhe te huaja</text>
      </extended_event_descriptor>
    </event>
    <event id="61" start_time="2021-12-22 06:00:00" duration="28800">
      <short_event_descriptor lang="alb" name="My Music Hits- 24 ore">Muzike.</short_event_descriptor>
      <extended_event_descriptor lang="alb">
        <text>Kenge dhe videoklipe te grupeve te ndryshme shqiptare dhe te huaja</text>
      </extended_event_descriptor>
    </event>
    <event id="62" start_time="2021-12-22 14:00:00" duration="28800">
      <short_event_descriptor lang="alb" name="My Music Hits- 24 ore">Muzike.</short_event_descriptor>
      <extended_event_descriptor lang="alb">
        <text>Kenge dhe videoklipe te grupeve te ndryshme shqiptare dhe te huaja</text>
      </extended_event_descriptor>
    </event>
    <event id="63" start_time="2021-12-22 22:00:00" duration="28800">
      <short_event_descriptor lang="alb" name="My Music Hits- 24 ore">Muzike.</short_event_descriptor>
      <extended_event_descriptor lang="alb">
        <text>Kenge dhe videoklipe te grupeve te ndryshme shqiptare dhe te huaja</text>
      </extended_event_descriptor>
    </event>
    <event id="64" start_time="2021-12-23 06:00:00" duration="28800">
      <short_event_descriptor lang="alb" name="My Music Hits- 24 ore">Muzike.</short_event_descriptor>
      <extended_event_descriptor lang="alb">
        <text>Kenge dhe videoklipe te grupeve te ndryshme shqiptare dhe te huaja</text>
      </extended_event_descriptor>
    </event>
    <event id="65" start_time="2021-12-23 14:00:00" duration="28800">
      <short_event_descriptor lang="alb" name="My Music Hits- 24 ore">Muzike.</short_event_descriptor>
      <extended_event_descriptor lang="alb">
        <text>Kenge dhe videoklipe te grupeve te ndryshme shqiptare dhe te huaja</text>
      </extended_event_descriptor>
    </event>
    <event id="66" start_time="2021-12-23 22:00:00" duration="28800">
      <short_event_descriptor lang="alb" name="My Music Hits- 24 ore">Muzike.</short_event_descriptor>
      <extended_event_descriptor lang="alb">
        <text>Kenge dhe videoklipe te grupeve te ndryshme shqiptare dhe te huaja</text>
      </extended_event_descriptor>
    </event>
    <event id="67" start_time="2021-12-24 06:00:00" duration="28800">
      <short_event_descriptor lang="alb" name="My Music Hits- 24 ore">Muzike.</short_event_descriptor>
      <extended_event_descriptor lang="alb">
        <text>Kenge dhe videoklipe te grupeve te ndryshme shqiptare dhe te huaja</text>
      </extended_event_descriptor>
    </event>
    <event id="68" start_time="2021-12-24 14:00:00" duration="28800">
      <short_event_descriptor lang="alb" name="My Music Hits- 24 ore">Muzike.</short_event_descriptor>
      <extended_event_descriptor lang="alb">
        <text>Kenge dhe videoklipe te grupeve te ndryshme shqiptare dhe te huaja</text>
      </extended_event_descriptor>
    </event>
    <event id="69" start_time="2021-12-24 22:00:00" duration="28800">
      <short_event_descriptor lang="alb" name="My Music Hits- 24 ore">Muzike.</short_event_descriptor>
      <extended_event_descriptor lang="alb">
        <text>Kenge dhe videoklipe te grupeve te ndryshme shqiptare dhe te huaja</text>
      </extended_event_descriptor>
    </event>
    <event id="70" start_time="2021-12-25 06:00:00" duration="28800">
      <short_event_descriptor lang="alb" name="My Music Hits- 24 ore">Muzike.</short_event_descriptor>
      <extended_event_descriptor lang="alb">
        <text>Kenge dhe videoklipe te grupeve te ndryshme shqiptare dhe te huaja</text>
      </extended_event_descriptor>
    </event>
    <event id="71" start_time="2021-12-25 14:00:00" duration="28800">
      <short_event_descriptor lang="alb" name="My Music Hits- 24 ore">Muzike.</short_event_descriptor>
      <extended_event_descriptor lang="alb">
        <text>Kenge dhe videoklipe te grupeve te ndryshme shqiptare dhe te huaja</text>
      </extended_event_descriptor>
    </event>
    <event id="72" start_time="2021-12-25 22:00:00" duration="28800">
      <short_event_descriptor lang="alb" name="My Music Hits- 24 ore">Muzike.</short_event_descriptor>
      <extended_event_descriptor lang="alb">
        <text>Kenge dhe videoklipe te grupeve te ndryshme shqiptare dhe te huaja</text>
      </extended_event_descriptor>
    </event>
    <event id="73" start_time="2021-12-26 06:00:00" duration="28800">
      <short_event_descriptor lang="alb" name="My Music Hits- 24 ore">Muzike.</short_event_descriptor>
      <extended_event_descriptor lang="alb">
        <text>Kenge dhe videoklipe te grupeve te ndryshme shqiptare dhe te huaja</text>
      </extended_event_descriptor>
    </event>
    <event id="74" start_time="2021-12-26 14:00:00" duration="28800">
      <short_event_descriptor lang="alb" name="My Music Hits- 24 ore">Muzike.</short_event_descriptor>
      <extended_event_descriptor lang="alb">
        <text>Kenge dhe videoklipe te grupeve te ndryshme shqiptare dhe te huaja</text>
      </extended_event_descriptor>
    </event>
    <event id="75" start_time="2021-12-26 22:00:00" duration="28800">
      <short_event_descriptor lang="alb" name="My Music Hits- 24 ore">Muzike.</short_event_descriptor>
      <extended_event_descriptor lang="alb">
        <text>Kenge dhe videoklipe te grupeve te ndryshme shqiptare dhe te huaja</text>
      </extended_event_descriptor>
    </event>
    <event id="76" start_time="2021-12-27 06:00:00" duration="28800">
      <short_event_descriptor lang="alb" name="My Music Hits- 24 ore">Muzike.</short_event_descriptor>
      <extended_event_descriptor lang="alb">
        <text>Kenge dhe videoklipe te grupeve te ndryshme shqiptare dhe te huaja</text>
      </extended_event_descriptor>
    </event>
    <event id="77" start_time="2021-12-27 14:00:00" duration="28800">
      <short_event_descriptor lang="alb" name="My Music Hits- 24 ore">Muzike.</short_event_descriptor>
      <extended_event_descriptor lang="alb">
        <text>Kenge dhe videoklipe te grupeve te ndryshme shqiptare dhe te huaja</text>
      </extended_event_descriptor>
    </event>
    <event id="78" start_time="2021-12-27 22:00:00" duration="28800">
      <short_event_descriptor lang="alb" name="My Music Hits- 24 ore">Muzike.</short_event_descriptor>
      <extended_event_descriptor lang="alb">
        <text>Kenge dhe videoklipe te grupeve te ndryshme shqiptare dhe te huaja</text>
      </extended_event_descriptor>
    </event>
  </channel>
</WIDECAST_DVB>