<?xml version="1.0" encoding="ISO-8859-1"?>
<WIDECAST_DVB>
  <channel name="Nat Geo HD">
    <event id="0" start_time="2021-12-09 11:00:00" duration="3600">
      <short_event_descriptor lang="alb" name="Live Free Or Die 1">Documentary</short_event_descriptor>
      <extended_event_descriptor lang="alb">
        <text>In the midst of enduring winter, finding food becomes a priority as resources dwindle, leaving some desperate for their next meal.
</text>
      </extended_event_descriptor>
    </event>
    <event id="1" start_time="2021-12-09 12:00:00" duration="3600">
      <short_event_descriptor lang="alb" name="Air Crash Investigation">Documentary</short_event_descriptor>
      <extended_event_descriptor lang="alb">
        <text>Flying is one of the safest forms of transport. But what happens when tragedy strikes? 
Follow experts as they determine what went wrong and work out how to prevent these horrific tragedies from happening again... 

</text>
      </extended_event_descriptor>
    </event>
    <event id="2" start_time="2021-12-09 13:00:00" duration="3600">
      <short_event_descriptor lang="alb" name="To Catch A Smuggler">Documentary</short_event_descriptor>
      <extended_event_descriptor lang="alb">
        <text>MIA CBP investigates a traveler suspected of smuggling drugs internally. JFK HSI conduct a controlled delivery of ecstasy in Manhattan on Wall street.
</text>
      </extended_event_descriptor>
    </event>
    <event id="3" start_time="2021-12-09 14:00:00" duration="3600">
      <short_event_descriptor lang="alb" name="Food Factory">Documentary</short_event_descriptor>
      <extended_event_descriptor lang="alb">
        <text>Discover how creamy cheesesake, melt-in-your-mouth perogies, top-notch ice cream sandwiches, and the freshest marmalade get to the masses. From raw materials to finished products, Food Factory reveals the wonders of how food is really made.
</text>
      </extended_event_descriptor>
    </event>
    <event id="4" start_time="2021-12-09 15:00:00" duration="3600">
      <short_event_descriptor lang="alb" name="Car Sos 7">Documentary</short_event_descriptor>
      <extended_event_descriptor lang="alb">
        <text>Tim and Fuzz take on 63 year old Kel's 1962 Triumph TR4. His planned restoration sadly ground to a halt when a brutal stroke robbed him of most of his vision.
</text>
      </extended_event_descriptor>
    </event>
    <event id="5" start_time="2021-12-09 16:00:00" duration="3600">
      <short_event_descriptor lang="alb" name="Science of Stupid">Documentary</short_event_descriptor>
      <extended_event_descriptor lang="alb">
        <text>The Science of Stupid is the show that combines cold hard science with some of the craziest, most spectacular and painful user generated clips ever recorded. </text>
      </extended_event_descriptor>
    </event>
    <event id="6" start_time="2021-12-09 17:00:00" duration="3600">
      <short_event_descriptor lang="alb" name="Megafactories">Documentary</short_event_descriptor>
      <extended_event_descriptor lang="alb">
        <text>There are cars - and then there are supercars. Supercars takes a rare look behind-the-scenes at some of the planet's most exclusive factories, where artistry and engineering combine to make the meanest megacars on the road</text>
      </extended_event_descriptor>
    </event>
    <event id="7" start_time="2021-12-09 18:00:00" duration="3600">
      <short_event_descriptor lang="alb" name="Food Factory">Documentary</short_event_descriptor>
      <extended_event_descriptor lang="alb">
        <text>Discover how creamy cheesesake, melt-in-your-mouth perogies, top-notch ice cream sandwiches, and the freshest marmalade get to the masses. From raw materials to finished products, Food Factory reveals the wonders of how food is really made.
</text>
      </extended_event_descriptor>
    </event>
    <event id="8" start_time="2021-12-09 19:00:00" duration="3600">
      <short_event_descriptor lang="alb" name="Japan From Above Compilation">Documentary</short_event_descriptor>
      <extended_event_descriptor lang="alb">
        <text />
      </extended_event_descriptor>
    </event>
    <event id="9" start_time="2021-12-09 20:00:00" duration="3600">
      <short_event_descriptor lang="alb" name="Drain The Oceans 4">Documentary</short_event_descriptor>
      <extended_event_descriptor lang="alb">
        <text>Atomic explosions on ships at sea. The USA's largest thermonuclear bomb. A new survey using extraordinary CGI explores the dawn of the Nuclear Age.
</text>
      </extended_event_descriptor>
    </event>
    <event id="10" start_time="2021-12-09 21:00:00" duration="3600">
      <short_event_descriptor lang="alb" name="Ocean Wreck Investigation">Documentary</short_event_descriptor>
      <extended_event_descriptor lang="alb">
        <text>Series following the investigations of underwater archaeologists as they investigate and examine various sunken ships and submarines</text>
      </extended_event_descriptor>
    </event>
    <event id="11" start_time="2021-12-09 22:00:00" duration="3600">
      <short_event_descriptor lang="alb" name="Disasters Engineered 2">Documentary</short_event_descriptor>
      <extended_event_descriptor lang="alb">
        <text>Our quest to conquer the skies led to some great achievements. But engineering errors and human mistakes have caused tragic disasters along the way.
</text>
      </extended_event_descriptor>
    </event>
    <event id="12" start_time="2021-12-09 23:00:00" duration="6600">
      <short_event_descriptor lang="alb" name="Banged up abroad">Documentary</short_event_descriptor>
      <extended_event_descriptor lang="alb">
        <text>Tells the stories of people who, through naivety, stupidity or plain bad luck have been caught smuggling drugs or another illegal item they've been tricked into carrying through customs. </text>
      </extended_event_descriptor>
    </event>
    <event id="13" start_time="2021-12-10 00:50:00" duration="2700">
      <short_event_descriptor lang="alb" name="Disasters Engineered 2">Documentary</short_event_descriptor>
      <extended_event_descriptor lang="alb">
        <text>Our quest to conquer the skies led to some great achievements. But engineering errors and human mistakes have caused tragic disasters along the way.
</text>
      </extended_event_descriptor>
    </event>
    <event id="14" start_time="2021-12-10 01:35:00" duration="3000">
      <short_event_descriptor lang="alb" name="Car Sos 7">Documentary</short_event_descriptor>
      <extended_event_descriptor lang="alb">
        <text>Tim and Fuzz take on 63 year old Kel's 1962 Triumph TR4. His planned restoration sadly ground to a halt when a brutal stroke robbed him of most of his vision.
</text>
      </extended_event_descriptor>
    </event>
    <event id="15" start_time="2021-12-10 02:25:00" duration="2700">
      <short_event_descriptor lang="alb" name="Science of Stupid">Documentary</short_event_descriptor>
      <extended_event_descriptor lang="alb">
        <text>The Science of Stupid is the show that combines cold hard science with some of the craziest, most spectacular and painful user generated clips ever recorded. </text>
      </extended_event_descriptor>
    </event>
    <event id="16" start_time="2021-12-10 03:10:00" duration="2700">
      <short_event_descriptor lang="alb" name="Car Sos 7">Documentary</short_event_descriptor>
      <extended_event_descriptor lang="alb">
        <text>Tim and Fuzz take on 63 year old Kel's 1962 Triumph TR4. His planned restoration sadly ground to a halt when a brutal stroke robbed him of most of his vision.
</text>
      </extended_event_descriptor>
    </event>
    <event id="17" start_time="2021-12-10 03:55:00" duration="3900">
      <short_event_descriptor lang="alb" name="Science of Stupid">Documentary</short_event_descriptor>
      <extended_event_descriptor lang="alb">
        <text>The Science of Stupid is the show that combines cold hard science with some of the craziest, most spectacular and painful user generated clips ever recorded. </text>
      </extended_event_descriptor>
    </event>
    <event id="18" start_time="2021-12-10 05:00:00" duration="1200">
      <short_event_descriptor lang="alb" name="Decades Remixed">Documentary</short_event_descriptor>
      <extended_event_descriptor lang="alb">
        <text>We revisit the greatest moments from America's decade of decadence when everything went big.from shoulder pads to bank balances. Huge passion led to huge profit, and amidst an explosion of luxury brands and unbridled credit, we splashed the cash like</text>
      </extended_event_descriptor>
    </event>
    <event id="19" start_time="2021-12-10 05:20:00" duration="2700">
      <short_event_descriptor lang="alb" name="Street Genius">Documentary</short_event_descriptor>
      <extended_event_descriptor lang="alb">
        <text>Street Genius is apopscience/engineering "game show" that challenges the global public to pick the right outcome to incredible experiments. </text>
      </extended_event_descriptor>
    </event>
    <event id="20" start_time="2021-12-10 06:05:00" duration="6600">
      <short_event_descriptor lang="alb" name="Rise of The Machines 1">Documentary</short_event_descriptor>
      <extended_event_descriptor lang="alb">
        <text>Rise of the Machines uses CGI animations to 'explode apart' some of the world's most extreme machines to reveal the extraordinary engineering at the heart of their design.
</text>
      </extended_event_descriptor>
    </event>
    <event id="21" start_time="2021-12-10 07:55:00" duration="3300">
      <short_event_descriptor lang="alb" name="Lost Treasures of Egypt">Documentary-3</short_event_descriptor>
      <extended_event_descriptor lang="alb">
        <text>New technology reveals how Tutankhamun's resting place remained hidden for so long and an amazing new discovery in a 4000 year old tomb.
</text>
      </extended_event_descriptor>
    </event>
    <event id="22" start_time="2021-12-10 08:50:00" duration="3300">
      <short_event_descriptor lang="alb" name="Return To Zai Tun">Documentary</short_event_descriptor>
      <extended_event_descriptor lang="alb">
        <text>Quanzhou marked the end-point of the Maritime Silk Road. Goods, cultures and faiths melded here, and its fame spread as far as mediaeval Europe.
</text>
      </extended_event_descriptor>
    </event>
    <event id="23" start_time="2021-12-10 09:45:00" duration="1200">
      <short_event_descriptor lang="alb" name="Science of Stupid">Documentary</short_event_descriptor>
      <extended_event_descriptor lang="alb">
        <text>The Science of Stupid is the show that combines cold hard science with some of the craziest, most spectacular and painful user generated clips ever recorded. </text>
      </extended_event_descriptor>
    </event>
    <event id="24" start_time="2021-12-10 10:05:00" duration="3300">
      <short_event_descriptor lang="alb" name="Weather Gone Viral">Documentary</short_event_descriptor>
      <extended_event_descriptor lang="alb">
        <text>Rains that are almost biblical, heat waves that don't end, tornadoes that strike in savage swarms-there's been a change in the weather lately. What's going on?</text>
      </extended_event_descriptor>
    </event>
    <event id="25" start_time="2021-12-10 11:00:00" duration="3600">
      <short_event_descriptor lang="alb" name="Live Free Or Die 1">Documentary</short_event_descriptor>
      <extended_event_descriptor lang="alb">
        <text>In the midst of enduring winter, finding food becomes a priority as resources dwindle, leaving some desperate for their next meal.
</text>
      </extended_event_descriptor>
    </event>
    <event id="26" start_time="2021-12-10 12:00:00" duration="3600">
      <short_event_descriptor lang="alb" name="Air Crash Investigation">Documentary</short_event_descriptor>
      <extended_event_descriptor lang="alb">
        <text>Flying is one of the safest forms of transport. But what happens when tragedy strikes? 
Follow experts as they determine what went wrong and work out how to prevent these horrific tragedies from happening again... 

</text>
      </extended_event_descriptor>
    </event>
    <event id="27" start_time="2021-12-10 13:00:00" duration="3600">
      <short_event_descriptor lang="alb" name="To Catch A Smuggler">Documentary</short_event_descriptor>
      <extended_event_descriptor lang="alb">
        <text>MIA CBP investigates a traveler suspected of smuggling drugs internally. JFK HSI conduct a controlled delivery of ecstasy in Manhattan on Wall street.
</text>
      </extended_event_descriptor>
    </event>
    <event id="28" start_time="2021-12-10 14:00:00" duration="3600">
      <short_event_descriptor lang="alb" name="Food Factory">Documentary</short_event_descriptor>
      <extended_event_descriptor lang="alb">
        <text>Discover how creamy cheesesake, melt-in-your-mouth perogies, top-notch ice cream sandwiches, and the freshest marmalade get to the masses. From raw materials to finished products, Food Factory reveals the wonders of how food is really made.
</text>
      </extended_event_descriptor>
    </event>
    <event id="29" start_time="2021-12-10 15:00:00" duration="3900">
      <short_event_descriptor lang="alb" name="Car Sos 7">Documentary</short_event_descriptor>
      <extended_event_descriptor lang="alb">
        <text>Tim and Fuzz take on 63 year old Kel's 1962 Triumph TR4. His planned restoration sadly ground to a halt when a brutal stroke robbed him of most of his vision.
</text>
      </extended_event_descriptor>
    </event>
    <event id="30" start_time="2021-12-10 16:05:00" duration="3300">
      <short_event_descriptor lang="alb" name="Science of Stupid">Documentary</short_event_descriptor>
      <extended_event_descriptor lang="alb">
        <text>The Science of Stupid is the show that combines cold hard science with some of the craziest, most spectacular and painful user generated clips ever recorded. </text>
      </extended_event_descriptor>
    </event>
    <event id="31" start_time="2021-12-10 17:00:00" duration="3600">
      <short_event_descriptor lang="alb" name="Megafactories">Documentary</short_event_descriptor>
      <extended_event_descriptor lang="alb">
        <text>There are cars - and then there are supercars. Supercars takes a rare look behind-the-scenes at some of the planet's most exclusive factories, where artistry and engineering combine to make the meanest megacars on the road</text>
      </extended_event_descriptor>
    </event>
    <event id="32" start_time="2021-12-10 18:00:00" duration="3600">
      <short_event_descriptor lang="alb" name="Food Factory">Documentary</short_event_descriptor>
      <extended_event_descriptor lang="alb">
        <text>Discover how creamy cheesesake, melt-in-your-mouth perogies, top-notch ice cream sandwiches, and the freshest marmalade get to the masses. From raw materials to finished products, Food Factory reveals the wonders of how food is really made.
</text>
      </extended_event_descriptor>
    </event>
    <event id="33" start_time="2021-12-10 19:00:00" duration="3600">
      <short_event_descriptor lang="alb" name="Japan From Above Compilation">Documentary</short_event_descriptor>
      <extended_event_descriptor lang="alb">
        <text />
      </extended_event_descriptor>
    </event>
    <event id="34" start_time="2021-12-10 20:00:00" duration="3600">
      <short_event_descriptor lang="alb" name="Megastructures: BelugaXL">MTV Live</short_event_descriptor>
      <extended_event_descriptor lang="alb">
        <text>Retracing the construction phases of the incredible Airbus whaling cargo plane, BelugaXL. It was designed to speed up the transport of aircraft parts built across Europe to Toulouse, where assembly plants are located.
</text>
      </extended_event_descriptor>
    </event>
    <event id="35" start_time="2021-12-10 21:00:00" duration="3600">
      <short_event_descriptor lang="alb" name="Abandoned Engineering 5">Documentary</short_event_descriptor>
      <extended_event_descriptor lang="alb">
        <text>Eerily familiar ruins amidst shifting desert sands, legendary film sets with surprising pasts, and real locations that inspired Hollywood.  Within these decaying structures are the echoes of history; each haunted shell with its own unique story.
</text>
      </extended_event_descriptor>
    </event>
    <event id="36" start_time="2021-12-10 22:00:00" duration="3600">
      <short_event_descriptor lang="alb" name="Exceptional Engineering 2">Documentary</short_event_descriptor>
      <extended_event_descriptor lang="alb">
        <text>Exceptional Engineering takes a look behind the scenes of the construction process of the world's most innovative vehicles. From the world's biggest cranes to the most modern airplane. From the largest motorbike factory and production site of the wor</text>
      </extended_event_descriptor>
    </event>
    <event id="37" start_time="2021-12-10 23:00:00" duration="6600">
      <short_event_descriptor lang="alb" name="Banged up abroad">Documentary</short_event_descriptor>
      <extended_event_descriptor lang="alb">
        <text>Tells the stories of people who, through naivety, stupidity or plain bad luck have been caught smuggling drugs or another illegal item they've been tricked into carrying through customs. </text>
      </extended_event_descriptor>
    </event>
    <event id="38" start_time="2021-12-11 00:50:00" duration="2700">
      <short_event_descriptor lang="alb" name="Megastructures: BelugaXL">MTV Live</short_event_descriptor>
      <extended_event_descriptor lang="alb">
        <text>Retracing the construction phases of the incredible Airbus whaling cargo plane, BelugaXL. It was designed to speed up the transport of aircraft parts built across Europe to Toulouse, where assembly plants are located.
</text>
      </extended_event_descriptor>
    </event>
    <event id="39" start_time="2021-12-11 01:35:00" duration="3000">
      <short_event_descriptor lang="alb" name="Car Sos ">Documentary</short_event_descriptor>
      <extended_event_descriptor lang="alb">
        <text>The comedy duo have their work-cut out as they embark on more undercover missions rescuing classic cars and returning them in a surprise reveal to their much deserving owners. 
</text>
      </extended_event_descriptor>
    </event>
    <event id="40" start_time="2021-12-11 02:25:00" duration="3000">
      <short_event_descriptor lang="alb" name="Science of Stupid">Documentary</short_event_descriptor>
      <extended_event_descriptor lang="alb">
        <text>The Science of Stupid is the show that combines cold hard science with some of the craziest, most spectacular and painful user generated clips ever recorded. </text>
      </extended_event_descriptor>
    </event>
    <event id="41" start_time="2021-12-11 03:15:00" duration="3600">
      <short_event_descriptor lang="alb" name="Car Sos 7">Documentary</short_event_descriptor>
      <extended_event_descriptor lang="alb">
        <text>Tim and Fuzz take on 63 year old Kel's 1962 Triumph TR4. His planned restoration sadly ground to a halt when a brutal stroke robbed him of most of his vision.
</text>
      </extended_event_descriptor>
    </event>
    <event id="42" start_time="2021-12-11 04:15:00" duration="2700">
      <short_event_descriptor lang="alb" name="Made In A Day 1">Documentary</short_event_descriptor>
      <extended_event_descriptor lang="alb">
        <text>New Balance reveal how high-tech machinery, hand crafting skills and global logistics combine to bring their best-selling sneaker to feet, the world over.
</text>
      </extended_event_descriptor>
    </event>
    <event id="43" start_time="2021-12-11 05:00:00" duration="1200">
      <short_event_descriptor lang="alb" name="Decades Remixed">Documentary</short_event_descriptor>
      <extended_event_descriptor lang="alb">
        <text>We revisit the greatest moments from America's decade of decadence when everything went big.from shoulder pads to bank balances. Huge passion led to huge profit, and amidst an explosion of luxury brands and unbridled credit, we splashed the cash like</text>
      </extended_event_descriptor>
    </event>
    <event id="44" start_time="2021-12-11 05:20:00" duration="2700">
      <short_event_descriptor lang="alb" name="Construction Zone 1">Documentary</short_event_descriptor>
      <extended_event_descriptor lang="alb">
        <text>The Akashi Kaikyo Bridge is a third longer than any other suspension bridge ever built. It's also the tallest and the most expensive, and built in a very treacherous place. It's been trouble-free for six years, but will it last?
</text>
      </extended_event_descriptor>
    </event>
    <event id="45" start_time="2021-12-11 06:05:00" duration="6600">
      <short_event_descriptor lang="alb" name="Air Crash Investigation Specia">Documentary</short_event_descriptor>
      <extended_event_descriptor lang="alb">
        <text>This three-part series of special reports sets out to investigate some of the most devastating accidents in aviation history and examine what consequences they had for the industry.
</text>
      </extended_event_descriptor>
    </event>
    <event id="46" start_time="2021-12-11 07:55:00" duration="3300">
      <short_event_descriptor lang="alb" name="Airport Security (Peru &amp; Brazi">Documentary</short_event_descriptor>
      <extended_event_descriptor lang="alb">
        <text>When agents at Jorge Chavez International Airport detain a man with drugs in his suitcase, he breaks down when speaking with his mother. Meanwhile, a woman may be carrying cocaine-contaminated olives.
</text>
      </extended_event_descriptor>
    </event>
    <event id="47" start_time="2021-12-11 08:50:00" duration="3300">
      <short_event_descriptor lang="alb" name="Banged up abroad">Documentary</short_event_descriptor>
      <extended_event_descriptor lang="alb">
        <text>Tells the stories of people who, through naivety, stupidity or plain bad luck have been caught smuggling drugs or another illegal item they've been tricked into carrying through customs. </text>
      </extended_event_descriptor>
    </event>
    <event id="48" start_time="2021-12-11 09:45:00" duration="1500">
      <short_event_descriptor lang="alb" name="Construction Zone 1">Documentary</short_event_descriptor>
      <extended_event_descriptor lang="alb">
        <text>The Akashi Kaikyo Bridge is a third longer than any other suspension bridge ever built. It's also the tallest and the most expensive, and built in a very treacherous place. It's been trouble-free for six years, but will it last?
</text>
      </extended_event_descriptor>
    </event>
    <event id="49" start_time="2021-12-11 10:10:00" duration="3000">
      <short_event_descriptor lang="alb" name="New York super airport">Documentary</short_event_descriptor>
      <extended_event_descriptor lang="alb">
        <text />
      </extended_event_descriptor>
    </event>
    <event id="50" start_time="2021-12-11 11:00:00" duration="7200">
      <short_event_descriptor lang="alb" name="Inside Incredible Machines 1">Documentary</short_event_descriptor>
      <extended_event_descriptor lang="alb">
        <text>The C5 Galaxy was the biggest cargo plane ever. With the ability to carry more cargo further than any other plane and to land anywhere, the C-5 has been a crucial part of the US Military's arsenal.
</text>
      </extended_event_descriptor>
    </event>
    <event id="51" start_time="2021-12-11 13:00:00" duration="7200">
      <short_event_descriptor lang="alb" name="Nazi Megastructures">Documentary</short_event_descriptor>
      <extended_event_descriptor lang="alb">
        <text>As America closes in on Japan in 1944, the Japanese turn to desperate new tactics: killer planes and super torpedoes guided by human pilots. </text>
      </extended_event_descriptor>
    </event>
    <event id="52" start_time="2021-12-11 15:00:00" duration="7200">
      <short_event_descriptor lang="alb" name="Drain the Oceans">Documentary</short_event_descriptor>
      <extended_event_descriptor lang="alb">
        <text>By scanning the locations at the bottom of the ocean where sunken ships, treasures and even cities lie, the show tries to answer what they look like, how they got there and if they hide any secrets. </text>
      </extended_event_descriptor>
    </event>
    <event id="53" start_time="2021-12-11 17:00:00" duration="7200">
      <short_event_descriptor lang="alb" name="Egypt With The World's Greates">Documentary</short_event_descriptor>
      <extended_event_descriptor lang="alb">
        <text>Sir Ranulph Fiennes, is returning to the scene of one of his earliest feats - his 1968 hovercraft expedition on the River Nile. As the 50th anniversary of that quest approaches he's ready for new adventures, fresh surprises and a novel challenge</text>
      </extended_event_descriptor>
    </event>
    <event id="54" start_time="2021-12-11 19:00:00" duration="7200">
      <short_event_descriptor lang="alb" name="Riddle of The Stone Age Giants">Documentary</short_event_descriptor>
      <extended_event_descriptor lang="alb">
        <text>Now, newly-discovered skull carvings reveal even more about how and why civilized societies developed</text>
      </extended_event_descriptor>
    </event>
    <event id="55" start_time="2021-12-11 21:00:00" duration="3600">
      <short_event_descriptor lang="alb" name="Lost Treasures of Egypt">Documentary-3</short_event_descriptor>
      <extended_event_descriptor lang="alb">
        <text>New technology reveals how Tutankhamun's resting place remained hidden for so long and an amazing new discovery in a 4000 year old tomb.
</text>
      </extended_event_descriptor>
    </event>
    <event id="56" start_time="2021-12-11 22:00:00" duration="3600">
      <short_event_descriptor lang="alb" name="Greatest Treasures of the Anci">Documentary</short_event_descriptor>
      <extended_event_descriptor lang="alb">
        <text>Professor Bettany Hughes travels from the Nile Delta to the shores of Lake Nasser to the many secrets of ancient Egypt, including the story of Egypt's final female pharaoh - Cleopatra.
</text>
      </extended_event_descriptor>
    </event>
    <event id="57" start_time="2021-12-11 23:00:00" duration="3300">
      <short_event_descriptor lang="alb" name="Atlas of Cursed Places 1">Documentary.</short_event_descriptor>
      <extended_event_descriptor lang="alb">
        <text>Sam investigates the curse of Vlad Tepes, a 15th century eastern European ruler whose curse upon his Romanian homeland has lasted for six centuries.
</text>
      </extended_event_descriptor>
    </event>
    <event id="58" start_time="2021-12-11 23:55:00" duration="6000">
      <short_event_descriptor lang="alb" name="Uncensored with Michael Ware 1">Documentary</short_event_descriptor>
      <extended_event_descriptor lang="alb">
        <text>In embattled rebel-held eastern Ukraine, Michael embeds himself with The Night Wolves: a Kremlin-backed biker gang who have a direct line to Putin and a penchant for pyrotechnics. Michael learns about The Night Wolves' mission on the frontline and se</text>
      </extended_event_descriptor>
    </event>
    <event id="59" start_time="2021-12-12 01:35:00" duration="3000">
      <short_event_descriptor lang="alb" name="Car S.O.S. Special: 7 Day Chal">Documentary</short_event_descriptor>
      <extended_event_descriptor lang="alb">
        <text>Tim and Fuzz race to restore a 1959 Land Rover in just 7 days in the final studio special, celebrating 7 years of Car SOS. Will the car be ready for 80-year-old Brian?
</text>
      </extended_event_descriptor>
    </event>
    <event id="60" start_time="2021-12-12 02:25:00" duration="3000">
      <short_event_descriptor lang="alb" name="Science of Stupid">Documentary</short_event_descriptor>
      <extended_event_descriptor lang="alb">
        <text>The Science of Stupid is the show that combines cold hard science with some of the craziest, most spectacular and painful user generated clips ever recorded. </text>
      </extended_event_descriptor>
    </event>
    <event id="61" start_time="2021-12-12 03:15:00" duration="2400">
      <short_event_descriptor lang="alb" name="Car Sos 7">Documentary</short_event_descriptor>
      <extended_event_descriptor lang="alb">
        <text>Tim and Fuzz take on 63 year old Kel's 1962 Triumph TR4. His planned restoration sadly ground to a halt when a brutal stroke robbed him of most of his vision.
</text>
      </extended_event_descriptor>
    </event>
    <event id="62" start_time="2021-12-12 03:55:00" duration="2700">
      <short_event_descriptor lang="alb" name="Science of Stupid">Documentary</short_event_descriptor>
      <extended_event_descriptor lang="alb">
        <text>The Science of Stupid is the show that combines cold hard science with some of the craziest, most spectacular and painful user generated clips ever recorded. </text>
      </extended_event_descriptor>
    </event>
    <event id="63" start_time="2021-12-12 04:40:00" duration="1200">
      <short_event_descriptor lang="alb" name="Street Genius">Documentary</short_event_descriptor>
      <extended_event_descriptor lang="alb">
        <text>Street Genius is apopscience/engineering "game show" that challenges the global public to pick the right outcome to incredible experiments. </text>
      </extended_event_descriptor>
    </event>
    <event id="64" start_time="2021-12-12 05:00:00" duration="1200">
      <short_event_descriptor lang="alb" name="Decades Remixed">Documentary</short_event_descriptor>
      <extended_event_descriptor lang="alb">
        <text>We revisit the greatest moments from America's decade of decadence when everything went big.from shoulder pads to bank balances. Huge passion led to huge profit, and amidst an explosion of luxury brands and unbridled credit, we splashed the cash like</text>
      </extended_event_descriptor>
    </event>
    <event id="65" start_time="2021-12-12 05:20:00" duration="2700">
      <short_event_descriptor lang="alb" name="Construction Zone 1">Documentary</short_event_descriptor>
      <extended_event_descriptor lang="alb">
        <text>The Akashi Kaikyo Bridge is a third longer than any other suspension bridge ever built. It's also the tallest and the most expensive, and built in a very treacherous place. It's been trouble-free for six years, but will it last?
</text>
      </extended_event_descriptor>
    </event>
    <event id="66" start_time="2021-12-12 06:05:00" duration="6600">
      <short_event_descriptor lang="alb" name="Alaska: The Next Generation 1">Documentary</short_event_descriptor>
      <extended_event_descriptor lang="alb">
        <text>
In an effort to break free of societal norms, the next generation of Alaskans must learn to survive by their own rules in harsh climates.
</text>
      </extended_event_descriptor>
    </event>
    <event id="67" start_time="2021-12-12 07:55:00" duration="3300">
      <short_event_descriptor lang="alb" name="Wicked Tuna: North vs South">Documentary</short_event_descriptor>
      <extended_event_descriptor lang="alb">
        <text>The teams of fishermen battle each other to see who can catch the most fish, while trying to earn their livelihood. </text>
      </extended_event_descriptor>
    </event>
    <event id="68" start_time="2021-12-12 08:50:00" duration="3300">
      <short_event_descriptor lang="alb" name="Goldfathers 1">Documentary</short_event_descriptor>
      <extended_event_descriptor lang="alb">
        <text>Fairbanks Gold owner John Reeves attempts to persuade his reluctant offspring to help him protect the family land.
</text>
      </extended_event_descriptor>
    </event>
    <event id="69" start_time="2021-12-12 09:45:00" duration="1200">
      <short_event_descriptor lang="alb" name="Bid and Destroy">Documentary.</short_event_descriptor>
      <extended_event_descriptor lang="alb">
        <text>The team go to demolish a paper mill but it has a tower that must come down without hitting any surrounding buildings-or members of the crew</text>
      </extended_event_descriptor>
    </event>
    <event id="70" start_time="2021-12-12 10:05:00" duration="6900">
      <short_event_descriptor lang="alb" name="Primal Survivor">Documentary</short_event_descriptor>
      <extended_event_descriptor lang="alb">
        <text>Primal Survivor tracks wilderness guide and survival instructor Hazen Audel as he tackles some of mankind's most rigorous journeys, relying on skills learned from native inhabitants</text>
      </extended_event_descriptor>
    </event>
    <event id="71" start_time="2021-12-12 12:00:00" duration="3600">
      <short_event_descriptor lang="alb" name="Abandoned Engineering 5">Documentary</short_event_descriptor>
      <extended_event_descriptor lang="alb">
        <text>Eerily familiar ruins amidst shifting desert sands, legendary film sets with surprising pasts, and real locations that inspired Hollywood.  Within these decaying structures are the echoes of history; each haunted shell with its own unique story.
</text>
      </extended_event_descriptor>
    </event>
    <event id="72" start_time="2021-12-12 13:00:00" duration="3600">
      <short_event_descriptor lang="alb" name="Ocean Wreck Investigation">Documentary</short_event_descriptor>
      <extended_event_descriptor lang="alb">
        <text>Series following the investigations of underwater archaeologists as they investigate and examine various sunken ships and submarines</text>
      </extended_event_descriptor>
    </event>
    <event id="73" start_time="2021-12-12 14:00:00" duration="3600">
      <short_event_descriptor lang="alb" name="Air Crash Investigation">Documentary</short_event_descriptor>
      <extended_event_descriptor lang="alb">
        <text>Flying is one of the safest forms of transport. But what happens when tragedy strikes? 
Follow experts as they determine what went wrong and work out how to prevent these horrific tragedies from happening again... 

</text>
      </extended_event_descriptor>
    </event>
    <event id="74" start_time="2021-12-12 15:00:00" duration="3600">
      <short_event_descriptor lang="alb" name="Disasters Engineered 2">Documentary</short_event_descriptor>
      <extended_event_descriptor lang="alb">
        <text>Our quest to conquer the skies led to some great achievements. But engineering errors and human mistakes have caused tragic disasters along the way.
</text>
      </extended_event_descriptor>
    </event>
    <event id="75" start_time="2021-12-12 16:00:00" duration="3600">
      <short_event_descriptor lang="alb" name="Banged up abroad">Documentary</short_event_descriptor>
      <extended_event_descriptor lang="alb">
        <text>Tells the stories of people who, through naivety, stupidity or plain bad luck have been caught smuggling drugs or another illegal item they've been tricked into carrying through customs. </text>
      </extended_event_descriptor>
    </event>
    <event id="76" start_time="2021-12-12 17:00:00" duration="3600">
      <short_event_descriptor lang="alb" name="Inside North Korea's Dynasty 1">Documentary</short_event_descriptor>
      <extended_event_descriptor lang="alb">
        <text>For decades, Korea and its people laboured under Japanese imperialist rule. But in 1912, in a small town outside Pyongyang, a child is born - Kim Il Sung, coinciding with an omen of imperialism's doom.
</text>
      </extended_event_descriptor>
    </event>
    <event id="77" start_time="2021-12-12 18:00:00" duration="7200">
      <short_event_descriptor lang="alb" name="Explorer 2.0">Documentary.</short_event_descriptor>
      <extended_event_descriptor lang="alb">
        <text>A shocking trail of blood and money: a sting operation and an attempt to save these magnificent animals from extinction. National Geographic uncovers the onslaught of an illicit trade that is enslaving tens of thousands of people and threatening to w</text>
      </extended_event_descriptor>
    </event>
    <event id="78" start_time="2021-12-12 20:00:00" duration="3600">
      <short_event_descriptor lang="alb" name="Virus Hunters">Documentary</short_event_descriptor>
      <extended_event_descriptor lang="alb">
        <text>Virus Hunters reveals the chilling stories of heroic experts who are on the frontline leading the most critical scientific mission of a generation.
</text>
      </extended_event_descriptor>
    </event>
    <event id="79" start_time="2021-12-12 21:00:00" duration="7200">
      <short_event_descriptor lang="alb" name="The Hot Zone 2: Anthrax">Documentary</short_event_descriptor>
      <extended_event_descriptor lang="alb">
        <text>In Florida, a man mysteriously falls ill and dies. Special Agent Matthew Ryker suspects an anthrax attack - how many others have been infected?
</text>
      </extended_event_descriptor>
    </event>
    <event id="80" start_time="2021-12-12 23:00:00" duration="3600">
      <short_event_descriptor lang="alb" name="Virus Hunters">Documentary</short_event_descriptor>
      <extended_event_descriptor lang="alb">
        <text>Virus Hunters reveals the chilling stories of heroic experts who are on the frontline leading the most critical scientific mission of a generation.
</text>
      </extended_event_descriptor>
    </event>
    <event id="81" start_time="2021-12-13 00:00:00" duration="5700">
      <short_event_descriptor lang="alb" name="The Hot Zone 2: Anthrax">Documentary</short_event_descriptor>
      <extended_event_descriptor lang="alb">
        <text>In Florida, a man mysteriously falls ill and dies. Special Agent Matthew Ryker suspects an anthrax attack - how many others have been infected?
</text>
      </extended_event_descriptor>
    </event>
    <event id="82" start_time="2021-12-13 01:35:00" duration="3000">
      <short_event_descriptor lang="alb" name="Car Sos 7">Documentary</short_event_descriptor>
      <extended_event_descriptor lang="alb">
        <text>Tim and Fuzz take on 63 year old Kel's 1962 Triumph TR4. His planned restoration sadly ground to a halt when a brutal stroke robbed him of most of his vision.
</text>
      </extended_event_descriptor>
    </event>
    <event id="83" start_time="2021-12-13 02:25:00" duration="3000">
      <short_event_descriptor lang="alb" name="Science of Stupid">Documentary</short_event_descriptor>
      <extended_event_descriptor lang="alb">
        <text>The Science of Stupid is the show that combines cold hard science with some of the craziest, most spectacular and painful user generated clips ever recorded. </text>
      </extended_event_descriptor>
    </event>
    <event id="84" start_time="2021-12-13 03:15:00" duration="3600">
      <short_event_descriptor lang="alb" name="Car Sos 7">Documentary</short_event_descriptor>
      <extended_event_descriptor lang="alb">
        <text>Tim and Fuzz take on 63 year old Kel's 1962 Triumph TR4. His planned restoration sadly ground to a halt when a brutal stroke robbed him of most of his vision.
</text>
      </extended_event_descriptor>
    </event>
    <event id="85" start_time="2021-12-13 04:15:00" duration="2700">
      <short_event_descriptor lang="alb" name="Made In A Day 1">Documentary</short_event_descriptor>
      <extended_event_descriptor lang="alb">
        <text>New Balance reveal how high-tech machinery, hand crafting skills and global logistics combine to bring their best-selling sneaker to feet, the world over.
</text>
      </extended_event_descriptor>
    </event>
    <event id="86" start_time="2021-12-13 05:00:00" duration="1200">
      <short_event_descriptor lang="alb" name="Decades Remixed">Documentary</short_event_descriptor>
      <extended_event_descriptor lang="alb">
        <text>We revisit the greatest moments from America's decade of decadence when everything went big.from shoulder pads to bank balances. Huge passion led to huge profit, and amidst an explosion of luxury brands and unbridled credit, we splashed the cash like</text>
      </extended_event_descriptor>
    </event>
    <event id="87" start_time="2021-12-13 05:20:00" duration="2700">
      <short_event_descriptor lang="alb" name="Street Genius">Documentary</short_event_descriptor>
      <extended_event_descriptor lang="alb">
        <text>Street Genius is apopscience/engineering "game show" that challenges the global public to pick the right outcome to incredible experiments. </text>
      </extended_event_descriptor>
    </event>
    <event id="88" start_time="2021-12-13 06:05:00" duration="6600">
      <short_event_descriptor lang="alb" name="Rise of The Machines 1">Documentary</short_event_descriptor>
      <extended_event_descriptor lang="alb">
        <text>Rise of the Machines uses CGI animations to 'explode apart' some of the world's most extreme machines to reveal the extraordinary engineering at the heart of their design.
</text>
      </extended_event_descriptor>
    </event>
    <event id="89" start_time="2021-12-13 07:55:00" duration="3300">
      <short_event_descriptor lang="alb" name="Drain The Oceans 4">Documentary</short_event_descriptor>
      <extended_event_descriptor lang="alb">
        <text>Atomic explosions on ships at sea. The USA's largest thermonuclear bomb. A new survey using extraordinary CGI explores the dawn of the Nuclear Age.
</text>
      </extended_event_descriptor>
    </event>
    <event id="90" start_time="2021-12-13 08:50:00" duration="3300">
      <short_event_descriptor lang="alb" name="Air Crash Investigation">Documentary</short_event_descriptor>
      <extended_event_descriptor lang="alb">
        <text>Flying is one of the safest forms of transport. But what happens when tragedy strikes? 
Follow experts as they determine what went wrong and work out how to prevent these horrific tragedies from happening again... 

</text>
      </extended_event_descriptor>
    </event>
    <event id="91" start_time="2021-12-13 09:45:00" duration="1200">
      <short_event_descriptor lang="alb" name="Science of Stupid">Documentary</short_event_descriptor>
      <extended_event_descriptor lang="alb">
        <text>The Science of Stupid is the show that combines cold hard science with some of the craziest, most spectacular and painful user generated clips ever recorded. </text>
      </extended_event_descriptor>
    </event>
    <event id="92" start_time="2021-12-13 10:05:00" duration="3300">
      <short_event_descriptor lang="alb" name="Weather Gone Viral">Documentary</short_event_descriptor>
      <extended_event_descriptor lang="alb">
        <text>Rains that are almost biblical, heat waves that don't end, tornadoes that strike in savage swarms-there's been a change in the weather lately. What's going on?</text>
      </extended_event_descriptor>
    </event>
    <event id="93" start_time="2021-12-13 11:00:00" duration="3600">
      <short_event_descriptor lang="alb" name="Live Free Or Die 1">Documentary</short_event_descriptor>
      <extended_event_descriptor lang="alb">
        <text>In the midst of enduring winter, finding food becomes a priority as resources dwindle, leaving some desperate for their next meal.
</text>
      </extended_event_descriptor>
    </event>
    <event id="94" start_time="2021-12-13 12:00:00" duration="3600">
      <short_event_descriptor lang="alb" name="Air Crash Investigation">Documentary</short_event_descriptor>
      <extended_event_descriptor lang="alb">
        <text>Flying is one of the safest forms of transport. But what happens when tragedy strikes? 
Follow experts as they determine what went wrong and work out how to prevent these horrific tragedies from happening again... 

</text>
      </extended_event_descriptor>
    </event>
    <event id="95" start_time="2021-12-13 13:00:00" duration="3600">
      <short_event_descriptor lang="alb" name="To Catch A Smuggler 2">Documentary</short_event_descriptor>
      <extended_event_descriptor lang="alb">
        <text>MIA CBP investigates a traveler suspected of smuggling drugs internally. JFK HSI conduct a controlled delivery of ecstasy in Manhattan on Wall street.
</text>
      </extended_event_descriptor>
    </event>
    <event id="96" start_time="2021-12-13 14:00:00" duration="3600">
      <short_event_descriptor lang="alb" name="Food Factory">Documentary</short_event_descriptor>
      <extended_event_descriptor lang="alb">
        <text>Discover how creamy cheesesake, melt-in-your-mouth perogies, top-notch ice cream sandwiches, and the freshest marmalade get to the masses. From raw materials to finished products, Food Factory reveals the wonders of how food is really made.
</text>
      </extended_event_descriptor>
    </event>
    <event id="97" start_time="2021-12-13 15:00:00" duration="3900">
      <short_event_descriptor lang="alb" name="Car Sos 7">Documentary</short_event_descriptor>
      <extended_event_descriptor lang="alb">
        <text>Tim and Fuzz take on 63 year old Kel's 1962 Triumph TR4. His planned restoration sadly ground to a halt when a brutal stroke robbed him of most of his vision.
</text>
      </extended_event_descriptor>
    </event>
    <event id="98" start_time="2021-12-13 16:05:00" duration="3300">
      <short_event_descriptor lang="alb" name="Science of Stupid">Documentary</short_event_descriptor>
      <extended_event_descriptor lang="alb">
        <text>The Science of Stupid is the show that combines cold hard science with some of the craziest, most spectacular and painful user generated clips ever recorded. </text>
      </extended_event_descriptor>
    </event>
    <event id="99" start_time="2021-12-13 17:00:00" duration="3600">
      <short_event_descriptor lang="alb" name="Megafactories">Documentary</short_event_descriptor>
      <extended_event_descriptor lang="alb">
        <text>There are cars - and then there are supercars. Supercars takes a rare look behind-the-scenes at some of the planet's most exclusive factories, where artistry and engineering combine to make the meanest megacars on the road</text>
      </extended_event_descriptor>
    </event>
    <event id="100" start_time="2021-12-13 18:00:00" duration="3600">
      <short_event_descriptor lang="alb" name="Food Factory">Documentary</short_event_descriptor>
      <extended_event_descriptor lang="alb">
        <text>Discover how creamy cheesesake, melt-in-your-mouth perogies, top-notch ice cream sandwiches, and the freshest marmalade get to the masses. From raw materials to finished products, Food Factory reveals the wonders of how food is really made.
</text>
      </extended_event_descriptor>
    </event>
    <event id="101" start_time="2021-12-13 19:00:00" duration="3600">
      <short_event_descriptor lang="alb" name="Gordon Ramsay: Uncharted 1">Documentary</short_event_descriptor>
      <extended_event_descriptor lang="alb">
        <text>Gordon Ramsay travels down the Mekong River in Laos, Southeast Asia, on an adventure in search of culinary inspiration.
</text>
      </extended_event_descriptor>
    </event>
    <event id="102" start_time="2021-12-13 20:00:00" duration="3600">
      <short_event_descriptor lang="alb" name="Wicked Tuna: North vs South">Documentary</short_event_descriptor>
      <extended_event_descriptor lang="alb">
        <text>The teams of fishermen battle each other to see who can catch the most fish, while trying to earn their livelihood. </text>
      </extended_event_descriptor>
    </event>
    <event id="103" start_time="2021-12-13 21:00:00" duration="3600">
      <short_event_descriptor lang="alb" name="Air Crash Investigation">Documentary</short_event_descriptor>
      <extended_event_descriptor lang="alb">
        <text>Flying is one of the safest forms of transport. But what happens when tragedy strikes? 
Follow experts as they determine what went wrong and work out how to prevent these horrific tragedies from happening again... 

</text>
      </extended_event_descriptor>
    </event>
    <event id="104" start_time="2021-12-13 22:00:00" duration="9300">
      <short_event_descriptor lang="alb" name="Banged up abroad">Documentary</short_event_descriptor>
      <extended_event_descriptor lang="alb">
        <text>Tells the stories of people who, through naivety, stupidity or plain bad luck have been caught smuggling drugs or another illegal item they've been tricked into carrying through customs. </text>
      </extended_event_descriptor>
    </event>
    <event id="105" start_time="2021-12-14 00:35:00" duration="3600">
      <short_event_descriptor lang="alb" name="Banged up abroad">Documentary</short_event_descriptor>
      <extended_event_descriptor lang="alb">
        <text>Tells the stories of people who, through naivety, stupidity or plain bad luck have been caught smuggling drugs or another illegal item they've been tricked into carrying through customs. </text>
      </extended_event_descriptor>
    </event>
    <event id="106" start_time="2021-12-14 01:35:00" duration="3000">
      <short_event_descriptor lang="alb" name="Car Sos 7">Documentary</short_event_descriptor>
      <extended_event_descriptor lang="alb">
        <text>Tim and Fuzz take on 63 year old Kel's 1962 Triumph TR4. His planned restoration sadly ground to a halt when a brutal stroke robbed him of most of his vision.
</text>
      </extended_event_descriptor>
    </event>
    <event id="107" start_time="2021-12-14 02:25:00" duration="2700">
      <short_event_descriptor lang="alb" name="Science of Stupid">Documentary</short_event_descriptor>
      <extended_event_descriptor lang="alb">
        <text>The Science of Stupid is the show that combines cold hard science with some of the craziest, most spectacular and painful user generated clips ever recorded. </text>
      </extended_event_descriptor>
    </event>
    <event id="108" start_time="2021-12-14 03:10:00" duration="2700">
      <short_event_descriptor lang="alb" name="Car Sos 7">Documentary</short_event_descriptor>
      <extended_event_descriptor lang="alb">
        <text>Tim and Fuzz take on 63 year old Kel's 1962 Triumph TR4. His planned restoration sadly ground to a halt when a brutal stroke robbed him of most of his vision.
</text>
      </extended_event_descriptor>
    </event>
    <event id="109" start_time="2021-12-14 03:55:00" duration="3900">
      <short_event_descriptor lang="alb" name="Science of Stupid">Documentary</short_event_descriptor>
      <extended_event_descriptor lang="alb">
        <text>The Science of Stupid is the show that combines cold hard science with some of the craziest, most spectacular and painful user generated clips ever recorded. </text>
      </extended_event_descriptor>
    </event>
    <event id="110" start_time="2021-12-14 05:00:00" duration="1200">
      <short_event_descriptor lang="alb" name="Decades Remixed">Documentary</short_event_descriptor>
      <extended_event_descriptor lang="alb">
        <text>We revisit the greatest moments from America's decade of decadence when everything went big.from shoulder pads to bank balances. Huge passion led to huge profit, and amidst an explosion of luxury brands and unbridled credit, we splashed the cash like</text>
      </extended_event_descriptor>
    </event>
    <event id="111" start_time="2021-12-14 05:20:00" duration="2700">
      <short_event_descriptor lang="alb" name="Street Genius">Documentary</short_event_descriptor>
      <extended_event_descriptor lang="alb">
        <text>Street Genius is apopscience/engineering "game show" that challenges the global public to pick the right outcome to incredible experiments. </text>
      </extended_event_descriptor>
    </event>
    <event id="112" start_time="2021-12-14 06:05:00" duration="6600">
      <short_event_descriptor lang="alb" name="Rise of The Machines 1">Documentary</short_event_descriptor>
      <extended_event_descriptor lang="alb">
        <text>Rise of the Machines uses CGI animations to 'explode apart' some of the world's most extreme machines to reveal the extraordinary engineering at the heart of their design.
</text>
      </extended_event_descriptor>
    </event>
    <event id="113" start_time="2021-12-14 07:55:00" duration="3300">
      <short_event_descriptor lang="alb" name="Ice Road Rescue">Documentary</short_event_descriptor>
      <extended_event_descriptor lang="alb">
        <text>The mountain passes of Norway are some of the most dangerous roads in all of Europe.
</text>
      </extended_event_descriptor>
    </event>
    <event id="114" start_time="2021-12-14 08:50:00" duration="3300">
      <short_event_descriptor lang="alb" name="Wicked Tuna: North vs South">Documentary</short_event_descriptor>
      <extended_event_descriptor lang="alb">
        <text>The teams of fishermen battle each other to see who can catch the most fish, while trying to earn their livelihood. </text>
      </extended_event_descriptor>
    </event>
    <event id="115" start_time="2021-12-14 09:45:00" duration="4500">
      <short_event_descriptor lang="alb" name="Science of Stupid">Documentary</short_event_descriptor>
      <extended_event_descriptor lang="alb">
        <text>The Science of Stupid is the show that combines cold hard science with some of the craziest, most spectacular and painful user generated clips ever recorded. </text>
      </extended_event_descriptor>
    </event>
    <event id="116" start_time="2021-12-14 11:00:00" duration="3600">
      <short_event_descriptor lang="alb" name="Live Free Or Die 1">Documentary</short_event_descriptor>
      <extended_event_descriptor lang="alb">
        <text>In the midst of enduring winter, finding food becomes a priority as resources dwindle, leaving some desperate for their next meal.
</text>
      </extended_event_descriptor>
    </event>
    <event id="117" start_time="2021-12-14 12:00:00" duration="3600">
      <short_event_descriptor lang="alb" name="Air Crash Investigation">Documentary</short_event_descriptor>
      <extended_event_descriptor lang="alb">
        <text>Flying is one of the safest forms of transport. But what happens when tragedy strikes? 
Follow experts as they determine what went wrong and work out how to prevent these horrific tragedies from happening again... 

</text>
      </extended_event_descriptor>
    </event>
    <event id="118" start_time="2021-12-14 13:00:00" duration="3600">
      <short_event_descriptor lang="alb" name="To Catch A Smuggler 2">Documentary</short_event_descriptor>
      <extended_event_descriptor lang="alb">
        <text>MIA CBP investigates a traveler suspected of smuggling drugs internally. JFK HSI conduct a controlled delivery of ecstasy in Manhattan on Wall street.
</text>
      </extended_event_descriptor>
    </event>
    <event id="119" start_time="2021-12-14 14:00:00" duration="3600">
      <short_event_descriptor lang="alb" name="Food Factory">Documentary</short_event_descriptor>
      <extended_event_descriptor lang="alb">
        <text>Discover how creamy cheesesake, melt-in-your-mouth perogies, top-notch ice cream sandwiches, and the freshest marmalade get to the masses. From raw materials to finished products, Food Factory reveals the wonders of how food is really made.
</text>
      </extended_event_descriptor>
    </event>
    <event id="120" start_time="2021-12-14 15:00:00" duration="3900">
      <short_event_descriptor lang="alb" name="Car Sos 7">Documentary</short_event_descriptor>
      <extended_event_descriptor lang="alb">
        <text>Tim and Fuzz take on 63 year old Kel's 1962 Triumph TR4. His planned restoration sadly ground to a halt when a brutal stroke robbed him of most of his vision.
</text>
      </extended_event_descriptor>
    </event>
    <event id="121" start_time="2021-12-14 16:05:00" duration="3300">
      <short_event_descriptor lang="alb" name="Science of Stupid">Documentary</short_event_descriptor>
      <extended_event_descriptor lang="alb">
        <text>The Science of Stupid is the show that combines cold hard science with some of the craziest, most spectacular and painful user generated clips ever recorded. </text>
      </extended_event_descriptor>
    </event>
    <event id="122" start_time="2021-12-14 17:00:00" duration="3900">
      <short_event_descriptor lang="alb" name="Megafactories">Documentary</short_event_descriptor>
      <extended_event_descriptor lang="alb">
        <text>There are cars - and then there are supercars. Supercars takes a rare look behind-the-scenes at some of the planet's most exclusive factories, where artistry and engineering combine to make the meanest megacars on the road</text>
      </extended_event_descriptor>
    </event>
    <event id="123" start_time="2021-12-14 18:05:00" duration="3300">
      <short_event_descriptor lang="alb" name="Food Factory">Documentary</short_event_descriptor>
      <extended_event_descriptor lang="alb">
        <text>Discover how creamy cheesesake, melt-in-your-mouth perogies, top-notch ice cream sandwiches, and the freshest marmalade get to the masses. From raw materials to finished products, Food Factory reveals the wonders of how food is really made.
</text>
      </extended_event_descriptor>
    </event>
    <event id="124" start_time="2021-12-14 19:00:00" duration="3600">
      <short_event_descriptor lang="alb" name="Gordon Ramsay: Uncharted 1">Documentary</short_event_descriptor>
      <extended_event_descriptor lang="alb">
        <text>Gordon Ramsay travels down the Mekong River in Laos, Southeast Asia, on an adventure in search of culinary inspiration.
</text>
      </extended_event_descriptor>
    </event>
    <event id="125" start_time="2021-12-14 20:00:00" duration="3600">
      <short_event_descriptor lang="alb" name="WW2 Hell Under the Sea">Documentary</short_event_descriptor>
      <extended_event_descriptor lang="alb">
        <text>WW2 Hell Under the Sea is an event-based series charting the stealth game of subsea warfare, tracking the dramatic narrative from contact to attack of the greatest submarine patrols of World War II. </text>
      </extended_event_descriptor>
    </event>
    <event id="126" start_time="2021-12-14 21:00:00" duration="3600">
      <short_event_descriptor lang="alb" name="Attack on Pearl Harbor: Minute by Minute">Documentary</short_event_descriptor>
      <extended_event_descriptor lang="alb">
        <text>This episode reveals the background to the surprise attack on Pearl Harbour.</text>
      </extended_event_descriptor>
    </event>
    <event id="127" start_time="2021-12-14 22:00:00" duration="3600">
      <short_event_descriptor lang="alb" name="Apocalypse: War of Worlds 1">Documentary</short_event_descriptor>
      <extended_event_descriptor lang="alb">
        <text>Summer 1945. The victorious nations celebrate a return to peace. But behind the scenes of global reconstruction, a more drawn-out, insidious confrontation is in the making between those who were formerly allies. The West is concerned about Stalin's g</text>
      </extended_event_descriptor>
    </event>
    <event id="128" start_time="2021-12-14 23:00:00" duration="6600">
      <short_event_descriptor lang="alb" name="Banged up abroad">Documentary</short_event_descriptor>
      <extended_event_descriptor lang="alb">
        <text>Tells the stories of people who, through naivety, stupidity or plain bad luck have been caught smuggling drugs or another illegal item they've been tricked into carrying through customs. </text>
      </extended_event_descriptor>
    </event>
    <event id="129" start_time="2021-12-15 00:50:00" duration="2700">
      <short_event_descriptor lang="alb" name="Attack on Pearl Harbor: Minute by Minute">Documentary</short_event_descriptor>
      <extended_event_descriptor lang="alb">
        <text>This episode reveals the background to the surprise attack on Pearl Harbour.</text>
      </extended_event_descriptor>
    </event>
    <event id="130" start_time="2021-12-15 01:35:00" duration="3000">
      <short_event_descriptor lang="alb" name="Car Sos 7">Documentary</short_event_descriptor>
      <extended_event_descriptor lang="alb">
        <text>Tim and Fuzz take on 63 year old Kel's 1962 Triumph TR4. His planned restoration sadly ground to a halt when a brutal stroke robbed him of most of his vision.
</text>
      </extended_event_descriptor>
    </event>
    <event id="131" start_time="2021-12-15 02:25:00" duration="2700">
      <short_event_descriptor lang="alb" name="Science of Stupid">Documentary</short_event_descriptor>
      <extended_event_descriptor lang="alb">
        <text>The Science of Stupid is the show that combines cold hard science with some of the craziest, most spectacular and painful user generated clips ever recorded. </text>
      </extended_event_descriptor>
    </event>
    <event id="132" start_time="2021-12-15 03:10:00" duration="2700">
      <short_event_descriptor lang="alb" name="Car Sos 7">Documentary</short_event_descriptor>
      <extended_event_descriptor lang="alb">
        <text>Tim and Fuzz take on 63 year old Kel's 1962 Triumph TR4. His planned restoration sadly ground to a halt when a brutal stroke robbed him of most of his vision.
</text>
      </extended_event_descriptor>
    </event>
    <event id="133" start_time="2021-12-15 03:55:00" duration="3900">
      <short_event_descriptor lang="alb" name="Science of Stupid">Documentary</short_event_descriptor>
      <extended_event_descriptor lang="alb">
        <text>The Science of Stupid is the show that combines cold hard science with some of the craziest, most spectacular and painful user generated clips ever recorded. </text>
      </extended_event_descriptor>
    </event>
    <event id="134" start_time="2021-12-15 05:00:00" duration="1200">
      <short_event_descriptor lang="alb" name="Decades Remixed">Documentary</short_event_descriptor>
      <extended_event_descriptor lang="alb">
        <text>We revisit the greatest moments from America's decade of decadence when everything went big.from shoulder pads to bank balances. Huge passion led to huge profit, and amidst an explosion of luxury brands and unbridled credit, we splashed the cash like</text>
      </extended_event_descriptor>
    </event>
    <event id="135" start_time="2021-12-15 05:20:00" duration="2700">
      <short_event_descriptor lang="alb" name="Street Genius">Documentary</short_event_descriptor>
      <extended_event_descriptor lang="alb">
        <text>Street Genius is apopscience/engineering "game show" that challenges the global public to pick the right outcome to incredible experiments. </text>
      </extended_event_descriptor>
    </event>
    <event id="136" start_time="2021-12-15 06:05:00" duration="6600">
      <short_event_descriptor lang="alb" name="Rise of The Machines 2">Documentary</short_event_descriptor>
      <extended_event_descriptor lang="alb">
        <text>Rise of the Machines uses CGI animations to 'explode apart' some of the world's most extreme machines to reveal the extraordinary engineering at the heart of their design.
</text>
      </extended_event_descriptor>
    </event>
    <event id="137" start_time="2021-12-15 07:55:00" duration="3300">
      <short_event_descriptor lang="alb" name="Disasters Engineered 2">Documentary</short_event_descriptor>
      <extended_event_descriptor lang="alb">
        <text>Our quest to conquer the skies led to some great achievements. But engineering errors and human mistakes have caused tragic disasters along the way.
</text>
      </extended_event_descriptor>
    </event>
    <event id="138" start_time="2021-12-15 08:50:00" duration="3300">
      <short_event_descriptor lang="alb" name="Ocean Wreck Investigation">Documentary</short_event_descriptor>
      <extended_event_descriptor lang="alb">
        <text>Series following the investigations of underwater archaeologists as they investigate and examine various sunken ships and submarines</text>
      </extended_event_descriptor>
    </event>
    <event id="139" start_time="2021-12-15 09:45:00" duration="4500">
      <short_event_descriptor lang="alb" name="Science of Stupid">Documentary</short_event_descriptor>
      <extended_event_descriptor lang="alb">
        <text>The Science of Stupid is the show that combines cold hard science with some of the craziest, most spectacular and painful user generated clips ever recorded. </text>
      </extended_event_descriptor>
    </event>
    <event id="140" start_time="2021-12-15 11:00:00" duration="3600">
      <short_event_descriptor lang="alb" name="Live Free Or Die 1">Documentary</short_event_descriptor>
      <extended_event_descriptor lang="alb">
        <text>In the midst of enduring winter, finding food becomes a priority as resources dwindle, leaving some desperate for their next meal.
</text>
      </extended_event_descriptor>
    </event>
    <event id="141" start_time="2021-12-15 12:00:00" duration="3600">
      <short_event_descriptor lang="alb" name="Air Crash Investigation">Documentary</short_event_descriptor>
      <extended_event_descriptor lang="alb">
        <text>Flying is one of the safest forms of transport. But what happens when tragedy strikes? 
Follow experts as they determine what went wrong and work out how to prevent these horrific tragedies from happening again... 

</text>
      </extended_event_descriptor>
    </event>
    <event id="142" start_time="2021-12-15 13:00:00" duration="3900">
      <short_event_descriptor lang="alb" name="To Catch A Smuggler 2">Documentary</short_event_descriptor>
      <extended_event_descriptor lang="alb">
        <text>MIA CBP investigates a traveler suspected of smuggling drugs internally. JFK HSI conduct a controlled delivery of ecstasy in Manhattan on Wall street.
</text>
      </extended_event_descriptor>
    </event>
    <event id="143" start_time="2021-12-15 14:05:00" duration="3300">
      <short_event_descriptor lang="alb" name="Food Factory">Documentary</short_event_descriptor>
      <extended_event_descriptor lang="alb">
        <text>Discover how creamy cheesesake, melt-in-your-mouth perogies, top-notch ice cream sandwiches, and the freshest marmalade get to the masses. From raw materials to finished products, Food Factory reveals the wonders of how food is really made.
</text>
      </extended_event_descriptor>
    </event>
    <event id="144" start_time="2021-12-15 15:00:00" duration="3600">
      <short_event_descriptor lang="alb" name="Car Sos 8">Documentary</short_event_descriptor>
      <extended_event_descriptor lang="alb">
        <text>Tim and Fuzz take on one of the most extreme cars to have ever come out of Japan a Mitsubishi Evo IV. Left rotting away for years, the boys will be put to the test as they restore this former beauty.
</text>
      </extended_event_descriptor>
    </event>
    <event id="145" start_time="2021-12-15 16:00:00" duration="3600">
      <short_event_descriptor lang="alb" name="Science of Stupid">Documentary</short_event_descriptor>
      <extended_event_descriptor lang="alb">
        <text>The Science of Stupid is the show that combines cold hard science with some of the craziest, most spectacular and painful user generated clips ever recorded. </text>
      </extended_event_descriptor>
    </event>
    <event id="146" start_time="2021-12-15 17:00:00" duration="3600">
      <short_event_descriptor lang="alb" name="Megafactories">Documentary</short_event_descriptor>
      <extended_event_descriptor lang="alb">
        <text>There are cars - and then there are supercars. Supercars takes a rare look behind-the-scenes at some of the planet's most exclusive factories, where artistry and engineering combine to make the meanest megacars on the road</text>
      </extended_event_descriptor>
    </event>
    <event id="147" start_time="2021-12-15 18:00:00" duration="3600">
      <short_event_descriptor lang="alb" name="Food Factory">Documentary</short_event_descriptor>
      <extended_event_descriptor lang="alb">
        <text>Discover how creamy cheesesake, melt-in-your-mouth perogies, top-notch ice cream sandwiches, and the freshest marmalade get to the masses. From raw materials to finished products, Food Factory reveals the wonders of how food is really made.
</text>
      </extended_event_descriptor>
    </event>
    <event id="148" start_time="2021-12-15 19:00:00" duration="3600">
      <short_event_descriptor lang="alb" name="Gordon Ramsay: Uncharted 1">Documentary</short_event_descriptor>
      <extended_event_descriptor lang="alb">
        <text>Gordon Ramsay travels down the Mekong River in Laos, Southeast Asia, on an adventure in search of culinary inspiration.
</text>
      </extended_event_descriptor>
    </event>
    <event id="149" start_time="2021-12-15 20:00:00" duration="3600">
      <short_event_descriptor lang="alb" name="9/11: One Day in America 1">Documentary</short_event_descriptor>
      <extended_event_descriptor lang="alb">
        <text>We follow extraordinary stories of escape in the South Tower and the paramedics on the ground facing an onslaught of badly injured people.
</text>
      </extended_event_descriptor>
    </event>
    <event id="150" start_time="2021-12-15 21:00:00" duration="7200">
      <short_event_descriptor lang="alb" name="The Hot Zone 2: Anthrax">Documentary</short_event_descriptor>
      <extended_event_descriptor lang="alb">
        <text>In Florida, a man mysteriously falls ill and dies. Special Agent Matthew Ryker suspects an anthrax attack - how many others have been infected?
</text>
      </extended_event_descriptor>
    </event>
    <event id="151" start_time="2021-12-15 23:00:00" duration="6600">
      <short_event_descriptor lang="alb" name="Banged up abroad">Documentary</short_event_descriptor>
      <extended_event_descriptor lang="alb">
        <text>Tells the stories of people who, through naivety, stupidity or plain bad luck have been caught smuggling drugs or another illegal item they've been tricked into carrying through customs. </text>
      </extended_event_descriptor>
    </event>
    <event id="152" start_time="2021-12-16 00:50:00" duration="2700">
      <short_event_descriptor lang="alb" name="Explorer 2.0">Documentary.</short_event_descriptor>
      <extended_event_descriptor lang="alb">
        <text>A shocking trail of blood and money: a sting operation and an attempt to save these magnificent animals from extinction. National Geographic uncovers the onslaught of an illicit trade that is enslaving tens of thousands of people and threatening to w</text>
      </extended_event_descriptor>
    </event>
    <event id="153" start_time="2021-12-16 01:35:00" duration="3000">
      <short_event_descriptor lang="alb" name="Car Sos 7">Documentary</short_event_descriptor>
      <extended_event_descriptor lang="alb">
        <text>Tim and Fuzz take on 63 year old Kel's 1962 Triumph TR4. His planned restoration sadly ground to a halt when a brutal stroke robbed him of most of his vision.
</text>
      </extended_event_descriptor>
    </event>
    <event id="154" start_time="2021-12-16 02:25:00" duration="2700">
      <short_event_descriptor lang="alb" name="Science of Stupid">Documentary</short_event_descriptor>
      <extended_event_descriptor lang="alb">
        <text>The Science of Stupid is the show that combines cold hard science with some of the craziest, most spectacular and painful user generated clips ever recorded. </text>
      </extended_event_descriptor>
    </event>
    <event id="155" start_time="2021-12-16 03:10:00" duration="2700">
      <short_event_descriptor lang="alb" name="Car Sos 7">Documentary</short_event_descriptor>
      <extended_event_descriptor lang="alb">
        <text>Tim and Fuzz take on 63 year old Kel's 1962 Triumph TR4. His planned restoration sadly ground to a halt when a brutal stroke robbed him of most of his vision.
</text>
      </extended_event_descriptor>
    </event>
    <event id="156" start_time="2021-12-16 03:55:00" duration="3900">
      <short_event_descriptor lang="alb" name="Science of Stupid">Documentary</short_event_descriptor>
      <extended_event_descriptor lang="alb">
        <text>The Science of Stupid is the show that combines cold hard science with some of the craziest, most spectacular and painful user generated clips ever recorded. </text>
      </extended_event_descriptor>
    </event>
    <event id="157" start_time="2021-12-16 05:00:00" duration="1200">
      <short_event_descriptor lang="alb" name="Decades Remixed">Documentary</short_event_descriptor>
      <extended_event_descriptor lang="alb">
        <text>We revisit the greatest moments from America's decade of decadence when everything went big.from shoulder pads to bank balances. Huge passion led to huge profit, and amidst an explosion of luxury brands and unbridled credit, we splashed the cash like</text>
      </extended_event_descriptor>
    </event>
    <event id="158" start_time="2021-12-16 05:20:00" duration="2700">
      <short_event_descriptor lang="alb" name="Street Genius">Documentary</short_event_descriptor>
      <extended_event_descriptor lang="alb">
        <text>Street Genius is apopscience/engineering "game show" that challenges the global public to pick the right outcome to incredible experiments. </text>
      </extended_event_descriptor>
    </event>
    <event id="159" start_time="2021-12-16 06:05:00" duration="6600">
      <short_event_descriptor lang="alb" name="Rise of The Machines 1">Documentary</short_event_descriptor>
      <extended_event_descriptor lang="alb">
        <text>Rise of the Machines uses CGI animations to 'explode apart' some of the world's most extreme machines to reveal the extraordinary engineering at the heart of their design.
</text>
      </extended_event_descriptor>
    </event>
    <event id="160" start_time="2021-12-16 07:55:00" duration="6600">
      <short_event_descriptor lang="alb" name="The Hot Zone 2: Anthrax">Documentary</short_event_descriptor>
      <extended_event_descriptor lang="alb">
        <text>In Florida, a man mysteriously falls ill and dies. Special Agent Matthew Ryker suspects an anthrax attack - how many others have been infected?
</text>
      </extended_event_descriptor>
    </event>
    <event id="161" start_time="2021-12-16 09:45:00" duration="4500">
      <short_event_descriptor lang="alb" name="Science of Stupid">Documentary</short_event_descriptor>
      <extended_event_descriptor lang="alb">
        <text>The Science of Stupid is the show that combines cold hard science with some of the craziest, most spectacular and painful user generated clips ever recorded. </text>
      </extended_event_descriptor>
    </event>
    <event id="162" start_time="2021-12-16 11:00:00" duration="3600">
      <short_event_descriptor lang="alb" name="Live Free Or Die 1">Documentary</short_event_descriptor>
      <extended_event_descriptor lang="alb">
        <text>In the midst of enduring winter, finding food becomes a priority as resources dwindle, leaving some desperate for their next meal.
</text>
      </extended_event_descriptor>
    </event>
    <event id="163" start_time="2021-12-16 12:00:00" duration="3600">
      <short_event_descriptor lang="alb" name="Air Crash Investigation">Documentary</short_event_descriptor>
      <extended_event_descriptor lang="alb">
        <text>Flying is one of the safest forms of transport. But what happens when tragedy strikes? 
Follow experts as they determine what went wrong and work out how to prevent these horrific tragedies from happening again... 

</text>
      </extended_event_descriptor>
    </event>
    <event id="164" start_time="2021-12-16 13:00:00" duration="3600">
      <short_event_descriptor lang="alb" name="To Catch A Smuggler 2">Documentary</short_event_descriptor>
      <extended_event_descriptor lang="alb">
        <text>MIA CBP investigates a traveler suspected of smuggling drugs internally. JFK HSI conduct a controlled delivery of ecstasy in Manhattan on Wall street.
</text>
      </extended_event_descriptor>
    </event>
    <event id="165" start_time="2021-12-16 14:00:00" duration="3600">
      <short_event_descriptor lang="alb" name="Food Factory">Documentary</short_event_descriptor>
      <extended_event_descriptor lang="alb">
        <text>Discover how creamy cheesesake, melt-in-your-mouth perogies, top-notch ice cream sandwiches, and the freshest marmalade get to the masses. From raw materials to finished products, Food Factory reveals the wonders of how food is really made.
</text>
      </extended_event_descriptor>
    </event>
    <event id="166" start_time="2021-12-16 15:00:00" duration="3600">
      <short_event_descriptor lang="alb" name="Car Sos 7">Documentary</short_event_descriptor>
      <extended_event_descriptor lang="alb">
        <text>Tim and Fuzz take on 63 year old Kel's 1962 Triumph TR4. His planned restoration sadly ground to a halt when a brutal stroke robbed him of most of his vision.
</text>
      </extended_event_descriptor>
    </event>
    <event id="167" start_time="2021-12-16 16:00:00" duration="3600">
      <short_event_descriptor lang="alb" name="Science of Stupid">Documentary</short_event_descriptor>
      <extended_event_descriptor lang="alb">
        <text>The Science of Stupid is the show that combines cold hard science with some of the craziest, most spectacular and painful user generated clips ever recorded. </text>
      </extended_event_descriptor>
    </event>
    <event id="168" start_time="2021-12-16 17:00:00" duration="3600">
      <short_event_descriptor lang="alb" name="Megafactories">Documentary</short_event_descriptor>
      <extended_event_descriptor lang="alb">
        <text>There are cars - and then there are supercars. Supercars takes a rare look behind-the-scenes at some of the planet's most exclusive factories, where artistry and engineering combine to make the meanest megacars on the road</text>
      </extended_event_descriptor>
    </event>
    <event id="169" start_time="2021-12-16 18:00:00" duration="3600">
      <short_event_descriptor lang="alb" name="Food Factory">Documentary</short_event_descriptor>
      <extended_event_descriptor lang="alb">
        <text>Discover how creamy cheesesake, melt-in-your-mouth perogies, top-notch ice cream sandwiches, and the freshest marmalade get to the masses. From raw materials to finished products, Food Factory reveals the wonders of how food is really made.
</text>
      </extended_event_descriptor>
    </event>
  </channel>
</WIDECAST_DVB>