<?xml version="1.0" encoding="ISO-8859-1"?>
<WIDECAST_DVB>
  <channel name="Rrokum TV">
    <event id="0" start_time="2020-08-17 14:00:00" duration="28800">
      <short_event_descriptor lang="alb" name="Rrokum TV">Programe.</short_event_descriptor>
      <extended_event_descriptor lang="alb">
        <text />
      </extended_event_descriptor>
    </event>
    <event id="1" start_time="2020-08-17 22:00:00" duration="28800">
      <short_event_descriptor lang="alb" name="Rrokum TV">Programe</short_event_descriptor>
      <extended_event_descriptor lang="alb">
        <text />
      </extended_event_descriptor>
    </event>
    <event id="2" start_time="2020-08-18 06:00:00" duration="28800">
      <short_event_descriptor lang="alb" name="Rrokum TV">Programe</short_event_descriptor>
      <extended_event_descriptor lang="alb">
        <text />
      </extended_event_descriptor>
    </event>
    <event id="3" start_time="2020-08-18 14:00:00" duration="28800">
      <short_event_descriptor lang="alb" name="Rrokum TV">Programe</short_event_descriptor>
      <extended_event_descriptor lang="alb">
        <text />
      </extended_event_descriptor>
    </event>
    <event id="4" start_time="2020-08-18 22:00:00" duration="28800">
      <short_event_descriptor lang="alb" name="Rrokum TV">Programe</short_event_descriptor>
      <extended_event_descriptor lang="alb">
        <text />
      </extended_event_descriptor>
    </event>
    <event id="5" start_time="2020-08-19 06:00:00" duration="28800">
      <short_event_descriptor lang="alb" name="Rrokum TV">Programe</short_event_descriptor>
      <extended_event_descriptor lang="alb">
        <text />
      </extended_event_descriptor>
    </event>
    <event id="6" start_time="2020-08-19 14:00:00" duration="28800">
      <short_event_descriptor lang="alb" name="Rrokum TV">Programe</short_event_descriptor>
      <extended_event_descriptor lang="alb">
        <text />
      </extended_event_descriptor>
    </event>
    <event id="7" start_time="2020-08-19 22:00:00" duration="28800">
      <short_event_descriptor lang="alb" name="Rrokum TV">Programe</short_event_descriptor>
      <extended_event_descriptor lang="alb">
        <text />
      </extended_event_descriptor>
    </event>
    <event id="8" start_time="2020-08-20 06:00:00" duration="28800">
      <short_event_descriptor lang="alb" name="Rrokum TV">Programe</short_event_descriptor>
      <extended_event_descriptor lang="alb">
        <text />
      </extended_event_descriptor>
    </event>
    <event id="9" start_time="2020-08-20 14:00:00" duration="28800">
      <short_event_descriptor lang="alb" name="Rrokum TV">Programe</short_event_descriptor>
      <extended_event_descriptor lang="alb">
        <text />
      </extended_event_descriptor>
    </event>
    <event id="10" start_time="2020-08-20 22:00:00" duration="28800">
      <short_event_descriptor lang="alb" name="Rrokum TV">Programe</short_event_descriptor>
      <extended_event_descriptor lang="alb">
        <text />
      </extended_event_descriptor>
    </event>
    <event id="11" start_time="2020-08-21 06:00:00" duration="28800">
      <short_event_descriptor lang="alb" name="Rrokum TV">Programe</short_event_descriptor>
      <extended_event_descriptor lang="alb">
        <text />
      </extended_event_descriptor>
    </event>
    <event id="12" start_time="2020-08-21 14:00:00" duration="28800">
      <short_event_descriptor lang="alb" name="Rrokum TV">Programe</short_event_descriptor>
      <extended_event_descriptor lang="alb">
        <text />
      </extended_event_descriptor>
    </event>
    <event id="13" start_time="2020-08-21 22:00:00" duration="28800">
      <short_event_descriptor lang="alb" name="Rrokum TV">Programe</short_event_descriptor>
      <extended_event_descriptor lang="alb">
        <text />
      </extended_event_descriptor>
    </event>
    <event id="14" start_time="2020-08-22 06:00:00" duration="28800">
      <short_event_descriptor lang="alb" name="Rrokum TV">Programe</short_event_descriptor>
      <extended_event_descriptor lang="alb">
        <text />
      </extended_event_descriptor>
    </event>
    <event id="15" start_time="2020-08-22 14:00:00" duration="28800">
      <short_event_descriptor lang="alb" name="Rrokum TV">Programe</short_event_descriptor>
      <extended_event_descriptor lang="alb">
        <text />
      </extended_event_descriptor>
    </event>
    <event id="16" start_time="2020-08-22 22:00:00" duration="28800">
      <short_event_descriptor lang="alb" name="Rrokum TV">Programe</short_event_descriptor>
      <extended_event_descriptor lang="alb">
        <text />
      </extended_event_descriptor>
    </event>
    <event id="17" start_time="2020-08-23 06:00:00" duration="28800">
      <short_event_descriptor lang="alb" name="Rrokum TV">Programe</short_event_descriptor>
      <extended_event_descriptor lang="alb">
        <text />
      </extended_event_descriptor>
    </event>
    <event id="18" start_time="2020-08-23 14:00:00" duration="28800">
      <short_event_descriptor lang="alb" name="Rrokum TV">Programe</short_event_descriptor>
      <extended_event_descriptor lang="alb">
        <text />
      </extended_event_descriptor>
    </event>
    <event id="19" start_time="2020-08-23 22:00:00" duration="28800">
      <short_event_descriptor lang="alb" name="Rrokum TV">Programe</short_event_descriptor>
      <extended_event_descriptor lang="alb">
        <text />
      </extended_event_descriptor>
    </event>
    <event id="20" start_time="2020-08-24 06:00:00" duration="28800">
      <short_event_descriptor lang="alb" name="Rrokum TV">Programe</short_event_descriptor>
      <extended_event_descriptor lang="alb">
        <text />
      </extended_event_descriptor>
    </event>
    <event id="21" start_time="2020-08-24 14:00:00" duration="28800">
      <short_event_descriptor lang="alb" name="Rrokum TV">Programe</short_event_descriptor>
      <extended_event_descriptor lang="alb">
        <text />
      </extended_event_descriptor>
    </event>
    <event id="22" start_time="2020-08-24 22:00:00" duration="28800">
      <short_event_descriptor lang="alb" name="Rrokum TV">Programe</short_event_descriptor>
      <extended_event_descriptor lang="alb">
        <text />
      </extended_event_descriptor>
    </event>
    <event id="23" start_time="2020-08-25 06:00:00" duration="28800">
      <short_event_descriptor lang="alb" name="Rrokum TV">Programe</short_event_descriptor>
      <extended_event_descriptor lang="alb">
        <text />
      </extended_event_descriptor>
    </event>
    <event id="24" start_time="2020-08-25 14:00:00" duration="28800">
      <short_event_descriptor lang="alb" name="Rrokum TV">Programe</short_event_descriptor>
      <extended_event_descriptor lang="alb">
        <text />
      </extended_event_descriptor>
    </event>
    <event id="25" start_time="2020-08-25 22:00:00" duration="28800">
      <short_event_descriptor lang="alb" name="Rrokum TV">Programe</short_event_descriptor>
      <extended_event_descriptor lang="alb">
        <text />
      </extended_event_descriptor>
    </event>
    <event id="26" start_time="2020-08-26 06:00:00" duration="28800">
      <short_event_descriptor lang="alb" name="Rrokum TV">Programe</short_event_descriptor>
      <extended_event_descriptor lang="alb">
        <text />
      </extended_event_descriptor>
    </event>
    <event id="27" start_time="2020-08-26 14:00:00" duration="28800">
      <short_event_descriptor lang="alb" name="Rrokum TV">Programe</short_event_descriptor>
      <extended_event_descriptor lang="alb">
        <text />
      </extended_event_descriptor>
    </event>
    <event id="28" start_time="2020-08-26 22:00:00" duration="28800">
      <short_event_descriptor lang="alb" name="Rrokum TV">Programe</short_event_descriptor>
      <extended_event_descriptor lang="alb">
        <text />
      </extended_event_descriptor>
    </event>
    <event id="29" start_time="2020-08-27 06:00:00" duration="28800">
      <short_event_descriptor lang="alb" name="Rrokum TV">Programe</short_event_descriptor>
      <extended_event_descriptor lang="alb">
        <text />
      </extended_event_descriptor>
    </event>
    <event id="30" start_time="2020-08-27 14:00:00" duration="28800">
      <short_event_descriptor lang="alb" name="Rrokum TV">Programe</short_event_descriptor>
      <extended_event_descriptor lang="alb">
        <text />
      </extended_event_descriptor>
    </event>
    <event id="31" start_time="2020-08-27 22:00:00" duration="28800">
      <short_event_descriptor lang="alb" name="Rrokum TV">Programe</short_event_descriptor>
      <extended_event_descriptor lang="alb">
        <text />
      </extended_event_descriptor>
    </event>
    <event id="32" start_time="2020-08-28 06:00:00" duration="28800">
      <short_event_descriptor lang="alb" name="Rrokum TV">Programe</short_event_descriptor>
      <extended_event_descriptor lang="alb">
        <text />
      </extended_event_descriptor>
    </event>
    <event id="33" start_time="2020-08-28 14:00:00" duration="28800">
      <short_event_descriptor lang="alb" name="Rrokum TV">Programe</short_event_descriptor>
      <extended_event_descriptor lang="alb">
        <text />
      </extended_event_descriptor>
    </event>
    <event id="34" start_time="2020-08-28 22:00:00" duration="28800">
      <short_event_descriptor lang="alb" name="Rrokum TV">Programe</short_event_descriptor>
      <extended_event_descriptor lang="alb">
        <text />
      </extended_event_descriptor>
    </event>
    <event id="35" start_time="2020-08-29 06:00:00" duration="28800">
      <short_event_descriptor lang="alb" name="Rrokum TV">Programe</short_event_descriptor>
      <extended_event_descriptor lang="alb">
        <text />
      </extended_event_descriptor>
    </event>
    <event id="36" start_time="2020-08-29 14:00:00" duration="28800">
      <short_event_descriptor lang="alb" name="Rrokum TV">Programe</short_event_descriptor>
      <extended_event_descriptor lang="alb">
        <text />
      </extended_event_descriptor>
    </event>
    <event id="37" start_time="2020-08-29 22:00:00" duration="28800">
      <short_event_descriptor lang="alb" name="Rrokum TV">Programe</short_event_descriptor>
      <extended_event_descriptor lang="alb">
        <text />
      </extended_event_descriptor>
    </event>
    <event id="38" start_time="2020-08-30 06:00:00" duration="28800">
      <short_event_descriptor lang="alb" name="Rrokum TV">Programe</short_event_descriptor>
      <extended_event_descriptor lang="alb">
        <text />
      </extended_event_descriptor>
    </event>
    <event id="39" start_time="2020-08-30 14:00:00" duration="28800">
      <short_event_descriptor lang="alb" name="Rrokum TV">Programe</short_event_descriptor>
      <extended_event_descriptor lang="alb">
        <text />
      </extended_event_descriptor>
    </event>
    <event id="40" start_time="2020-08-30 22:00:00" duration="28800">
      <short_event_descriptor lang="alb" name="Rrokum TV">Programe</short_event_descriptor>
      <extended_event_descriptor lang="alb">
        <text />
      </extended_event_descriptor>
    </event>
    <event id="41" start_time="2020-08-31 06:00:00" duration="28800">
      <short_event_descriptor lang="alb" name="Rrokum TV">Programe</short_event_descriptor>
      <extended_event_descriptor lang="alb">
        <text />
      </extended_event_descriptor>
    </event>
    <event id="42" start_time="2020-08-31 14:00:00" duration="28800">
      <short_event_descriptor lang="alb" name="Rrokum TV">Programe</short_event_descriptor>
      <extended_event_descriptor lang="alb">
        <text />
      </extended_event_descriptor>
    </event>
    <event id="43" start_time="2020-08-31 22:00:00" duration="28800">
      <short_event_descriptor lang="alb" name="Rrokum TV">Programe</short_event_descriptor>
      <extended_event_descriptor lang="alb">
        <text />
      </extended_event_descriptor>
    </event>
    <event id="44" start_time="2020-09-01 06:00:00" duration="28800">
      <short_event_descriptor lang="alb" name="Rrokum TV">Programe</short_event_descriptor>
      <extended_event_descriptor lang="alb">
        <text />
      </extended_event_descriptor>
    </event>
    <event id="45" start_time="2020-09-01 14:00:00" duration="28800">
      <short_event_descriptor lang="alb" name="Rrokum TV">Programe</short_event_descriptor>
      <extended_event_descriptor lang="alb">
        <text />
      </extended_event_descriptor>
    </event>
    <event id="46" start_time="2020-09-01 22:00:00" duration="28800">
      <short_event_descriptor lang="alb" name="Rrokum TV">Programe</short_event_descriptor>
      <extended_event_descriptor lang="alb">
        <text />
      </extended_event_descriptor>
    </event>
    <event id="47" start_time="2020-09-02 06:00:00" duration="28800">
      <short_event_descriptor lang="alb" name="Rrokum TV">Programe</short_event_descriptor>
      <extended_event_descriptor lang="alb">
        <text />
      </extended_event_descriptor>
    </event>
    <event id="48" start_time="2020-09-02 14:00:00" duration="28800">
      <short_event_descriptor lang="alb" name="Rrokum TV">Programe</short_event_descriptor>
      <extended_event_descriptor lang="alb">
        <text />
      </extended_event_descriptor>
    </event>
    <event id="49" start_time="2020-09-02 22:00:00" duration="28800">
      <short_event_descriptor lang="alb" name="Rrokum TV">Programe</short_event_descriptor>
      <extended_event_descriptor lang="alb">
        <text />
      </extended_event_descriptor>
    </event>
    <event id="50" start_time="2020-09-03 06:00:00" duration="28800">
      <short_event_descriptor lang="alb" name="Rrokum TV">Programe</short_event_descriptor>
      <extended_event_descriptor lang="alb">
        <text />
      </extended_event_descriptor>
    </event>
    <event id="51" start_time="2020-09-03 14:00:00" duration="28800">
      <short_event_descriptor lang="alb" name="Rrokum TV">Programe</short_event_descriptor>
      <extended_event_descriptor lang="alb">
        <text />
      </extended_event_descriptor>
    </event>
    <event id="52" start_time="2020-09-03 22:00:00" duration="28800">
      <short_event_descriptor lang="alb" name="Rrokum TV">Programe</short_event_descriptor>
      <extended_event_descriptor lang="alb">
        <text />
      </extended_event_descriptor>
    </event>
    <event id="53" start_time="2020-09-04 06:00:00" duration="28800">
      <short_event_descriptor lang="alb" name="Rrokum TV">Programe</short_event_descriptor>
      <extended_event_descriptor lang="alb">
        <text />
      </extended_event_descriptor>
    </event>
    <event id="54" start_time="2020-09-04 14:00:00" duration="28800">
      <short_event_descriptor lang="alb" name="Rrokum TV">Programe</short_event_descriptor>
      <extended_event_descriptor lang="alb">
        <text />
      </extended_event_descriptor>
    </event>
    <event id="55" start_time="2020-09-04 22:00:00" duration="28800">
      <short_event_descriptor lang="alb" name="Rrokum TV">Programe</short_event_descriptor>
      <extended_event_descriptor lang="alb">
        <text />
      </extended_event_descriptor>
    </event>
    <event id="56" start_time="2020-09-05 06:00:00" duration="28800">
      <short_event_descriptor lang="alb" name="Rrokum TV">Programe</short_event_descriptor>
      <extended_event_descriptor lang="alb">
        <text />
      </extended_event_descriptor>
    </event>
    <event id="57" start_time="2020-09-05 14:00:00" duration="28800">
      <short_event_descriptor lang="alb" name="Rrokum TV">Programe</short_event_descriptor>
      <extended_event_descriptor lang="alb">
        <text />
      </extended_event_descriptor>
    </event>
    <event id="58" start_time="2020-09-05 22:00:00" duration="28800">
      <short_event_descriptor lang="alb" name="Rrokum TV">Programe</short_event_descriptor>
      <extended_event_descriptor lang="alb">
        <text />
      </extended_event_descriptor>
    </event>
    <event id="59" start_time="2020-09-06 06:00:00" duration="28800">
      <short_event_descriptor lang="alb" name="Rrokum TV">Programe</short_event_descriptor>
      <extended_event_descriptor lang="alb">
        <text />
      </extended_event_descriptor>
    </event>
    <event id="60" start_time="2020-09-06 14:00:00" duration="28800">
      <short_event_descriptor lang="alb" name="Rrokum TV">Programe</short_event_descriptor>
      <extended_event_descriptor lang="alb">
        <text />
      </extended_event_descriptor>
    </event>
    <event id="61" start_time="2020-09-06 22:00:00" duration="28800">
      <short_event_descriptor lang="alb" name="Rrokum TV">Programe</short_event_descriptor>
      <extended_event_descriptor lang="alb">
        <text />
      </extended_event_descriptor>
    </event>
    <event id="62" start_time="2020-09-07 06:00:00" duration="28800">
      <short_event_descriptor lang="alb" name="Rrokum TV">Programe</short_event_descriptor>
      <extended_event_descriptor lang="alb">
        <text />
      </extended_event_descriptor>
    </event>
    <event id="63" start_time="2020-09-07 14:00:00" duration="28800">
      <short_event_descriptor lang="alb" name="Rrokum TV">Programe</short_event_descriptor>
      <extended_event_descriptor lang="alb">
        <text />
      </extended_event_descriptor>
    </event>
  </channel>
</WIDECAST_DVB>