<?xml version="1.0" encoding="ISO-8859-1"?>
<WIDECAST_DVB>
  <channel name="SuperSport HD 4">
    <event id="0" start_time="2021-12-08 17:45:00" duration="4500">
      <short_event_descriptor lang="alb" name="INFO">Info</short_event_descriptor>
      <extended_event_descriptor lang="alb">
        <text>Informacion rreth programit te Supersport.</text>
      </extended_event_descriptor>
    </event>
    <event id="1" start_time="2021-12-08 19:00:00" duration="43200">
      <short_event_descriptor lang="alb" name="INFO">Info</short_event_descriptor>
      <extended_event_descriptor lang="alb">
        <text>Informacion rreth programit te Supersport.</text>
      </extended_event_descriptor>
    </event>
    <event id="2" start_time="2021-12-09 07:00:00" duration="38700">
      <short_event_descriptor lang="alb" name="INFO">Info</short_event_descriptor>
      <extended_event_descriptor lang="alb">
        <text>Informacion rreth programit te Supersport.</text>
      </extended_event_descriptor>
    </event>
    <event id="3" start_time="2021-12-09 17:45:00" duration="7200">
      <short_event_descriptor lang="alb" name="Legia-Spartak M  Live">Futboll-Live</short_event_descriptor>
      <extended_event_descriptor lang="alb">
        <text>Europa League, sezoni 2021-2022. Sfide e vlefshme per grupin C nga stadiumi "Miejski" ne Warszawe. Komenti: Anarildo Alia.</text>
      </extended_event_descriptor>
    </event>
    <event id="4" start_time="2021-12-09 20:00:00" duration="7200">
      <short_event_descriptor lang="alb" name="Conference League - Golat Direkt">Futboll-Live</short_event_descriptor>
      <extended_event_descriptor lang="alb">
        <text>Europa dhe Conference League, sezoni 2021-2022. Lidhje direkte me cdo sfide te mbremjes, gola, raste, kartona, episode dhe gjithcka tjeter qe ofron ky kompeticion.</text>
      </extended_event_descriptor>
    </event>
    <event id="5" start_time="2021-12-09 22:00:00" duration="32400">
      <short_event_descriptor lang="alb" name="INFO">Info</short_event_descriptor>
      <extended_event_descriptor lang="alb">
        <text>Informacion rreth programit te Supersport.</text>
      </extended_event_descriptor>
    </event>
    <event id="6" start_time="2021-12-10 07:00:00" duration="43200">
      <short_event_descriptor lang="alb" name="INFO">Info</short_event_descriptor>
      <extended_event_descriptor lang="alb">
        <text>Informacion rreth programit te Supersport.</text>
      </extended_event_descriptor>
    </event>
    <event id="7" start_time="2021-12-10 19:00:00" duration="3600">
      <short_event_descriptor lang="alb" name="INFO">Info</short_event_descriptor>
      <extended_event_descriptor lang="alb">
        <text>Informacion rreth programit te Supersport.</text>
      </extended_event_descriptor>
    </event>
    <event id="8" start_time="2021-12-10 20:00:00" duration="7200">
      <short_event_descriptor lang="alb" name="Gijon-Huesca  Live">Futboll-Live</short_event_descriptor>
      <extended_event_descriptor lang="alb">
        <text>Segunda Division, sezoni 2021-2022. Sfide e vlefshme per javen e 20-te nga stadiumi "Municipal El Molinon" ne Gijon. Komenti: Alked Gjebrea. </text>
      </extended_event_descriptor>
    </event>
    <event id="9" start_time="2021-12-10 22:00:00" duration="32400">
      <short_event_descriptor lang="alb" name="INFO">Info</short_event_descriptor>
      <extended_event_descriptor lang="alb">
        <text>Informacion rreth programit te Supersport.</text>
      </extended_event_descriptor>
    </event>
    <event id="10" start_time="2021-12-11 07:00:00" duration="28800">
      <short_event_descriptor lang="alb" name="INFO">Info</short_event_descriptor>
      <extended_event_descriptor lang="alb">
        <text>Informacion rreth programit te Supersport.</text>
      </extended_event_descriptor>
    </event>
    <event id="11" start_time="2021-12-11 15:00:00" duration="7200">
      <short_event_descriptor lang="alb" name="Arsenal-Southampton  Live">Futboll-Live</short_event_descriptor>
      <extended_event_descriptor lang="alb">
        <text>Premier League, sezoni 2021-2022. Sfide e vlefshme per javen e 16-te nga stadiumi "Emirates" ne Londer. Komenti: Egi Duro.</text>
      </extended_event_descriptor>
    </event>
    <event id="12" start_time="2021-12-11 17:00:00" duration="1800">
      <short_event_descriptor lang="alb" name="INFO">Info</short_event_descriptor>
      <extended_event_descriptor lang="alb">
        <text>Informacion rreth programit te Supersport.</text>
      </extended_event_descriptor>
    </event>
    <event id="13" start_time="2021-12-11 17:30:00" duration="7200">
      <short_event_descriptor lang="alb" name="Wolfsburg-Stuttgart  Live">Futboll-Live</short_event_descriptor>
      <extended_event_descriptor lang="alb">
        <text>Bundesliga 1, sezoni 2021-2022. Sfide e vlefshme per javen e 15-te nga stadiumi "Volkswagen Arena" ne Wolfsburg. Komenti: Alked Gjebrea.</text>
      </extended_event_descriptor>
    </event>
    <event id="14" start_time="2021-12-11 19:30:00" duration="41400">
      <short_event_descriptor lang="alb" name="INFO">Info</short_event_descriptor>
      <extended_event_descriptor lang="alb">
        <text>Informacion rreth programit te Supersport.</text>
      </extended_event_descriptor>
    </event>
    <event id="15" start_time="2021-12-12 07:00:00" duration="43200">
      <short_event_descriptor lang="alb" name="INFO">Info</short_event_descriptor>
      <extended_event_descriptor lang="alb">
        <text>Informacion rreth programit te Supersport.</text>
      </extended_event_descriptor>
    </event>
    <event id="16" start_time="2021-12-12 19:00:00" duration="43200">
      <short_event_descriptor lang="alb" name="INFO">Info</short_event_descriptor>
      <extended_event_descriptor lang="alb">
        <text>Informacion rreth programit te Supersport.</text>
      </extended_event_descriptor>
    </event>
    <event id="17" start_time="2021-12-13 07:00:00" duration="43200">
      <short_event_descriptor lang="alb" name="INFO">Info</short_event_descriptor>
      <extended_event_descriptor lang="alb">
        <text>Informacion rreth programit te Supersport.</text>
      </extended_event_descriptor>
    </event>
    <event id="18" start_time="2021-12-13 19:00:00" duration="43200">
      <short_event_descriptor lang="alb" name="INFO">Info</short_event_descriptor>
      <extended_event_descriptor lang="alb">
        <text>Informacion rreth programit te Supersport.</text>
      </extended_event_descriptor>
    </event>
    <event id="19" start_time="2021-12-14 07:00:00" duration="43200">
      <short_event_descriptor lang="alb" name="INFO">Info</short_event_descriptor>
      <extended_event_descriptor lang="alb">
        <text>Informacion rreth programit te Supersport.</text>
      </extended_event_descriptor>
    </event>
    <event id="20" start_time="2021-12-14 19:00:00" duration="43200">
      <short_event_descriptor lang="alb" name="INFO">Info</short_event_descriptor>
      <extended_event_descriptor lang="alb">
        <text>Informacion rreth programit te Supersport.</text>
      </extended_event_descriptor>
    </event>
    <event id="21" start_time="2021-12-15 07:00:00" duration="43200">
      <short_event_descriptor lang="alb" name="INFO">Info</short_event_descriptor>
      <extended_event_descriptor lang="alb">
        <text>Informacion rreth programit te Supersport.</text>
      </extended_event_descriptor>
    </event>
    <event id="22" start_time="2021-12-15 19:00:00" duration="43200">
      <short_event_descriptor lang="alb" name="INFO">Info</short_event_descriptor>
      <extended_event_descriptor lang="alb">
        <text>Informacion rreth programit te Supersport.</text>
      </extended_event_descriptor>
    </event>
    <event id="23" start_time="2021-12-16 07:00:00" duration="43200">
      <short_event_descriptor lang="alb" name="INFO">Info</short_event_descriptor>
      <extended_event_descriptor lang="alb">
        <text>Informacion rreth programit te Supersport.</text>
      </extended_event_descriptor>
    </event>
    <event id="24" start_time="2021-12-16 19:00:00" duration="43200">
      <short_event_descriptor lang="alb" name="INFO">Info</short_event_descriptor>
      <extended_event_descriptor lang="alb">
        <text>Informacion rreth programit te Supersport.</text>
      </extended_event_descriptor>
    </event>
    <event id="25" start_time="2021-12-17 07:00:00" duration="43200">
      <short_event_descriptor lang="alb" name="INFO">Info</short_event_descriptor>
      <extended_event_descriptor lang="alb">
        <text>Informacion rreth programit te Supersport.</text>
      </extended_event_descriptor>
    </event>
    <event id="26" start_time="2021-12-17 19:00:00" duration="43200">
      <short_event_descriptor lang="alb" name="INFO">Info</short_event_descriptor>
      <extended_event_descriptor lang="alb">
        <text>Informacion rreth programit te Supersport.</text>
      </extended_event_descriptor>
    </event>
    <event id="27" start_time="2021-12-18 07:00:00" duration="43200">
      <short_event_descriptor lang="alb" name="INFO">Info</short_event_descriptor>
      <extended_event_descriptor lang="alb">
        <text>Informacion rreth programit te Supersport.</text>
      </extended_event_descriptor>
    </event>
    <event id="28" start_time="2021-12-18 19:00:00" duration="43200">
      <short_event_descriptor lang="alb" name="INFO">Info</short_event_descriptor>
      <extended_event_descriptor lang="alb">
        <text>Informacion rreth programit te Supersport.</text>
      </extended_event_descriptor>
    </event>
    <event id="29" start_time="2021-12-19 07:00:00" duration="43200">
      <short_event_descriptor lang="alb" name="INFO">Info</short_event_descriptor>
      <extended_event_descriptor lang="alb">
        <text>Informacion rreth programit te Supersport.</text>
      </extended_event_descriptor>
    </event>
    <event id="30" start_time="2021-12-19 19:00:00" duration="43200">
      <short_event_descriptor lang="alb" name="INFO">Info</short_event_descriptor>
      <extended_event_descriptor lang="alb">
        <text>Informacion rreth programit te Supersport.</text>
      </extended_event_descriptor>
    </event>
    <event id="31" start_time="2021-12-20 07:00:00" duration="43200">
      <short_event_descriptor lang="alb" name="INFO">Info</short_event_descriptor>
      <extended_event_descriptor lang="alb">
        <text>Informacion rreth programit te Supersport.</text>
      </extended_event_descriptor>
    </event>
    <event id="32" start_time="2021-12-20 19:00:00" duration="43200">
      <short_event_descriptor lang="alb" name="INFO">Info</short_event_descriptor>
      <extended_event_descriptor lang="alb">
        <text>Informacion rreth programit te Supersport.</text>
      </extended_event_descriptor>
    </event>
    <event id="33" start_time="2021-12-21 07:00:00" duration="43200">
      <short_event_descriptor lang="alb" name="INFO">Info</short_event_descriptor>
      <extended_event_descriptor lang="alb">
        <text>Informacion rreth programit te Supersport.</text>
      </extended_event_descriptor>
    </event>
    <event id="34" start_time="2021-12-21 19:00:00" duration="43200">
      <short_event_descriptor lang="alb" name="INFO">Info</short_event_descriptor>
      <extended_event_descriptor lang="alb">
        <text>Informacion rreth programit te Supersport.</text>
      </extended_event_descriptor>
    </event>
    <event id="35" start_time="2021-12-22 07:00:00" duration="43200">
      <short_event_descriptor lang="alb" name="INFO">Info</short_event_descriptor>
      <extended_event_descriptor lang="alb">
        <text>Informacion rreth programit te Supersport.</text>
      </extended_event_descriptor>
    </event>
    <event id="36" start_time="2021-12-22 19:00:00" duration="43200">
      <short_event_descriptor lang="alb" name="INFO">Info</short_event_descriptor>
      <extended_event_descriptor lang="alb">
        <text>Informacion rreth programit te Supersport.</text>
      </extended_event_descriptor>
    </event>
    <event id="37" start_time="2021-12-23 07:00:00" duration="43200">
      <short_event_descriptor lang="alb" name="INFO">Info</short_event_descriptor>
      <extended_event_descriptor lang="alb">
        <text>Informacion rreth programit te Supersport.</text>
      </extended_event_descriptor>
    </event>
    <event id="38" start_time="2021-12-23 19:00:00" duration="43200">
      <short_event_descriptor lang="alb" name="INFO">Info</short_event_descriptor>
      <extended_event_descriptor lang="alb">
        <text>Informacion rreth programit te Supersport.</text>
      </extended_event_descriptor>
    </event>
    <event id="39" start_time="2021-12-24 07:00:00" duration="43200">
      <short_event_descriptor lang="alb" name="INFO">Info</short_event_descriptor>
      <extended_event_descriptor lang="alb">
        <text>Informacion rreth programit te Supersport.</text>
      </extended_event_descriptor>
    </event>
    <event id="40" start_time="2021-12-24 19:00:00" duration="43200">
      <short_event_descriptor lang="alb" name="INFO">Info</short_event_descriptor>
      <extended_event_descriptor lang="alb">
        <text>Informacion rreth programit te Supersport.</text>
      </extended_event_descriptor>
    </event>
    <event id="41" start_time="2021-12-25 07:00:00" duration="43200">
      <short_event_descriptor lang="alb" name="INFO">Info</short_event_descriptor>
      <extended_event_descriptor lang="alb">
        <text>Informacion rreth programit te Supersport.</text>
      </extended_event_descriptor>
    </event>
    <event id="42" start_time="2021-12-25 19:00:00" duration="43200">
      <short_event_descriptor lang="alb" name="INFO">Info</short_event_descriptor>
      <extended_event_descriptor lang="alb">
        <text>Informacion rreth programit te Supersport.</text>
      </extended_event_descriptor>
    </event>
    <event id="43" start_time="2021-12-26 07:00:00" duration="43200">
      <short_event_descriptor lang="alb" name="INFO">Info</short_event_descriptor>
      <extended_event_descriptor lang="alb">
        <text>Informacion rreth programit te Supersport.</text>
      </extended_event_descriptor>
    </event>
    <event id="44" start_time="2021-12-26 19:00:00" duration="43200">
      <short_event_descriptor lang="alb" name="INFO">Info</short_event_descriptor>
      <extended_event_descriptor lang="alb">
        <text>Informacion rreth programit te Supersport.</text>
      </extended_event_descriptor>
    </event>
    <event id="45" start_time="2021-12-27 07:00:00" duration="43200">
      <short_event_descriptor lang="alb" name="INFO">Info</short_event_descriptor>
      <extended_event_descriptor lang="alb">
        <text>Informacion rreth programit te Supersport.</text>
      </extended_event_descriptor>
    </event>
    <event id="46" start_time="2021-12-27 19:00:00" duration="43200">
      <short_event_descriptor lang="alb" name="INFO">Info</short_event_descriptor>
      <extended_event_descriptor lang="alb">
        <text>Informacion rreth programit te Supersport.</text>
      </extended_event_descriptor>
    </event>
    <event id="47" start_time="2021-12-28 07:00:00" duration="43200">
      <short_event_descriptor lang="alb" name="INFO">Info</short_event_descriptor>
      <extended_event_descriptor lang="alb">
        <text>Informacion rreth programit te Supersport.</text>
      </extended_event_descriptor>
    </event>
    <event id="48" start_time="2021-12-28 19:00:00" duration="43200">
      <short_event_descriptor lang="alb" name="INFO">Info</short_event_descriptor>
      <extended_event_descriptor lang="alb">
        <text>Informacion rreth programit te Supersport.</text>
      </extended_event_descriptor>
    </event>
    <event id="49" start_time="2021-12-29 07:00:00" duration="43200">
      <short_event_descriptor lang="alb" name="INFO">Info</short_event_descriptor>
      <extended_event_descriptor lang="alb">
        <text>Informacion rreth programit te Supersport.</text>
      </extended_event_descriptor>
    </event>
    <event id="50" start_time="2021-12-29 19:00:00" duration="43200">
      <short_event_descriptor lang="alb" name="INFO">Info</short_event_descriptor>
      <extended_event_descriptor lang="alb">
        <text>Informacion rreth programit te Supersport.</text>
      </extended_event_descriptor>
    </event>
    <event id="51" start_time="2021-12-30 07:00:00" duration="43200">
      <short_event_descriptor lang="alb" name="INFO">Info</short_event_descriptor>
      <extended_event_descriptor lang="alb">
        <text>Informacion rreth programit te Supersport.</text>
      </extended_event_descriptor>
    </event>
    <event id="52" start_time="2021-12-30 19:00:00" duration="43200">
      <short_event_descriptor lang="alb" name="INFO">Info</short_event_descriptor>
      <extended_event_descriptor lang="alb">
        <text>Informacion rreth programit te Supersport.</text>
      </extended_event_descriptor>
    </event>
    <event id="53" start_time="2021-12-31 07:00:00" duration="43200">
      <short_event_descriptor lang="alb" name="INFO">Info</short_event_descriptor>
      <extended_event_descriptor lang="alb">
        <text>Informacion rreth programit te Supersport.</text>
      </extended_event_descriptor>
    </event>
    <event id="54" start_time="2021-12-31 19:00:00" duration="43200">
      <short_event_descriptor lang="alb" name="INFO">Info</short_event_descriptor>
      <extended_event_descriptor lang="alb">
        <text>Informacion rreth programit te Supersport.</text>
      </extended_event_descriptor>
    </event>
    <event id="55" start_time="2022-12-01 07:00:00" duration="43200">
      <short_event_descriptor lang="alb" name="INFO">Info</short_event_descriptor>
      <extended_event_descriptor lang="alb">
        <text>Informacion rreth programit te Supersport.</text>
      </extended_event_descriptor>
    </event>
    <event id="56" start_time="2022-12-01 19:00:00" duration="43200">
      <short_event_descriptor lang="alb" name="INFO">Info</short_event_descriptor>
      <extended_event_descriptor lang="alb">
        <text>Informacion rreth programit te Supersport.</text>
      </extended_event_descriptor>
    </event>
    <event id="57" start_time="2022-12-02 07:00:00" duration="43200">
      <short_event_descriptor lang="alb" name="INFO">Info</short_event_descriptor>
      <extended_event_descriptor lang="alb">
        <text>Informacion rreth programit te Supersport.</text>
      </extended_event_descriptor>
    </event>
    <event id="58" start_time="2022-12-02 19:00:00" duration="43200">
      <short_event_descriptor lang="alb" name="INFO">Info</short_event_descriptor>
      <extended_event_descriptor lang="alb">
        <text>Informacion rreth programit te Supersport.</text>
      </extended_event_descriptor>
    </event>
    <event id="59" start_time="2022-12-03 07:00:00" duration="43200">
      <short_event_descriptor lang="alb" name="INFO">Info</short_event_descriptor>
      <extended_event_descriptor lang="alb">
        <text>Informacion rreth programit te Supersport.</text>
      </extended_event_descriptor>
    </event>
    <event id="60" start_time="2022-12-03 19:00:00" duration="43200">
      <short_event_descriptor lang="alb" name="INFO">Info</short_event_descriptor>
      <extended_event_descriptor lang="alb">
        <text>Informacion rreth programit te Supersport.</text>
      </extended_event_descriptor>
    </event>
    <event id="61" start_time="2022-12-04 07:00:00" duration="43200">
      <short_event_descriptor lang="alb" name="INFO">Info</short_event_descriptor>
      <extended_event_descriptor lang="alb">
        <text>Informacion rreth programit te Supersport.</text>
      </extended_event_descriptor>
    </event>
    <event id="62" start_time="2022-12-04 19:00:00" duration="43200">
      <short_event_descriptor lang="alb" name="INFO">Info</short_event_descriptor>
      <extended_event_descriptor lang="alb">
        <text>Informacion rreth programit te Supersport.</text>
      </extended_event_descriptor>
    </event>
    <event id="63" start_time="2022-12-05 07:00:00" duration="43200">
      <short_event_descriptor lang="alb" name="INFO">Info</short_event_descriptor>
      <extended_event_descriptor lang="alb">
        <text>Informacion rreth programit te Supersport.</text>
      </extended_event_descriptor>
    </event>
    <event id="64" start_time="2022-12-05 19:00:00" duration="43200">
      <short_event_descriptor lang="alb" name="INFO">Info</short_event_descriptor>
      <extended_event_descriptor lang="alb">
        <text>Informacion rreth programit te Supersport.</text>
      </extended_event_descriptor>
    </event>
    <event id="65" start_time="2022-12-06 07:00:00" duration="43200">
      <short_event_descriptor lang="alb" name="INFO">Info</short_event_descriptor>
      <extended_event_descriptor lang="alb">
        <text>Informacion rreth programit te Supersport.</text>
      </extended_event_descriptor>
    </event>
    <event id="66" start_time="2022-12-06 19:00:00" duration="43200">
      <short_event_descriptor lang="alb" name="INFO">Info</short_event_descriptor>
      <extended_event_descriptor lang="alb">
        <text>Informacion rreth programit te Supersport.</text>
      </extended_event_descriptor>
    </event>
    <event id="67" start_time="2022-12-07 07:00:00" duration="43200">
      <short_event_descriptor lang="alb" name="INFO">Info</short_event_descriptor>
      <extended_event_descriptor lang="alb">
        <text>Informacion rreth programit te Supersport.</text>
      </extended_event_descriptor>
    </event>
    <event id="68" start_time="2022-12-07 19:00:00" duration="43200">
      <short_event_descriptor lang="alb" name="INFO">Info</short_event_descriptor>
      <extended_event_descriptor lang="alb">
        <text>Informacion rreth programit te Supersport.</text>
      </extended_event_descriptor>
    </event>
    <event id="69" start_time="2022-12-08 07:00:00" duration="43200">
      <short_event_descriptor lang="alb" name="INFO">Info</short_event_descriptor>
      <extended_event_descriptor lang="alb">
        <text>Informacion rreth programit te Supersport.</text>
      </extended_event_descriptor>
    </event>
    <event id="70" start_time="2022-12-08 19:00:00" duration="43200">
      <short_event_descriptor lang="alb" name="INFO">Info</short_event_descriptor>
      <extended_event_descriptor lang="alb">
        <text>Informacion rreth programit te Supersport.</text>
      </extended_event_descriptor>
    </event>
    <event id="71" start_time="2022-12-09 07:00:00" duration="43200">
      <short_event_descriptor lang="alb" name="INFO">Info</short_event_descriptor>
      <extended_event_descriptor lang="alb">
        <text>Informacion rreth programit te Supersport.</text>
      </extended_event_descriptor>
    </event>
    <event id="72" start_time="2022-12-09 19:00:00" duration="43200">
      <short_event_descriptor lang="alb" name="INFO">Info</short_event_descriptor>
      <extended_event_descriptor lang="alb">
        <text>Informacion rreth programit te Supersport.</text>
      </extended_event_descriptor>
    </event>
    <event id="73" start_time="2022-12-10 07:00:00" duration="43200">
      <short_event_descriptor lang="alb" name="INFO">Info</short_event_descriptor>
      <extended_event_descriptor lang="alb">
        <text>Informacion rreth programit te Supersport.</text>
      </extended_event_descriptor>
    </event>
    <event id="74" start_time="2022-12-10 19:00:00" duration="43200">
      <short_event_descriptor lang="alb" name="INFO">Info</short_event_descriptor>
      <extended_event_descriptor lang="alb">
        <text>Informacion rreth programit te Supersport.</text>
      </extended_event_descriptor>
    </event>
    <event id="75" start_time="2022-12-11 07:00:00" duration="43200">
      <short_event_descriptor lang="alb" name="INFO">Info</short_event_descriptor>
      <extended_event_descriptor lang="alb">
        <text>Informacion rreth programit te Supersport.</text>
      </extended_event_descriptor>
    </event>
    <event id="76" start_time="2022-12-11 19:00:00" duration="43200">
      <short_event_descriptor lang="alb" name="INFO">Info</short_event_descriptor>
      <extended_event_descriptor lang="alb">
        <text>Informacion rreth programit te Supersport.</text>
      </extended_event_descriptor>
    </event>
    <event id="77" start_time="2022-12-12 07:00:00" duration="43200">
      <short_event_descriptor lang="alb" name="INFO">Info</short_event_descriptor>
      <extended_event_descriptor lang="alb">
        <text>Informacion rreth programit te Supersport.</text>
      </extended_event_descriptor>
    </event>
    <event id="78" start_time="2022-12-12 19:00:00" duration="43200">
      <short_event_descriptor lang="alb" name="INFO">Info</short_event_descriptor>
      <extended_event_descriptor lang="alb">
        <text>Informacion rreth programit te Supersport.</text>
      </extended_event_descriptor>
    </event>
    <event id="79" start_time="2022-12-13 07:00:00" duration="43200">
      <short_event_descriptor lang="alb" name="INFO">Info</short_event_descriptor>
      <extended_event_descriptor lang="alb">
        <text>Informacion rreth programit te Supersport.</text>
      </extended_event_descriptor>
    </event>
    <event id="80" start_time="2022-12-13 19:00:00" duration="43200">
      <short_event_descriptor lang="alb" name="INFO">Info</short_event_descriptor>
      <extended_event_descriptor lang="alb">
        <text>Informacion rreth programit te Supersport.</text>
      </extended_event_descriptor>
    </event>
    <event id="81" start_time="2022-12-14 07:00:00" duration="43200">
      <short_event_descriptor lang="alb" name="INFO">Info</short_event_descriptor>
      <extended_event_descriptor lang="alb">
        <text>Informacion rreth programit te Supersport.</text>
      </extended_event_descriptor>
    </event>
    <event id="82" start_time="2022-12-14 19:00:00" duration="43200">
      <short_event_descriptor lang="alb" name="INFO">Info</short_event_descriptor>
      <extended_event_descriptor lang="alb">
        <text>Informacion rreth programit te Supersport.</text>
      </extended_event_descriptor>
    </event>
    <event id="83" start_time="2022-12-15 07:00:00" duration="43200">
      <short_event_descriptor lang="alb" name="INFO">Info</short_event_descriptor>
      <extended_event_descriptor lang="alb">
        <text>Informacion rreth programit te Supersport.</text>
      </extended_event_descriptor>
    </event>
    <event id="84" start_time="2022-12-15 19:00:00" duration="43200">
      <short_event_descriptor lang="alb" name="INFO">Info</short_event_descriptor>
      <extended_event_descriptor lang="alb">
        <text>Informacion rreth programit te Supersport.</text>
      </extended_event_descriptor>
    </event>
    <event id="85" start_time="2022-12-16 07:00:00" duration="43200">
      <short_event_descriptor lang="alb" name="INFO">Info</short_event_descriptor>
      <extended_event_descriptor lang="alb">
        <text>Informacion rreth programit te Supersport.</text>
      </extended_event_descriptor>
    </event>
    <event id="86" start_time="2022-12-16 19:00:00" duration="43200">
      <short_event_descriptor lang="alb" name="INFO">Info</short_event_descriptor>
      <extended_event_descriptor lang="alb">
        <text>Informacion rreth programit te Supersport.</text>
      </extended_event_descriptor>
    </event>
    <event id="87" start_time="2022-12-17 07:00:00" duration="43200">
      <short_event_descriptor lang="alb" name="INFO">Info</short_event_descriptor>
      <extended_event_descriptor lang="alb">
        <text>Informacion rreth programit te Supersport.</text>
      </extended_event_descriptor>
    </event>
    <event id="88" start_time="2022-12-17 19:00:00" duration="43200">
      <short_event_descriptor lang="alb" name="INFO">Info</short_event_descriptor>
      <extended_event_descriptor lang="alb">
        <text>Informacion rreth programit te Supersport.</text>
      </extended_event_descriptor>
    </event>
    <event id="89" start_time="2022-12-18 07:00:00" duration="43200">
      <short_event_descriptor lang="alb" name="INFO">Info</short_event_descriptor>
      <extended_event_descriptor lang="alb">
        <text>Informacion rreth programit te Supersport.</text>
      </extended_event_descriptor>
    </event>
    <event id="90" start_time="2022-12-18 19:00:00" duration="43200">
      <short_event_descriptor lang="alb" name="INFO">Info</short_event_descriptor>
      <extended_event_descriptor lang="alb">
        <text>Informacion rreth programit te Supersport.</text>
      </extended_event_descriptor>
    </event>
    <event id="91" start_time="2022-12-19 07:00:00" duration="43200">
      <short_event_descriptor lang="alb" name="INFO">Info</short_event_descriptor>
      <extended_event_descriptor lang="alb">
        <text>Informacion rreth programit te Supersport.</text>
      </extended_event_descriptor>
    </event>
    <event id="92" start_time="2022-12-19 19:00:00" duration="43200">
      <short_event_descriptor lang="alb" name="INFO">Info</short_event_descriptor>
      <extended_event_descriptor lang="alb">
        <text>Informacion rreth programit te Supersport.</text>
      </extended_event_descriptor>
    </event>
    <event id="93" start_time="2022-12-20 07:00:00" duration="43200">
      <short_event_descriptor lang="alb" name="INFO">Info</short_event_descriptor>
      <extended_event_descriptor lang="alb">
        <text>Informacion rreth programit te Supersport.</text>
      </extended_event_descriptor>
    </event>
    <event id="94" start_time="2022-12-20 19:00:00" duration="43200">
      <short_event_descriptor lang="alb" name="INFO">Info</short_event_descriptor>
      <extended_event_descriptor lang="alb">
        <text>Informacion rreth programit te Supersport.</text>
      </extended_event_descriptor>
    </event>
    <event id="95" start_time="2022-12-21 07:00:00" duration="43200">
      <short_event_descriptor lang="alb" name="INFO">Info</short_event_descriptor>
      <extended_event_descriptor lang="alb">
        <text>Informacion rreth programit te Supersport.</text>
      </extended_event_descriptor>
    </event>
    <event id="96" start_time="2022-12-21 19:00:00" duration="43200">
      <short_event_descriptor lang="alb" name="INFO">Info</short_event_descriptor>
      <extended_event_descriptor lang="alb">
        <text>Informacion rreth programit te Supersport.</text>
      </extended_event_descriptor>
    </event>
    <event id="97" start_time="2022-12-22 07:00:00" duration="43200">
      <short_event_descriptor lang="alb" name="INFO">Info</short_event_descriptor>
      <extended_event_descriptor lang="alb">
        <text>Informacion rreth programit te Supersport.</text>
      </extended_event_descriptor>
    </event>
    <event id="98" start_time="2022-12-22 19:00:00" duration="43200">
      <short_event_descriptor lang="alb" name="INFO">Info</short_event_descriptor>
      <extended_event_descriptor lang="alb">
        <text>Informacion rreth programit te Supersport.</text>
      </extended_event_descriptor>
    </event>
    <event id="99" start_time="2022-12-23 07:00:00" duration="43200">
      <short_event_descriptor lang="alb" name="INFO">Info</short_event_descriptor>
      <extended_event_descriptor lang="alb">
        <text>Informacion rreth programit te Supersport.</text>
      </extended_event_descriptor>
    </event>
    <event id="100" start_time="2022-12-23 19:00:00" duration="43200">
      <short_event_descriptor lang="alb" name="INFO">Info</short_event_descriptor>
      <extended_event_descriptor lang="alb">
        <text>Informacion rreth programit te Supersport.</text>
      </extended_event_descriptor>
    </event>
    <event id="101" start_time="2022-12-24 07:00:00" duration="43200">
      <short_event_descriptor lang="alb" name="INFO">Info</short_event_descriptor>
      <extended_event_descriptor lang="alb">
        <text>Informacion rreth programit te Supersport.</text>
      </extended_event_descriptor>
    </event>
    <event id="102" start_time="2022-12-24 19:00:00" duration="43200">
      <short_event_descriptor lang="alb" name="INFO">Info</short_event_descriptor>
      <extended_event_descriptor lang="alb">
        <text>Informacion rreth programit te Supersport.</text>
      </extended_event_descriptor>
    </event>
    <event id="103" start_time="2022-12-25 07:00:00" duration="43200">
      <short_event_descriptor lang="alb" name="INFO">Info</short_event_descriptor>
      <extended_event_descriptor lang="alb">
        <text>Informacion rreth programit te Supersport.</text>
      </extended_event_descriptor>
    </event>
    <event id="104" start_time="2022-12-25 19:00:00" duration="43200">
      <short_event_descriptor lang="alb" name="INFO">Info</short_event_descriptor>
      <extended_event_descriptor lang="alb">
        <text>Informacion rreth programit te Supersport.</text>
      </extended_event_descriptor>
    </event>
    <event id="105" start_time="2022-12-26 07:00:00" duration="43200">
      <short_event_descriptor lang="alb" name="INFO">Info</short_event_descriptor>
      <extended_event_descriptor lang="alb">
        <text>Informacion rreth programit te Supersport.</text>
      </extended_event_descriptor>
    </event>
    <event id="106" start_time="2022-12-26 19:00:00" duration="43200">
      <short_event_descriptor lang="alb" name="INFO">Info</short_event_descriptor>
      <extended_event_descriptor lang="alb">
        <text>Informacion rreth programit te Supersport.</text>
      </extended_event_descriptor>
    </event>
    <event id="107" start_time="2022-12-27 07:00:00" duration="43200">
      <short_event_descriptor lang="alb" name="INFO">Info</short_event_descriptor>
      <extended_event_descriptor lang="alb">
        <text>Informacion rreth programit te Supersport.</text>
      </extended_event_descriptor>
    </event>
    <event id="108" start_time="2022-12-27 19:00:00" duration="43200">
      <short_event_descriptor lang="alb" name="INFO">Info</short_event_descriptor>
      <extended_event_descriptor lang="alb">
        <text>Informacion rreth programit te Supersport.</text>
      </extended_event_descriptor>
    </event>
    <event id="109" start_time="2022-12-28 07:00:00" duration="43200">
      <short_event_descriptor lang="alb" name="INFO">Info</short_event_descriptor>
      <extended_event_descriptor lang="alb">
        <text>Informacion rreth programit te Supersport.</text>
      </extended_event_descriptor>
    </event>
    <event id="110" start_time="2022-12-28 19:00:00" duration="43200">
      <short_event_descriptor lang="alb" name="INFO">Info</short_event_descriptor>
      <extended_event_descriptor lang="alb">
        <text>Informacion rreth programit te Supersport.</text>
      </extended_event_descriptor>
    </event>
    <event id="111" start_time="2022-12-29 07:00:00" duration="43200">
      <short_event_descriptor lang="alb" name="INFO">Info</short_event_descriptor>
      <extended_event_descriptor lang="alb">
        <text>Informacion rreth programit te Supersport.</text>
      </extended_event_descriptor>
    </event>
    <event id="112" start_time="2022-12-29 19:00:00" duration="43200">
      <short_event_descriptor lang="alb" name="INFO">Info</short_event_descriptor>
      <extended_event_descriptor lang="alb">
        <text>Informacion rreth programit te Supersport.</text>
      </extended_event_descriptor>
    </event>
    <event id="113" start_time="2022-12-30 07:00:00" duration="43200">
      <short_event_descriptor lang="alb" name="INFO">Info</short_event_descriptor>
      <extended_event_descriptor lang="alb">
        <text>Informacion rreth programit te Supersport.</text>
      </extended_event_descriptor>
    </event>
    <event id="114" start_time="2022-12-30 19:00:00" duration="43200">
      <short_event_descriptor lang="alb" name="INFO">Info</short_event_descriptor>
      <extended_event_descriptor lang="alb">
        <text>Informacion rreth programit te Supersport.</text>
      </extended_event_descriptor>
    </event>
    <event id="115" start_time="2022-12-31 07:00:00" duration="43200">
      <short_event_descriptor lang="alb" name="INFO">Info</short_event_descriptor>
      <extended_event_descriptor lang="alb">
        <text>Informacion rreth programit te Supersport.</text>
      </extended_event_descriptor>
    </event>
    <event id="116" start_time="2022-12-31 19:00:00" duration="43200">
      <short_event_descriptor lang="alb" name="INFO">Info</short_event_descriptor>
      <extended_event_descriptor lang="alb">
        <text>Informacion rreth programit te Supersport.</text>
      </extended_event_descriptor>
    </event>
  </channel>
</WIDECAST_DVB>