<?xml version="1.0" encoding="ISO-8859-1"?>
<WIDECAST_DVB>
  <channel name="Telesport">
    <event id="0" start_time="2019-03-29 07:00:00" duration="43200">
      <short_event_descriptor lang="alb" name="Programet e Telesport">Programe sportive</short_event_descriptor>
      <extended_event_descriptor lang="alb">
        <text>Programet dhe emisionet sportive te kanalit Telesport  

</text>
      </extended_event_descriptor>
    </event>
    <event id="1" start_time="2019-03-29 19:00:00" duration="43200">
      <short_event_descriptor lang="alb" name="Programet e Telesport">Programe sportive</short_event_descriptor>
      <extended_event_descriptor lang="alb">
        <text>Programet dhe emisionet sportive te kanalit Telesport  

</text>
      </extended_event_descriptor>
    </event>
    <event id="2" start_time="2019-03-30 07:00:00" duration="43200">
      <short_event_descriptor lang="alb" name="Programet e Telesport">Programe sportive</short_event_descriptor>
      <extended_event_descriptor lang="alb">
        <text>Programet dhe emisionet sportive te kanalit Telesport  

</text>
      </extended_event_descriptor>
    </event>
    <event id="3" start_time="2019-03-30 19:00:00" duration="43200">
      <short_event_descriptor lang="alb" name="Programet e Telesport">Programe sportive</short_event_descriptor>
      <extended_event_descriptor lang="alb">
        <text>Programet dhe emisionet sportive te kanalit Telesport  

</text>
      </extended_event_descriptor>
    </event>
    <event id="4" start_time="2019-03-31 06:00:00" duration="43200">
      <short_event_descriptor lang="alb" name="Programet e Telesport">Programe sportive</short_event_descriptor>
      <extended_event_descriptor lang="alb">
        <text>Programet dhe emisionet sportive te kanalit Telesport  

</text>
      </extended_event_descriptor>
    </event>
    <event id="5" start_time="2019-03-31 18:00:00" duration="43200">
      <short_event_descriptor lang="alb" name="Programet e Telesport">Programe sportive</short_event_descriptor>
      <extended_event_descriptor lang="alb">
        <text>Programet dhe emisionet sportive te kanalit Telesport  

</text>
      </extended_event_descriptor>
    </event>
    <event id="6" start_time="2019-04-01 06:00:00" duration="43200">
      <short_event_descriptor lang="alb" name="Programet e Telesport">Programe sportive</short_event_descriptor>
      <extended_event_descriptor lang="alb">
        <text>Programet dhe emisionet sportive te kanalit Telesport  

</text>
      </extended_event_descriptor>
    </event>
    <event id="7" start_time="2019-04-01 18:00:00" duration="43200">
      <short_event_descriptor lang="alb" name="Programet e Telesport">Programe sportive</short_event_descriptor>
      <extended_event_descriptor lang="alb">
        <text>Programet dhe emisionet sportive te kanalit Telesport  

</text>
      </extended_event_descriptor>
    </event>
    <event id="8" start_time="2019-04-02 06:00:00" duration="43200">
      <short_event_descriptor lang="alb" name="Programet e Telesport">Programe sportive</short_event_descriptor>
      <extended_event_descriptor lang="alb">
        <text>Programet dhe emisionet sportive te kanalit Telesport  

</text>
      </extended_event_descriptor>
    </event>
    <event id="9" start_time="2019-04-02 18:00:00" duration="43200">
      <short_event_descriptor lang="alb" name="Programet e Telesport">Programe sportive</short_event_descriptor>
      <extended_event_descriptor lang="alb">
        <text>Programet dhe emisionet sportive te kanalit Telesport  

</text>
      </extended_event_descriptor>
    </event>
    <event id="10" start_time="2019-04-03 06:00:00" duration="43200">
      <short_event_descriptor lang="alb" name="Programet e Telesport">Programe sportive</short_event_descriptor>
      <extended_event_descriptor lang="alb">
        <text>Programet dhe emisionet sportive te kanalit Telesport  

</text>
      </extended_event_descriptor>
    </event>
    <event id="11" start_time="2019-04-03 18:00:00" duration="43200">
      <short_event_descriptor lang="alb" name="Programet e Telesport">Programe sportive</short_event_descriptor>
      <extended_event_descriptor lang="alb">
        <text>Programet dhe emisionet sportive te kanalit Telesport  

</text>
      </extended_event_descriptor>
    </event>
    <event id="12" start_time="2019-04-04 06:00:00" duration="43200">
      <short_event_descriptor lang="alb" name="Programet e Telesport">Programe sportive</short_event_descriptor>
      <extended_event_descriptor lang="alb">
        <text>Programet dhe emisionet sportive te kanalit Telesport  

</text>
      </extended_event_descriptor>
    </event>
    <event id="13" start_time="2019-04-04 18:00:00" duration="43200">
      <short_event_descriptor lang="alb" name="Programet e Telesport">Programe sportive</short_event_descriptor>
      <extended_event_descriptor lang="alb">
        <text>Programet dhe emisionet sportive te kanalit Telesport  

</text>
      </extended_event_descriptor>
    </event>
    <event id="14" start_time="2019-04-05 06:00:00" duration="43200">
      <short_event_descriptor lang="alb" name="Programet e Telesport">Programe sportive</short_event_descriptor>
      <extended_event_descriptor lang="alb">
        <text>Programet dhe emisionet sportive te kanalit Telesport  

</text>
      </extended_event_descriptor>
    </event>
    <event id="15" start_time="2019-04-05 18:00:00" duration="43200">
      <short_event_descriptor lang="alb" name="Programet e Telesport">Programe sportive</short_event_descriptor>
      <extended_event_descriptor lang="alb">
        <text>Programet dhe emisionet sportive te kanalit Telesport  

</text>
      </extended_event_descriptor>
    </event>
    <event id="16" start_time="2019-04-06 06:00:00" duration="43200">
      <short_event_descriptor lang="alb" name="Programet e Telesport">Programe sportive</short_event_descriptor>
      <extended_event_descriptor lang="alb">
        <text>Programet dhe emisionet sportive te kanalit Telesport  

</text>
      </extended_event_descriptor>
    </event>
    <event id="17" start_time="2019-04-06 18:00:00" duration="43200">
      <short_event_descriptor lang="alb" name="Programet e Telesport">Programe sportive</short_event_descriptor>
      <extended_event_descriptor lang="alb">
        <text>Programet dhe emisionet sportive te kanalit Telesport  

</text>
      </extended_event_descriptor>
    </event>
    <event id="18" start_time="2019-04-07 06:00:00" duration="43200">
      <short_event_descriptor lang="alb" name="Programet e Telesport">Programe sportive</short_event_descriptor>
      <extended_event_descriptor lang="alb">
        <text>Programet dhe emisionet sportive te kanalit Telesport  

</text>
      </extended_event_descriptor>
    </event>
    <event id="19" start_time="2019-04-07 18:00:00" duration="43200">
      <short_event_descriptor lang="alb" name="Programet e Telesport">Programe sportive</short_event_descriptor>
      <extended_event_descriptor lang="alb">
        <text>Programet dhe emisionet sportive te kanalit Telesport  

</text>
      </extended_event_descriptor>
    </event>
    <event id="20" start_time="2019-04-08 06:00:00" duration="43200">
      <short_event_descriptor lang="alb" name="Programet e Telesport">Programe sportive</short_event_descriptor>
      <extended_event_descriptor lang="alb">
        <text>Programet dhe emisionet sportive te kanalit Telesport  

</text>
      </extended_event_descriptor>
    </event>
    <event id="21" start_time="2019-04-08 18:00:00" duration="43200">
      <short_event_descriptor lang="alb" name="Programet e Telesport">Programe sportive</short_event_descriptor>
      <extended_event_descriptor lang="alb">
        <text>Programet dhe emisionet sportive te kanalit Telesport  

</text>
      </extended_event_descriptor>
    </event>
    <event id="22" start_time="2019-04-09 06:00:00" duration="43200">
      <short_event_descriptor lang="alb" name="Programet e Telesport">Programe sportive</short_event_descriptor>
      <extended_event_descriptor lang="alb">
        <text>Programet dhe emisionet sportive te kanalit Telesport  

</text>
      </extended_event_descriptor>
    </event>
    <event id="23" start_time="2019-04-09 18:00:00" duration="43200">
      <short_event_descriptor lang="alb" name="Programet e Telesport">Programe sportive</short_event_descriptor>
      <extended_event_descriptor lang="alb">
        <text>Programet dhe emisionet sportive te kanalit Telesport  

</text>
      </extended_event_descriptor>
    </event>
    <event id="24" start_time="2019-04-10 06:00:00" duration="43200">
      <short_event_descriptor lang="alb" name="Programet e Telesport">Programe sportive</short_event_descriptor>
      <extended_event_descriptor lang="alb">
        <text>Programet dhe emisionet sportive te kanalit Telesport  

</text>
      </extended_event_descriptor>
    </event>
    <event id="25" start_time="2019-04-10 18:00:00" duration="43200">
      <short_event_descriptor lang="alb" name="Programet e Telesport">Programe sportive</short_event_descriptor>
      <extended_event_descriptor lang="alb">
        <text>Programet dhe emisionet sportive te kanalit Telesport  

</text>
      </extended_event_descriptor>
    </event>
    <event id="26" start_time="2019-04-11 06:00:00" duration="43200">
      <short_event_descriptor lang="alb" name="Programet e Telesport">Programe sportive</short_event_descriptor>
      <extended_event_descriptor lang="alb">
        <text>Programet dhe emisionet sportive te kanalit Telesport  

</text>
      </extended_event_descriptor>
    </event>
    <event id="27" start_time="2019-04-11 18:00:00" duration="43200">
      <short_event_descriptor lang="alb" name="Programet e Telesport">Programe sportive</short_event_descriptor>
      <extended_event_descriptor lang="alb">
        <text>Programet dhe emisionet sportive te kanalit Telesport  

</text>
      </extended_event_descriptor>
    </event>
    <event id="28" start_time="2019-04-12 06:00:00" duration="43200">
      <short_event_descriptor lang="alb" name="Programet e Telesport">Programe sportive</short_event_descriptor>
      <extended_event_descriptor lang="alb">
        <text>Programet dhe emisionet sportive te kanalit Telesport  

</text>
      </extended_event_descriptor>
    </event>
    <event id="29" start_time="2019-04-12 18:00:00" duration="43200">
      <short_event_descriptor lang="alb" name="Programet e Telesport">Programe sportive</short_event_descriptor>
      <extended_event_descriptor lang="alb">
        <text>Programet dhe emisionet sportive te kanalit Telesport  

</text>
      </extended_event_descriptor>
    </event>
    <event id="30" start_time="2019-04-13 06:00:00" duration="43200">
      <short_event_descriptor lang="alb" name="Programet e Telesport">Programe sportive</short_event_descriptor>
      <extended_event_descriptor lang="alb">
        <text>Programet dhe emisionet sportive te kanalit Telesport  

</text>
      </extended_event_descriptor>
    </event>
    <event id="31" start_time="2019-04-13 18:00:00" duration="43200">
      <short_event_descriptor lang="alb" name="Programet e Telesport">Programe sportive</short_event_descriptor>
      <extended_event_descriptor lang="alb">
        <text>Programet dhe emisionet sportive te kanalit Telesport  

</text>
      </extended_event_descriptor>
    </event>
    <event id="32" start_time="2019-04-14 06:00:00" duration="43200">
      <short_event_descriptor lang="alb" name="Programet e Telesport">Programe sportive</short_event_descriptor>
      <extended_event_descriptor lang="alb">
        <text>Programet dhe emisionet sportive te kanalit Telesport  

</text>
      </extended_event_descriptor>
    </event>
    <event id="33" start_time="2019-04-14 18:00:00" duration="43200">
      <short_event_descriptor lang="alb" name="Programet e Telesport">Programe sportive</short_event_descriptor>
      <extended_event_descriptor lang="alb">
        <text>Programet dhe emisionet sportive te kanalit Telesport  

</text>
      </extended_event_descriptor>
    </event>
    <event id="34" start_time="2019-04-15 06:00:00" duration="43200">
      <short_event_descriptor lang="alb" name="Programet e Telesport">Programe sportive</short_event_descriptor>
      <extended_event_descriptor lang="alb">
        <text>Programet dhe emisionet sportive te kanalit Telesport  

</text>
      </extended_event_descriptor>
    </event>
    <event id="35" start_time="2019-04-15 18:00:00" duration="43200">
      <short_event_descriptor lang="alb" name="Programet e Telesport">Programe sportive</short_event_descriptor>
      <extended_event_descriptor lang="alb">
        <text>Programet dhe emisionet sportive te kanalit Telesport  

</text>
      </extended_event_descriptor>
    </event>
    <event id="36" start_time="2019-04-16 06:00:00" duration="43200">
      <short_event_descriptor lang="alb" name="Programet e Telesport">Programe sportive</short_event_descriptor>
      <extended_event_descriptor lang="alb">
        <text>Programet dhe emisionet sportive te kanalit Telesport  

</text>
      </extended_event_descriptor>
    </event>
    <event id="37" start_time="2019-04-16 18:00:00" duration="43200">
      <short_event_descriptor lang="alb" name="Programet e Telesport">Programe sportive</short_event_descriptor>
      <extended_event_descriptor lang="alb">
        <text>Programet dhe emisionet sportive te kanalit Telesport  

</text>
      </extended_event_descriptor>
    </event>
    <event id="38" start_time="2019-04-17 06:00:00" duration="43200">
      <short_event_descriptor lang="alb" name="Programet e Telesport">Programe sportive</short_event_descriptor>
      <extended_event_descriptor lang="alb">
        <text>Programet dhe emisionet sportive te kanalit Telesport  

</text>
      </extended_event_descriptor>
    </event>
    <event id="39" start_time="2019-04-17 18:00:00" duration="43200">
      <short_event_descriptor lang="alb" name="Programet e Telesport">Programe sportive</short_event_descriptor>
      <extended_event_descriptor lang="alb">
        <text>Programet dhe emisionet sportive te kanalit Telesport  

</text>
      </extended_event_descriptor>
    </event>
    <event id="40" start_time="2019-04-18 06:00:00" duration="43200">
      <short_event_descriptor lang="alb" name="Programet e Telesport">Programe sportive</short_event_descriptor>
      <extended_event_descriptor lang="alb">
        <text>Programet dhe emisionet sportive te kanalit Telesport  

</text>
      </extended_event_descriptor>
    </event>
    <event id="41" start_time="2019-04-18 18:00:00" duration="43200">
      <short_event_descriptor lang="alb" name="Programet e Telesport">Programe sportive</short_event_descriptor>
      <extended_event_descriptor lang="alb">
        <text>Programet dhe emisionet sportive te kanalit Telesport  

</text>
      </extended_event_descriptor>
    </event>
    <event id="42" start_time="2019-04-19 06:00:00" duration="43200">
      <short_event_descriptor lang="alb" name="Programet e Telesport">Programe sportive</short_event_descriptor>
      <extended_event_descriptor lang="alb">
        <text>Programet dhe emisionet sportive te kanalit Telesport  

</text>
      </extended_event_descriptor>
    </event>
    <event id="43" start_time="2019-04-19 18:00:00" duration="43200">
      <short_event_descriptor lang="alb" name="Programet e Telesport">Programe sportive</short_event_descriptor>
      <extended_event_descriptor lang="alb">
        <text>Programet dhe emisionet sportive te kanalit Telesport  

</text>
      </extended_event_descriptor>
    </event>
    <event id="44" start_time="2019-04-20 06:00:00" duration="43200">
      <short_event_descriptor lang="alb" name="Programet e Telesport">Programe sportive</short_event_descriptor>
      <extended_event_descriptor lang="alb">
        <text>Programet dhe emisionet sportive te kanalit Telesport  

</text>
      </extended_event_descriptor>
    </event>
    <event id="45" start_time="2019-04-20 18:00:00" duration="43200">
      <short_event_descriptor lang="alb" name="Programet e Telesport">Programe sportive</short_event_descriptor>
      <extended_event_descriptor lang="alb">
        <text>Programet dhe emisionet sportive te kanalit Telesport  

</text>
      </extended_event_descriptor>
    </event>
    <event id="46" start_time="2019-04-21 06:00:00" duration="43200">
      <short_event_descriptor lang="alb" name="Programet e Telesport">Programe sportive</short_event_descriptor>
      <extended_event_descriptor lang="alb">
        <text>Programet dhe emisionet sportive te kanalit Telesport  

</text>
      </extended_event_descriptor>
    </event>
    <event id="47" start_time="2019-04-21 18:00:00" duration="43200">
      <short_event_descriptor lang="alb" name="Programet e Telesport">Programe sportive</short_event_descriptor>
      <extended_event_descriptor lang="alb">
        <text>Programet dhe emisionet sportive te kanalit Telesport  

</text>
      </extended_event_descriptor>
    </event>
    <event id="48" start_time="2019-04-22 06:00:00" duration="43200">
      <short_event_descriptor lang="alb" name="Programet e Telesport">Programe sportive</short_event_descriptor>
      <extended_event_descriptor lang="alb">
        <text>Programet dhe emisionet sportive te kanalit Telesport  

</text>
      </extended_event_descriptor>
    </event>
    <event id="49" start_time="2019-04-22 18:00:00" duration="43200">
      <short_event_descriptor lang="alb" name="Programet e Telesport">Programe sportive</short_event_descriptor>
      <extended_event_descriptor lang="alb">
        <text>Programet dhe emisionet sportive te kanalit Telesport  

</text>
      </extended_event_descriptor>
    </event>
    <event id="50" start_time="2019-04-23 06:00:00" duration="43200">
      <short_event_descriptor lang="alb" name="Programet e Telesport">Programe sportive</short_event_descriptor>
      <extended_event_descriptor lang="alb">
        <text>Programet dhe emisionet sportive te kanalit Telesport  

</text>
      </extended_event_descriptor>
    </event>
    <event id="51" start_time="2019-04-23 18:00:00" duration="43200">
      <short_event_descriptor lang="alb" name="Programet e Telesport">Programe sportive</short_event_descriptor>
      <extended_event_descriptor lang="alb">
        <text>Programet dhe emisionet sportive te kanalit Telesport  

</text>
      </extended_event_descriptor>
    </event>
    <event id="52" start_time="2019-04-24 06:00:00" duration="43200">
      <short_event_descriptor lang="alb" name="Programet e Telesport">Programe sportive</short_event_descriptor>
      <extended_event_descriptor lang="alb">
        <text>Programet dhe emisionet sportive te kanalit Telesport  

</text>
      </extended_event_descriptor>
    </event>
    <event id="53" start_time="2019-04-24 18:00:00" duration="43200">
      <short_event_descriptor lang="alb" name="Programet e Telesport">Programe sportive</short_event_descriptor>
      <extended_event_descriptor lang="alb">
        <text>Programet dhe emisionet sportive te kanalit Telesport  

</text>
      </extended_event_descriptor>
    </event>
    <event id="54" start_time="2019-04-25 06:00:00" duration="43200">
      <short_event_descriptor lang="alb" name="Programet e Telesport">Programe sportive</short_event_descriptor>
      <extended_event_descriptor lang="alb">
        <text>Programet dhe emisionet sportive te kanalit Telesport  

</text>
      </extended_event_descriptor>
    </event>
    <event id="55" start_time="2019-04-25 18:00:00" duration="43200">
      <short_event_descriptor lang="alb" name="Programet e Telesport">Programe sportive</short_event_descriptor>
      <extended_event_descriptor lang="alb">
        <text>Programet dhe emisionet sportive te kanalit Telesport  

</text>
      </extended_event_descriptor>
    </event>
    <event id="56" start_time="2019-04-26 06:00:00" duration="43200">
      <short_event_descriptor lang="alb" name="Programet e Telesport">Programe sportive</short_event_descriptor>
      <extended_event_descriptor lang="alb">
        <text>Programet dhe emisionet sportive te kanalit Telesport  

</text>
      </extended_event_descriptor>
    </event>
    <event id="57" start_time="2019-04-26 18:00:00" duration="43200">
      <short_event_descriptor lang="alb" name="Programet e Telesport">Programe sportive</short_event_descriptor>
      <extended_event_descriptor lang="alb">
        <text>Programet dhe emisionet sportive te kanalit Telesport  

</text>
      </extended_event_descriptor>
    </event>
    <event id="58" start_time="2019-04-27 06:00:00" duration="43200">
      <short_event_descriptor lang="alb" name="Programet e Telesport">Programe sportive</short_event_descriptor>
      <extended_event_descriptor lang="alb">
        <text>Programet dhe emisionet sportive te kanalit Telesport  

</text>
      </extended_event_descriptor>
    </event>
    <event id="59" start_time="2019-04-27 18:00:00" duration="43200">
      <short_event_descriptor lang="alb" name="Programet e Telesport">Programe sportive</short_event_descriptor>
      <extended_event_descriptor lang="alb">
        <text>Programet dhe emisionet sportive te kanalit Telesport  

</text>
      </extended_event_descriptor>
    </event>
    <event id="60" start_time="2019-04-28 06:00:00" duration="43200">
      <short_event_descriptor lang="alb" name="Programet e Telesport">Programe sportive</short_event_descriptor>
      <extended_event_descriptor lang="alb">
        <text>Programet dhe emisionet sportive te kanalit Telesport  

</text>
      </extended_event_descriptor>
    </event>
    <event id="61" start_time="2019-04-28 18:00:00" duration="43200">
      <short_event_descriptor lang="alb" name="Programet e Telesport">Programe sportive</short_event_descriptor>
      <extended_event_descriptor lang="alb">
        <text>Programet dhe emisionet sportive te kanalit Telesport  

</text>
      </extended_event_descriptor>
    </event>
    <event id="62" start_time="2019-04-29 06:00:00" duration="43200">
      <short_event_descriptor lang="alb" name="Programet e Telesport">Programe sportive</short_event_descriptor>
      <extended_event_descriptor lang="alb">
        <text>Programet dhe emisionet sportive te kanalit Telesport  

</text>
      </extended_event_descriptor>
    </event>
    <event id="63" start_time="2019-04-29 18:00:00" duration="43200">
      <short_event_descriptor lang="alb" name="Programet e Telesport">Programe sportive</short_event_descriptor>
      <extended_event_descriptor lang="alb">
        <text>Programet dhe emisionet sportive te kanalit Telesport  

</text>
      </extended_event_descriptor>
    </event>
    <event id="64" start_time="2019-04-30 06:00:00" duration="43200">
      <short_event_descriptor lang="alb" name="Programet e Telesport">Programe sportive</short_event_descriptor>
      <extended_event_descriptor lang="alb">
        <text>Programet dhe emisionet sportive te kanalit Telesport  

</text>
      </extended_event_descriptor>
    </event>
    <event id="65" start_time="2019-04-30 18:00:00" duration="43200">
      <short_event_descriptor lang="alb" name="Programet e Telesport">Programe sportive</short_event_descriptor>
      <extended_event_descriptor lang="alb">
        <text>Programet dhe emisionet sportive te kanalit Telesport  

</text>
      </extended_event_descriptor>
    </event>
  </channel>
</WIDECAST_DVB>