<?xml version="1.0" encoding="ISO-8859-1"?>
<WIDECAST_DVB>
  <channel name="Travel Channel HD A1">
    <event id="0" start_time="2021-12-09 11:00:00" duration="3600">
      <short_event_descriptor lang="alb" name="Alaska Monsters">Documentary</short_event_descriptor>
      <extended_event_descriptor lang="alb">
        <text>In Alaska is a region known as the Triangle - 200,000 unforgiving miles where more people go missing per capita than anywhere else on earth. ALASKA MONSTERS follows a team of native outdoorsmen as they take on the challenge of exploring the Triangle's treacherous terrain to prove native monsters are linked to these disappearances.</text>
      </extended_event_descriptor>
    </event>
    <event id="1" start_time="2021-12-09 12:00:00" duration="7200">
      <short_event_descriptor lang="alb" name="Building Alaska">Documentary</short_event_descriptor>
      <extended_event_descriptor lang="alb">
        <text>What does it take to build a house totally off the grid in some of the most unforgiving terrain on the planet? We follow a cast of characters who set out to construct three incredible cabins in the obscure Alaskan wilderness..</text>
      </extended_event_descriptor>
    </event>
    <event id="2" start_time="2021-12-09 14:00:00" duration="3600">
      <short_event_descriptor lang="alb" name="The Alaska Triangle">Documentary</short_event_descriptor>
      <extended_event_descriptor lang="alb">
        <text>Experts investigate reports of a secret alien base deep inside Alaska's highest mountain.</text>
      </extended_event_descriptor>
    </event>
    <event id="3" start_time="2021-12-09 15:00:00" duration="3600">
      <short_event_descriptor lang="alb" name="Treasure Quest: Snake Island: ">Documentary</short_event_descriptor>
      <extended_event_descriptor lang="alb">
        <text>A deadly caiman targets Mehgan, but a potentially crippling accident leads to a shocking find - a coded message from the past that may bring them closer to gold. [</text>
      </extended_event_descriptor>
    </event>
    <event id="4" start_time="2021-12-09 16:00:00" duration="3600">
      <short_event_descriptor lang="alb" name="Alaska Monsters">Documentary</short_event_descriptor>
      <extended_event_descriptor lang="alb">
        <text>In Alaska is a region known as the Triangle - 200,000 unforgiving miles where more people go missing per capita than anywhere else on earth. ALASKA MONSTERS follows a team of native outdoorsmen as they take on the challenge of exploring the Triangle's treacherous terrain to prove native monsters are linked to these disappearances.</text>
      </extended_event_descriptor>
    </event>
    <event id="5" start_time="2021-12-09 17:00:00" duration="3600">
      <short_event_descriptor lang="alb" name="Finding Bigfoot">Documentary</short_event_descriptor>
      <extended_event_descriptor lang="alb">
        <text>Bigfoot experts are called to Prince of Wales Island, Alaska to investigate a recent spike in Sasquatch activity. But can they track the elusive beast? [6-A]

</text>
      </extended_event_descriptor>
    </event>
    <event id="6" start_time="2021-12-09 18:00:00" duration="3600">
      <short_event_descriptor lang="alb" name="Expedition Unknown">Documentary</short_event_descriptor>
      <extended_event_descriptor lang="alb">
        <text>Beginning in Kathmandu, Josh Gates heads high into the Himalayas of Nepal to obtain scientific evidence of the legendary Yeti. This time his mission is personal, and it will take him into uncharted territory.
</text>
      </extended_event_descriptor>
    </event>
    <event id="7" start_time="2021-12-09 19:00:00" duration="3600">
      <short_event_descriptor lang="alb" name="Ghost Asylum">Documentary</short_event_descriptor>
      <extended_event_descriptor lang="alb">
        <text>One of the most passionate paranormal teams in America, the Tennessee Wraith Chasers, are in Missouri to investigate a haunted and abandoned asylum</text>
      </extended_event_descriptor>
    </event>
    <event id="8" start_time="2021-12-09 20:00:00" duration="3600">
      <short_event_descriptor lang="alb" name="Mysteries at the Museum">Documentary</short_event_descriptor>
      <extended_event_descriptor lang="alb">
        <text>Each episode is focused on interesting and unusual artifacts held in museums. The show is hosted by Don Wildman and consists of over 80 episodes spread throughout seven seasons.</text>
      </extended_event_descriptor>
    </event>
    <event id="9" start_time="2021-12-09 21:00:00" duration="3600">
      <short_event_descriptor lang="alb" name="Mysteries At The Hotel">Documentary</short_event_descriptor>
      <extended_event_descriptor lang="alb">
        <text>Why did the FBI raid a famous inventor's New York hotel room? And, how was an outlaw double-crossed by members of his own gang? </text>
      </extended_event_descriptor>
    </event>
    <event id="10" start_time="2021-12-09 22:00:00" duration="7200">
      <short_event_descriptor lang="alb" name="Portals To Hell">Documentary</short_event_descriptor>
      <extended_event_descriptor lang="alb">
        <text>Jack Osbourne and Katrina Weidman travel to Juneau, Alaska. They're conducting the first-ever investigation of a hotel that is linked to demonic activity.</text>
      </extended_event_descriptor>
    </event>
    <event id="11" start_time="2021-12-10 00:00:00" duration="3600">
      <short_event_descriptor lang="alb" name="Treasure Quest: Snake Island: ">Documentary</short_event_descriptor>
      <extended_event_descriptor lang="alb">
        <text>A deadly caiman targets Mehgan, but a potentially crippling accident leads to a shocking find - a coded message from the past that may bring them closer to gold. [</text>
      </extended_event_descriptor>
    </event>
    <event id="12" start_time="2021-12-10 01:00:00" duration="3600">
      <short_event_descriptor lang="alb" name="Ghost Asylum">Documentary</short_event_descriptor>
      <extended_event_descriptor lang="alb">
        <text>One of the most passionate paranormal teams in America, the Tennessee Wraith Chasers, are in Missouri to investigate a haunted and abandoned asylum</text>
      </extended_event_descriptor>
    </event>
    <event id="13" start_time="2021-12-10 02:00:00" duration="3600">
      <short_event_descriptor lang="alb" name="The Holzer Files">Documentary</short_event_descriptor>
      <extended_event_descriptor lang="alb">
        <text>The paranormal experts reopen Hans Holzer's case file on the Peck House in Rye, NY. They aim to find out if the tortured souls within have finally moved on. [12-A]

</text>
      </extended_event_descriptor>
    </event>
    <event id="14" start_time="2021-12-10 03:00:00" duration="3600">
      <short_event_descriptor lang="alb" name="Mysteries at the Museum">Documentary</short_event_descriptor>
      <extended_event_descriptor lang="alb">
        <text>Each episode is focused on interesting and unusual artifacts held in museums. The show is hosted by Don Wildman and consists of over 80 episodes spread throughout seven seasons.</text>
      </extended_event_descriptor>
    </event>
    <event id="15" start_time="2021-12-10 04:00:00" duration="3600">
      <short_event_descriptor lang="alb" name="Expedition Unknown">Documentary</short_event_descriptor>
      <extended_event_descriptor lang="alb">
        <text>Josh Gates begins his search for extraterrestrial life with a once-in-a-lifetime visit to NASA and an alien-hunting expedition in Chile, where scientists and ufologists are making new discoveries.
</text>
      </extended_event_descriptor>
    </event>
    <event id="16" start_time="2021-12-10 05:00:00" duration="3600">
      <short_event_descriptor lang="alb" name="Alaska Monsters">Documentary</short_event_descriptor>
      <extended_event_descriptor lang="alb">
        <text>In Alaska is a region known as the Triangle - 200,000 unforgiving miles where more people go missing per capita than anywhere else on earth. ALASKA MONSTERS follows a team of native outdoorsmen as they take on the challenge of exploring the Triangle's treacherous terrain to prove native monsters are linked to these disappearances.</text>
      </extended_event_descriptor>
    </event>
    <event id="17" start_time="2021-12-10 06:00:00" duration="3600">
      <short_event_descriptor lang="alb" name="The Alaska Triangle">Documentary</short_event_descriptor>
      <extended_event_descriptor lang="alb">
        <text>Experts investigate reports of a secret alien base deep inside Alaska's highest mountain.</text>
      </extended_event_descriptor>
    </event>
    <event id="18" start_time="2021-12-10 07:00:00" duration="7200">
      <short_event_descriptor lang="alb" name="Building Alaska">Documentary</short_event_descriptor>
      <extended_event_descriptor lang="alb">
        <text>What does it take to build a house totally off the grid in some of the most unforgiving terrain on the planet? We follow a cast of characters who set out to construct three incredible cabins in the obscure Alaskan wilderness..</text>
      </extended_event_descriptor>
    </event>
    <event id="19" start_time="2021-12-10 09:00:00" duration="3600">
      <short_event_descriptor lang="alb" name="Treasure Quest: Snake Island: ">Documentary</short_event_descriptor>
      <extended_event_descriptor lang="alb">
        <text>A deadly caiman targets Mehgan, but a potentially crippling accident leads to a shocking find - a coded message from the past that may bring them closer to gold. [</text>
      </extended_event_descriptor>
    </event>
    <event id="20" start_time="2021-12-10 10:00:00" duration="3600">
      <short_event_descriptor lang="alb" name="Expedition Unknown">Documentary</short_event_descriptor>
      <extended_event_descriptor lang="alb">
        <text>Beginning in Kathmandu, Josh Gates heads high into the Himalayas of Nepal to obtain scientific evidence of the legendary Yeti. This time his mission is personal, and it will take him into uncharted territory.
</text>
      </extended_event_descriptor>
    </event>
    <event id="21" start_time="2021-12-10 11:00:00" duration="3600">
      <short_event_descriptor lang="alb" name="Alaska Monsters">Documentary</short_event_descriptor>
      <extended_event_descriptor lang="alb">
        <text>In Alaska is a region known as the Triangle - 200,000 unforgiving miles where more people go missing per capita than anywhere else on earth. ALASKA MONSTERS follows a team of native outdoorsmen as they take on the challenge of exploring the Triangle's treacherous terrain to prove native monsters are linked to these disappearances.</text>
      </extended_event_descriptor>
    </event>
    <event id="22" start_time="2021-12-10 12:00:00" duration="7200">
      <short_event_descriptor lang="alb" name="Building Alaska">Documentary</short_event_descriptor>
      <extended_event_descriptor lang="alb">
        <text>What does it take to build a house totally off the grid in some of the most unforgiving terrain on the planet? We follow a cast of characters who set out to construct three incredible cabins in the obscure Alaskan wilderness..</text>
      </extended_event_descriptor>
    </event>
    <event id="23" start_time="2021-12-10 14:00:00" duration="3600">
      <short_event_descriptor lang="alb" name="The Alaska Triangle">Documentary</short_event_descriptor>
      <extended_event_descriptor lang="alb">
        <text>Experts investigate reports of a secret alien base deep inside Alaska's highest mountain.</text>
      </extended_event_descriptor>
    </event>
    <event id="24" start_time="2021-12-10 15:00:00" duration="3600">
      <short_event_descriptor lang="alb" name="Treasure Quest: Snake Island: ">Documentary</short_event_descriptor>
      <extended_event_descriptor lang="alb">
        <text>A deadly caiman targets Mehgan, but a potentially crippling accident leads to a shocking find - a coded message from the past that may bring them closer to gold. [</text>
      </extended_event_descriptor>
    </event>
    <event id="25" start_time="2021-12-10 16:00:00" duration="3600">
      <short_event_descriptor lang="alb" name="Alaska Monsters">Documentary</short_event_descriptor>
      <extended_event_descriptor lang="alb">
        <text>In Alaska is a region known as the Triangle - 200,000 unforgiving miles where more people go missing per capita than anywhere else on earth. ALASKA MONSTERS follows a team of native outdoorsmen as they take on the challenge of exploring the Triangle's treacherous terrain to prove native monsters are linked to these disappearances.</text>
      </extended_event_descriptor>
    </event>
    <event id="26" start_time="2021-12-10 17:00:00" duration="3600">
      <short_event_descriptor lang="alb" name="Finding Bigfoot">Documentary</short_event_descriptor>
      <extended_event_descriptor lang="alb">
        <text>Bigfoot experts are called to Prince of Wales Island, Alaska to investigate a recent spike in Sasquatch activity. But can they track the elusive beast? [6-A]

</text>
      </extended_event_descriptor>
    </event>
    <event id="27" start_time="2021-12-10 18:00:00" duration="3600">
      <short_event_descriptor lang="alb" name="Expedition Unknown">Documentary</short_event_descriptor>
      <extended_event_descriptor lang="alb">
        <text>Josh Gates begins his search for extraterrestrial life with a once-in-a-lifetime visit to NASA and an alien-hunting expedition in Chile, where scientists and ufologists are making new discoveries.
</text>
      </extended_event_descriptor>
    </event>
    <event id="28" start_time="2021-12-10 19:00:00" duration="3600">
      <short_event_descriptor lang="alb" name="Ghost Asylum">Documentary</short_event_descriptor>
      <extended_event_descriptor lang="alb">
        <text>One of the most passionate paranormal teams in America, the Tennessee Wraith Chasers, are in Missouri to investigate a haunted and abandoned asylum</text>
      </extended_event_descriptor>
    </event>
    <event id="29" start_time="2021-12-10 20:00:00" duration="3600">
      <short_event_descriptor lang="alb" name="Haunting In The Heartland">Documentary</short_event_descriptor>
      <extended_event_descriptor lang="alb">
        <text>Steve Shippy heads to Merrill, Michigan, to investigate reports of an evil entity. With the help of a local historian, he uncovers the town's traumatic </text>
      </extended_event_descriptor>
    </event>
    <event id="30" start_time="2021-12-10 21:00:00" duration="3600">
      <short_event_descriptor lang="alb" name="The Osbournes Want To Believe">Documentary</short_event_descriptor>
      <extended_event_descriptor lang="alb">
        <text>Ozzy and Sharon sit down to watch footage of suspected poltergeists, haunted dolls and UFOs. Can Jack convince his parents that these supernatural forces exist?</text>
      </extended_event_descriptor>
    </event>
    <event id="31" start_time="2021-12-10 22:00:00" duration="3600">
      <short_event_descriptor lang="alb" name="Mysteries at the Museum">Documentary</short_event_descriptor>
      <extended_event_descriptor lang="alb">
        <text>Each episode is focused on interesting and unusual artifacts held in museums. The show is hosted by Don Wildman and consists of over 80 episodes spread throughout seven seasons.</text>
      </extended_event_descriptor>
    </event>
    <event id="32" start_time="2021-12-10 23:00:00" duration="3600">
      <short_event_descriptor lang="alb" name="Mysteries At The Hotel">Documentary</short_event_descriptor>
      <extended_event_descriptor lang="alb">
        <text>Why did the FBI raid a famous inventor's New York hotel room? And, how was an outlaw double-crossed by members of his own gang? </text>
      </extended_event_descriptor>
    </event>
    <event id="33" start_time="2021-12-11 00:00:00" duration="3600">
      <short_event_descriptor lang="alb" name="Treasure Quest: Snake Island: ">Documentary</short_event_descriptor>
      <extended_event_descriptor lang="alb">
        <text>A deadly caiman targets Mehgan, but a potentially crippling accident leads to a shocking find - a coded message from the past that may bring them closer to gold. [</text>
      </extended_event_descriptor>
    </event>
    <event id="34" start_time="2021-12-11 01:00:00" duration="3600">
      <short_event_descriptor lang="alb" name="Ghost Asylum">Documentary</short_event_descriptor>
      <extended_event_descriptor lang="alb">
        <text>One of the most passionate paranormal teams in America, the Tennessee Wraith Chasers, are in Missouri to investigate a haunted and abandoned asylum</text>
      </extended_event_descriptor>
    </event>
    <event id="35" start_time="2021-12-11 02:00:00" duration="3600">
      <short_event_descriptor lang="alb" name="The Holzer Files">Documentary</short_event_descriptor>
      <extended_event_descriptor lang="alb">
        <text>The paranormal experts reopen Hans Holzer's case file on the Peck House in Rye, NY. They aim to find out if the tortured souls within have finally moved on. [12-A]

</text>
      </extended_event_descriptor>
    </event>
    <event id="36" start_time="2021-12-11 03:00:00" duration="7200">
      <short_event_descriptor lang="alb" name="Mysteries at the Museum">Documentary</short_event_descriptor>
      <extended_event_descriptor lang="alb">
        <text>Each episode is focused on interesting and unusual artifacts held in museums. The show is hosted by Don Wildman and consists of over 80 episodes spread throughout seven seasons.</text>
      </extended_event_descriptor>
    </event>
    <event id="37" start_time="2021-12-11 05:00:00" duration="10800">
      <short_event_descriptor lang="alb" name="Building Alaska">Documentary</short_event_descriptor>
      <extended_event_descriptor lang="alb">
        <text>What does it take to build a house totally off the grid in some of the most unforgiving terrain on the planet? We follow a cast of characters who set out to construct three incredible cabins in the obscure Alaskan wilderness..</text>
      </extended_event_descriptor>
    </event>
    <event id="38" start_time="2021-12-11 08:00:00" duration="7200">
      <short_event_descriptor lang="alb" name="The Osbournes Want To Believe">Documentary</short_event_descriptor>
      <extended_event_descriptor lang="alb">
        <text>Ozzy and Sharon sit down to watch footage of suspected poltergeists, haunted dolls and UFOs. Can Jack convince his parents that these supernatural forces exist?</text>
      </extended_event_descriptor>
    </event>
    <event id="39" start_time="2021-12-11 10:00:00" duration="21600">
      <short_event_descriptor lang="alb" name="Expedition Unknown">Documentary</short_event_descriptor>
      <extended_event_descriptor lang="alb">
        <text>Beginning in Kathmandu, Josh Gates heads high into the Himalayas of Nepal to obtain scientific evidence of the legendary Yeti. This time his mission is personal, and it will take him into uncharted territory.
</text>
      </extended_event_descriptor>
    </event>
    <event id="40" start_time="2021-12-11 16:00:00" duration="3600">
      <short_event_descriptor lang="alb" name="Ghost Nation">Documentary</short_event_descriptor>
      <extended_event_descriptor lang="alb">
        <text>Jason, Steve, Dave and Shari head to Waynesville, Ohio, to investigate claims of aggressive paranormal activity at a former Catholic </text>
      </extended_event_descriptor>
    </event>
    <event id="41" start_time="2021-12-11 17:00:00" duration="7200">
      <short_event_descriptor lang="alb" name="Alien Highway">Documentary</short_event_descriptor>
      <extended_event_descriptor lang="alb">
        <text>A series of recent UFO sightings brings Chuck Zukowski's team to Missouri, the home of the 1973 Piedmont lights incident. </text>
      </extended_event_descriptor>
    </event>
    <event id="42" start_time="2021-12-11 19:00:00" duration="3600">
      <short_event_descriptor lang="alb" name="Codes and Conspiracies">Documentary</short_event_descriptor>
      <extended_event_descriptor lang="alb">
        <text>Most of the Founding Fathers and fourteen Presidents were Freemasons. Some say Washington DC is laid out as a Masonic code. What other </text>
      </extended_event_descriptor>
    </event>
    <event id="43" start_time="2021-12-11 20:00:00" duration="7200">
      <short_event_descriptor lang="alb" name="The Dead files">Documentary</short_event_descriptor>
      <extended_event_descriptor lang="alb">
        <text>Medium Amy Allen and retired detective Steve DiSchiavi explore a deadly legend and claims of paranormal activity at a tropical resort in Montego Bay, Jamaica</text>
      </extended_event_descriptor>
    </event>
    <event id="44" start_time="2021-12-11 22:00:00" duration="3600">
      <short_event_descriptor lang="alb" name="Ghosts Of Morgan City">Documentary</short_event_descriptor>
      <extended_event_descriptor lang="alb">
        <text>A team of expert paranormal investigators are called by the Morgan City, Louissiana, police department to the site of a mysterious shapeshifting mist near the town's lake. </text>
      </extended_event_descriptor>
    </event>
    <event id="45" start_time="2021-12-11 23:00:00" duration="3600">
      <short_event_descriptor lang="alb" name="Codes and Conspiracies">Documentary</short_event_descriptor>
      <extended_event_descriptor lang="alb">
        <text>Most of the Founding Fathers and fourteen Presidents were Freemasons. Some say Washington DC is laid out as a Masonic code. What other </text>
      </extended_event_descriptor>
    </event>
    <event id="46" start_time="2021-12-12 00:00:00" duration="7200">
      <short_event_descriptor lang="alb" name="Ghost Nation">Documentary</short_event_descriptor>
      <extended_event_descriptor lang="alb">
        <text>Jason, Steve, Dave and Shari head to Waynesville, Ohio, to investigate claims of aggressive paranormal activity at a former Catholic </text>
      </extended_event_descriptor>
    </event>
    <event id="47" start_time="2021-12-12 02:00:00" duration="3600">
      <short_event_descriptor lang="alb" name="The Holzer Files">Documentary</short_event_descriptor>
      <extended_event_descriptor lang="alb">
        <text>The paranormal experts reopen Hans Holzer's case file on the Peck House in Rye, NY. They aim to find out if the tortured souls within have finally moved on. [12-A]

</text>
      </extended_event_descriptor>
    </event>
    <event id="48" start_time="2021-12-12 03:00:00" duration="3600">
      <short_event_descriptor lang="alb" name="Mysteries at the Museum">Documentary</short_event_descriptor>
      <extended_event_descriptor lang="alb">
        <text>Each episode is focused on interesting and unusual artifacts held in museums. The show is hosted by Don Wildman and consists of over 80 episodes spread throughout seven seasons.</text>
      </extended_event_descriptor>
    </event>
    <event id="49" start_time="2021-12-12 04:00:00" duration="3600">
      <short_event_descriptor lang="alb" name="Finding Bigfoot">Documentary</short_event_descriptor>
      <extended_event_descriptor lang="alb">
        <text>Bigfoot experts are called to Prince of Wales Island, Alaska to investigate a recent spike in Sasquatch activity. But can they track the elusive beast? [6-A]

</text>
      </extended_event_descriptor>
    </event>
    <event id="50" start_time="2021-12-12 05:00:00" duration="10800">
      <short_event_descriptor lang="alb" name="Bizarre Foods America">Documentary</short_event_descriptor>
      <extended_event_descriptor lang="alb">
        <text>Possessed by a strong curiosity and, apparently, an even stronger digestive system, host A.Zimmern traverses the world in pursuit of unusual regional delicacies and startling native "delights" on the menu, as he tries to ferret out the weirdest foods</text>
      </extended_event_descriptor>
    </event>
    <event id="51" start_time="2021-12-12 08:00:00" duration="7200">
      <short_event_descriptor lang="alb" name="The Alaska Triangle">Documentary</short_event_descriptor>
      <extended_event_descriptor lang="alb">
        <text>Experts investigate reports of a secret alien base deep inside Alaska's highest mountain.</text>
      </extended_event_descriptor>
    </event>
    <event id="52" start_time="2021-12-12 10:00:00" duration="21600">
      <short_event_descriptor lang="alb" name="Man, Woman, Wild">Documentary</short_event_descriptor>
      <extended_event_descriptor lang="alb">
        <text>Mykel and Ruth return with more survival scenarios which see them left deep in the mountainous high desert of Southern California, where they must dine on tarantulas </text>
      </extended_event_descriptor>
    </event>
    <event id="53" start_time="2021-12-12 16:00:00" duration="3600">
      <short_event_descriptor lang="alb" name="The Alaska Triangle">Documentary</short_event_descriptor>
      <extended_event_descriptor lang="alb">
        <text>Experts investigate reports of a secret alien base deep inside Alaska's highest mountain.</text>
      </extended_event_descriptor>
    </event>
    <event id="54" start_time="2021-12-12 17:00:00" duration="7200">
      <short_event_descriptor lang="alb" name="Ghost Nation">Documentary</short_event_descriptor>
      <extended_event_descriptor lang="alb">
        <text>Jason, Steve, Dave and Shari head to Waynesville, Ohio, to investigate claims of aggressive paranormal activity at a former Catholic </text>
      </extended_event_descriptor>
    </event>
    <event id="55" start_time="2021-12-12 19:00:00" duration="3600">
      <short_event_descriptor lang="alb" name="Codes and Conspiracies">Documentary</short_event_descriptor>
      <extended_event_descriptor lang="alb">
        <text>Most of the Founding Fathers and fourteen Presidents were Freemasons. Some say Washington DC is laid out as a Masonic code. What other </text>
      </extended_event_descriptor>
    </event>
    <event id="56" start_time="2021-12-12 20:00:00" duration="7200">
      <short_event_descriptor lang="alb" name="Destination Fear">Documentary</short_event_descriptor>
      <extended_event_descriptor lang="alb">
        <text>The team meets in Tennessee to investigate an abandoned prison with a brutal past and infamous inmates. What will they discovery in Petros?</text>
      </extended_event_descriptor>
    </event>
    <event id="57" start_time="2021-12-12 22:00:00" duration="3600">
      <short_event_descriptor lang="alb" name="Paranormal Declassified">Documentary</short_event_descriptor>
      <extended_event_descriptor lang="alb">
        <text>Paul Beban searches for the truth about sea monsters. He travels to Vermont's Lake Champlain to see if an unclassified creature lurks in its dark depths.</text>
      </extended_event_descriptor>
    </event>
    <event id="58" start_time="2021-12-12 23:00:00" duration="3600">
      <short_event_descriptor lang="alb" name="Codes and Conspiracies">Documentary</short_event_descriptor>
      <extended_event_descriptor lang="alb">
        <text>Most of the Founding Fathers and fourteen Presidents were Freemasons. Some say Washington DC is laid out as a Masonic code. What other </text>
      </extended_event_descriptor>
    </event>
    <event id="59" start_time="2021-12-13 00:00:00" duration="3600">
      <short_event_descriptor lang="alb" name="Ghost Nation">Documentary</short_event_descriptor>
      <extended_event_descriptor lang="alb">
        <text>Jason, Steve, Dave and Shari head to Waynesville, Ohio, to investigate claims of aggressive paranormal activity at a former Catholic </text>
      </extended_event_descriptor>
    </event>
    <event id="60" start_time="2021-12-13 01:00:00" duration="7200">
      <short_event_descriptor lang="alb" name="The Dead files">Documentary</short_event_descriptor>
      <extended_event_descriptor lang="alb">
        <text>Medium Amy Allen and retired detective Steve DiSchiavi explore a deadly legend and claims of paranormal activity at a tropical resort in Montego Bay, Jamaica</text>
      </extended_event_descriptor>
    </event>
    <event id="61" start_time="2021-12-13 03:00:00" duration="3600">
      <short_event_descriptor lang="alb" name="Mysteries at the Museum">Documentary</short_event_descriptor>
      <extended_event_descriptor lang="alb">
        <text>Each episode is focused on interesting and unusual artifacts held in museums. The show is hosted by Don Wildman and consists of over 80 episodes spread throughout seven seasons.</text>
      </extended_event_descriptor>
    </event>
    <event id="62" start_time="2021-12-13 04:00:00" duration="3600">
      <short_event_descriptor lang="alb" name="Finding Bigfoot">Documentary</short_event_descriptor>
      <extended_event_descriptor lang="alb">
        <text>Bigfoot experts are called to Prince of Wales Island, Alaska to investigate a recent spike in Sasquatch activity. But can they track the elusive beast? [6-A]

</text>
      </extended_event_descriptor>
    </event>
    <event id="63" start_time="2021-12-13 05:00:00" duration="3600">
      <short_event_descriptor lang="alb" name="Alaska Monsters">Documentary</short_event_descriptor>
      <extended_event_descriptor lang="alb">
        <text>In Alaska is a region known as the Triangle - 200,000 unforgiving miles where more people go missing per capita than anywhere else on earth. ALASKA MONSTERS follows a team of native outdoorsmen as they take on the challenge of exploring the Triangle's treacherous terrain to prove native monsters are linked to these disappearances.</text>
      </extended_event_descriptor>
    </event>
    <event id="64" start_time="2021-12-13 06:00:00" duration="3600">
      <short_event_descriptor lang="alb" name="The Alaska Triangle">Documentary</short_event_descriptor>
      <extended_event_descriptor lang="alb">
        <text>Experts investigate reports of a secret alien base deep inside Alaska's highest mountain.</text>
      </extended_event_descriptor>
    </event>
    <event id="65" start_time="2021-12-13 07:00:00" duration="7200">
      <short_event_descriptor lang="alb" name="Building Alaska">Documentary</short_event_descriptor>
      <extended_event_descriptor lang="alb">
        <text>What does it take to build a house totally off the grid in some of the most unforgiving terrain on the planet? We follow a cast of characters who set out to construct three incredible cabins in the obscure Alaskan wilderness..</text>
      </extended_event_descriptor>
    </event>
    <event id="66" start_time="2021-12-13 09:00:00" duration="3600">
      <short_event_descriptor lang="alb" name="Treasure Quest: Snake Island: ">Documentary</short_event_descriptor>
      <extended_event_descriptor lang="alb">
        <text>A deadly caiman targets Mehgan, but a potentially crippling accident leads to a shocking find - a coded message from the past that may bring them closer to gold. [</text>
      </extended_event_descriptor>
    </event>
    <event id="67" start_time="2021-12-13 10:00:00" duration="3600">
      <short_event_descriptor lang="alb" name="Expedition Unknown">Documentary</short_event_descriptor>
      <extended_event_descriptor lang="alb">
        <text>Beginning in Kathmandu, Josh Gates heads high into the Himalayas of Nepal to obtain scientific evidence of the legendary Yeti. This time his mission is personal, and it will take him into uncharted territory.
</text>
      </extended_event_descriptor>
    </event>
    <event id="68" start_time="2021-12-13 11:00:00" duration="3600">
      <short_event_descriptor lang="alb" name="Alaska Monsters">Documentary</short_event_descriptor>
      <extended_event_descriptor lang="alb">
        <text>In Alaska is a region known as the Triangle - 200,000 unforgiving miles where more people go missing per capita than anywhere else on earth. ALASKA MONSTERS follows a team of native outdoorsmen as they take on the challenge of exploring the Triangle's treacherous terrain to prove native monsters are linked to these disappearances.</text>
      </extended_event_descriptor>
    </event>
    <event id="69" start_time="2021-12-13 12:00:00" duration="7200">
      <short_event_descriptor lang="alb" name="Building Alaska">Documentary</short_event_descriptor>
      <extended_event_descriptor lang="alb">
        <text>What does it take to build a house totally off the grid in some of the most unforgiving terrain on the planet? We follow a cast of characters who set out to construct three incredible cabins in the obscure Alaskan wilderness..</text>
      </extended_event_descriptor>
    </event>
    <event id="70" start_time="2021-12-13 14:00:00" duration="3600">
      <short_event_descriptor lang="alb" name="The Alaska Triangle">Documentary</short_event_descriptor>
      <extended_event_descriptor lang="alb">
        <text>Experts investigate reports of a secret alien base deep inside Alaska's highest mountain.</text>
      </extended_event_descriptor>
    </event>
    <event id="71" start_time="2021-12-13 15:00:00" duration="3600">
      <short_event_descriptor lang="alb" name="Treasure Quest: Snake Island: ">Documentary</short_event_descriptor>
      <extended_event_descriptor lang="alb">
        <text>A deadly caiman targets Mehgan, but a potentially crippling accident leads to a shocking find - a coded message from the past that may bring them closer to gold. [</text>
      </extended_event_descriptor>
    </event>
    <event id="72" start_time="2021-12-13 16:00:00" duration="3600">
      <short_event_descriptor lang="alb" name="Alaska Monsters">Documentary</short_event_descriptor>
      <extended_event_descriptor lang="alb">
        <text>In Alaska is a region known as the Triangle - 200,000 unforgiving miles where more people go missing per capita than anywhere else on earth. ALASKA MONSTERS follows a team of native outdoorsmen as they take on the challenge of exploring the Triangle's treacherous terrain to prove native monsters are linked to these disappearances.</text>
      </extended_event_descriptor>
    </event>
    <event id="73" start_time="2021-12-13 17:00:00" duration="3600">
      <short_event_descriptor lang="alb" name="Finding Bigfoot">Documentary</short_event_descriptor>
      <extended_event_descriptor lang="alb">
        <text>Bigfoot experts are called to Prince of Wales Island, Alaska to investigate a recent spike in Sasquatch activity. But can they track the elusive beast? [6-A]

</text>
      </extended_event_descriptor>
    </event>
    <event id="74" start_time="2021-12-13 18:00:00" duration="3600">
      <short_event_descriptor lang="alb" name="Expedition Unknown">Documentary</short_event_descriptor>
      <extended_event_descriptor lang="alb">
        <text>Beginning in Kathmandu, Josh Gates heads high into the Himalayas of Nepal to obtain scientific evidence of the legendary Yeti. This time his mission is personal, and it will take him into uncharted territory.
</text>
      </extended_event_descriptor>
    </event>
    <event id="75" start_time="2021-12-13 19:00:00" duration="3600">
      <short_event_descriptor lang="alb" name="Ghost Loop">Documentary</short_event_descriptor>
      <extended_event_descriptor lang="alb">
        <text>The Spirit Hunters arrive in Palatka, Florida, to help a mother who fears an unknown entity is crawling into her children's bedrooms. What </text>
      </extended_event_descriptor>
    </event>
    <event id="76" start_time="2021-12-13 20:00:00" duration="3600">
      <short_event_descriptor lang="alb" name="The Osbournes Want To Believe">Documentary</short_event_descriptor>
      <extended_event_descriptor lang="alb">
        <text>Ozzy and Sharon sit down to watch footage of suspected poltergeists, haunted dolls and UFOs. Can Jack convince his parents that these supernatural forces exist?</text>
      </extended_event_descriptor>
    </event>
    <event id="77" start_time="2021-12-13 21:00:00" duration="3600">
      <short_event_descriptor lang="alb" name="Destination Fear">Documentary</short_event_descriptor>
      <extended_event_descriptor lang="alb">
        <text>The team meets in Tennessee to investigate an abandoned prison with a brutal past and infamous inmates. What will they discovery in Petros?</text>
      </extended_event_descriptor>
    </event>
    <event id="78" start_time="2021-12-13 22:00:00" duration="3600">
      <short_event_descriptor lang="alb" name="Haunting In The Heartland">Documentary</short_event_descriptor>
      <extended_event_descriptor lang="alb">
        <text>Steve Shippy heads to Merrill, Michigan, to investigate reports of an evil entity. With the help of a local historian, he uncovers the town's traumatic </text>
      </extended_event_descriptor>
    </event>
    <event id="79" start_time="2021-12-13 23:00:00" duration="3600">
      <short_event_descriptor lang="alb" name="The Osbournes Want To Believe">Documentary</short_event_descriptor>
      <extended_event_descriptor lang="alb">
        <text>Ozzy and Sharon sit down to watch footage of suspected poltergeists, haunted dolls and UFOs. Can Jack convince his parents that these supernatural forces exist?</text>
      </extended_event_descriptor>
    </event>
    <event id="80" start_time="2021-12-14 00:00:00" duration="3600">
      <short_event_descriptor lang="alb" name="Treasure Quest: Snake Island: ">Documentary</short_event_descriptor>
      <extended_event_descriptor lang="alb">
        <text>A deadly caiman targets Mehgan, but a potentially crippling accident leads to a shocking find - a coded message from the past that may bring them closer to gold. [</text>
      </extended_event_descriptor>
    </event>
    <event id="81" start_time="2021-12-14 01:00:00" duration="3600">
      <short_event_descriptor lang="alb" name="Ghost Asylum">Documentary</short_event_descriptor>
      <extended_event_descriptor lang="alb">
        <text>One of the most passionate paranormal teams in America, the Tennessee Wraith Chasers, are in Missouri to investigate a haunted and abandoned asylum</text>
      </extended_event_descriptor>
    </event>
    <event id="82" start_time="2021-12-14 02:00:00" duration="3600">
      <short_event_descriptor lang="alb" name="Alaska Monsters">Documentary</short_event_descriptor>
      <extended_event_descriptor lang="alb">
        <text>In Alaska is a region known as the Triangle - 200,000 unforgiving miles where more people go missing per capita than anywhere else on earth. ALASKA MONSTERS follows a team of native outdoorsmen as they take on the challenge of exploring the Triangle's treacherous terrain to prove native monsters are linked to these disappearances.</text>
      </extended_event_descriptor>
    </event>
    <event id="83" start_time="2021-12-14 03:00:00" duration="3600">
      <short_event_descriptor lang="alb" name="Mysteries at the Museum">Documentary</short_event_descriptor>
      <extended_event_descriptor lang="alb">
        <text>Each episode is focused on interesting and unusual artifacts held in museums. The show is hosted by Don Wildman and consists of over 80 episodes spread throughout seven seasons.</text>
      </extended_event_descriptor>
    </event>
    <event id="84" start_time="2021-12-14 05:00:00" duration="3600">
      <short_event_descriptor lang="alb" name="Alaska Monsters">Documentary</short_event_descriptor>
      <extended_event_descriptor lang="alb">
        <text>In Alaska is a region known as the Triangle - 200,000 unforgiving miles where more people go missing per capita than anywhere else on earth. ALASKA MONSTERS follows a team of native outdoorsmen as they take on the challenge of exploring the Triangle's treacherous terrain to prove native monsters are linked to these disappearances.</text>
      </extended_event_descriptor>
    </event>
    <event id="85" start_time="2021-12-14 06:00:00" duration="3600">
      <short_event_descriptor lang="alb" name="The Alaska Triangle">Documentary</short_event_descriptor>
      <extended_event_descriptor lang="alb">
        <text>Experts investigate reports of a secret alien base deep inside Alaska's highest mountain.</text>
      </extended_event_descriptor>
    </event>
    <event id="86" start_time="2021-12-14 07:00:00" duration="7200">
      <short_event_descriptor lang="alb" name="Building Alaska">Documentary</short_event_descriptor>
      <extended_event_descriptor lang="alb">
        <text>What does it take to build a house totally off the grid in some of the most unforgiving terrain on the planet? We follow a cast of characters who set out to construct three incredible cabins in the obscure Alaskan wilderness..</text>
      </extended_event_descriptor>
    </event>
    <event id="87" start_time="2021-12-14 09:00:00" duration="3600">
      <short_event_descriptor lang="alb" name="Treasure Quest: Snake Island: ">Documentary</short_event_descriptor>
      <extended_event_descriptor lang="alb">
        <text>A deadly caiman targets Mehgan, but a potentially crippling accident leads to a shocking find - a coded message from the past that may bring them closer to gold. [</text>
      </extended_event_descriptor>
    </event>
    <event id="88" start_time="2021-12-14 10:00:00" duration="3600">
      <short_event_descriptor lang="alb" name="Expedition Unknown">Documentary</short_event_descriptor>
      <extended_event_descriptor lang="alb">
        <text>Josh Gates begins his search for extraterrestrial life with a once-in-a-lifetime visit to NASA and an alien-hunting expedition in Chile, where scientists and ufologists are making new discoveries.
</text>
      </extended_event_descriptor>
    </event>
    <event id="89" start_time="2021-12-14 11:00:00" duration="3600">
      <short_event_descriptor lang="alb" name="Alaska Monsters">Documentary</short_event_descriptor>
      <extended_event_descriptor lang="alb">
        <text>In Alaska is a region known as the Triangle - 200,000 unforgiving miles where more people go missing per capita than anywhere else on earth. ALASKA MONSTERS follows a team of native outdoorsmen as they take on the challenge of exploring the Triangle's treacherous terrain to prove native monsters are linked to these disappearances.</text>
      </extended_event_descriptor>
    </event>
    <event id="90" start_time="2021-12-14 12:00:00" duration="3600">
      <short_event_descriptor lang="alb" name="Building Alaska">Documentary</short_event_descriptor>
      <extended_event_descriptor lang="alb">
        <text>What does it take to build a house totally off the grid in some of the most unforgiving terrain on the planet? We follow a cast of characters who set out to construct three incredible cabins in the obscure Alaskan wilderness..</text>
      </extended_event_descriptor>
    </event>
    <event id="91" start_time="2021-12-14 13:00:00" duration="3600">
      <short_event_descriptor lang="alb" name="Building Alaska">Documentary</short_event_descriptor>
      <extended_event_descriptor lang="alb">
        <text>What does it take to build a house totally off the grid in some of the most unforgiving terrain on the planet? We follow a cast of characters who set out to construct three incredible cabins in the obscure Alaskan wilderness..</text>
      </extended_event_descriptor>
    </event>
    <event id="92" start_time="2021-12-14 14:00:00" duration="3600">
      <short_event_descriptor lang="alb" name="The Alaska Triangle">Documentary</short_event_descriptor>
      <extended_event_descriptor lang="alb">
        <text>Experts investigate reports of a secret alien base deep inside Alaska's highest mountain.</text>
      </extended_event_descriptor>
    </event>
    <event id="93" start_time="2021-12-14 15:00:00" duration="3600">
      <short_event_descriptor lang="alb" name="Treasure Quest: Snake Island: ">Documentary</short_event_descriptor>
      <extended_event_descriptor lang="alb">
        <text>A deadly caiman targets Mehgan, but a potentially crippling accident leads to a shocking find - a coded message from the past that may bring them closer to gold. [</text>
      </extended_event_descriptor>
    </event>
    <event id="94" start_time="2021-12-14 16:00:00" duration="3600">
      <short_event_descriptor lang="alb" name="Alaska Monsters">Documentary</short_event_descriptor>
      <extended_event_descriptor lang="alb">
        <text>In Alaska is a region known as the Triangle - 200,000 unforgiving miles where more people go missing per capita than anywhere else on earth. ALASKA MONSTERS follows a team of native outdoorsmen as they take on the challenge of exploring the Triangle's treacherous terrain to prove native monsters are linked to these disappearances.</text>
      </extended_event_descriptor>
    </event>
    <event id="95" start_time="2021-12-14 17:00:00" duration="3600">
      <short_event_descriptor lang="alb" name="Finding Bigfoot">Documentary</short_event_descriptor>
      <extended_event_descriptor lang="alb">
        <text>Bigfoot experts are called to Prince of Wales Island, Alaska to investigate a recent spike in Sasquatch activity. But can they track the elusive beast? [6-A]

</text>
      </extended_event_descriptor>
    </event>
    <event id="96" start_time="2021-12-14 18:00:00" duration="3600">
      <short_event_descriptor lang="alb" name="Expedition Unknown">Documentary</short_event_descriptor>
      <extended_event_descriptor lang="alb">
        <text>Josh Gates begins his search for extraterrestrial life with a once-in-a-lifetime visit to NASA and an alien-hunting expedition in Chile, where scientists and ufologists are making new discoveries.
</text>
      </extended_event_descriptor>
    </event>
    <event id="97" start_time="2021-12-14 19:00:00" duration="3600">
      <short_event_descriptor lang="alb" name="Ghost Loop">Documentary</short_event_descriptor>
      <extended_event_descriptor lang="alb">
        <text>The Spirit Hunters arrive in Palatka, Florida, to help a mother who fears an unknown entity is crawling into her children's bedrooms. What </text>
      </extended_event_descriptor>
    </event>
    <event id="98" start_time="2021-12-14 20:00:00" duration="3600">
      <short_event_descriptor lang="alb" name="Expedition Unknown">Documentary</short_event_descriptor>
      <extended_event_descriptor lang="alb">
        <text>Beginning in Kathmandu, Josh Gates heads high into the Himalayas of Nepal to obtain scientific evidence of the legendary Yeti. This time his mission is personal, and it will take him into uncharted territory.
</text>
      </extended_event_descriptor>
    </event>
    <event id="99" start_time="2021-12-14 21:00:00" duration="3600">
      <short_event_descriptor lang="alb" name="In Search Of Monsters">Documentary</short_event_descriptor>
      <extended_event_descriptor lang="alb">
        <text>Experts discuss theories related to the world's most famous cryptid, Bigfoot. Recently uncovered evidence unveil a creature far fiercer than previously believed.</text>
      </extended_event_descriptor>
    </event>
    <event id="100" start_time="2021-12-14 22:00:00" duration="3600">
      <short_event_descriptor lang="alb" name="The Osbournes Want To Believe">Documentary</short_event_descriptor>
      <extended_event_descriptor lang="alb">
        <text>Ozzy and Sharon sit down to watch footage of suspected poltergeists, haunted dolls and UFOs. Can Jack convince his parents that these supernatural forces exist?</text>
      </extended_event_descriptor>
    </event>
    <event id="101" start_time="2021-12-14 23:00:00" duration="3600">
      <short_event_descriptor lang="alb" name="Destination Fear">Documentary</short_event_descriptor>
      <extended_event_descriptor lang="alb">
        <text>The team meets in Tennessee to investigate an abandoned prison with a brutal past and infamous inmates. What will they discovery in Petros?</text>
      </extended_event_descriptor>
    </event>
    <event id="102" start_time="2021-12-15 00:00:00" duration="3600">
      <short_event_descriptor lang="alb" name="Treasure Quest: Snake Island: ">Documentary</short_event_descriptor>
      <extended_event_descriptor lang="alb">
        <text>A deadly caiman targets Mehgan, but a potentially crippling accident leads to a shocking find - a coded message from the past that may bring them closer to gold. [</text>
      </extended_event_descriptor>
    </event>
    <event id="103" start_time="2021-12-15 01:00:00" duration="3600">
      <short_event_descriptor lang="alb" name="Ghost Loop">Documentary</short_event_descriptor>
      <extended_event_descriptor lang="alb">
        <text>The Spirit Hunters arrive in Palatka, Florida, to help a mother who fears an unknown entity is crawling into her children's bedrooms. What </text>
      </extended_event_descriptor>
    </event>
    <event id="104" start_time="2021-12-15 02:00:00" duration="3600">
      <short_event_descriptor lang="alb" name="Alaska Monsters">Documentary</short_event_descriptor>
      <extended_event_descriptor lang="alb">
        <text>In Alaska is a region known as the Triangle - 200,000 unforgiving miles where more people go missing per capita than anywhere else on earth. ALASKA MONSTERS follows a team of native outdoorsmen as they take on the challenge of exploring the Triangle's treacherous terrain to prove native monsters are linked to these disappearances.</text>
      </extended_event_descriptor>
    </event>
    <event id="105" start_time="2021-12-15 03:00:00" duration="3600">
      <short_event_descriptor lang="alb" name="Mysteries at the Museum">Documentary</short_event_descriptor>
      <extended_event_descriptor lang="alb">
        <text>Each episode is focused on interesting and unusual artifacts held in museums. The show is hosted by Don Wildman and consists of over 80 episodes spread throughout seven seasons.</text>
      </extended_event_descriptor>
    </event>
    <event id="106" start_time="2021-12-15 04:00:00" duration="3600">
      <short_event_descriptor lang="alb" name="Expedition Unknown">Documentary</short_event_descriptor>
      <extended_event_descriptor lang="alb">
        <text>Josh Gates begins his search for extraterrestrial life with a once-in-a-lifetime visit to NASA and an alien-hunting expedition in Chile, where scientists and ufologists are making new discoveries.
</text>
      </extended_event_descriptor>
    </event>
    <event id="107" start_time="2021-12-15 05:00:00" duration="3600">
      <short_event_descriptor lang="alb" name="Alaska Monsters">Documentary</short_event_descriptor>
      <extended_event_descriptor lang="alb">
        <text>In Alaska is a region known as the Triangle - 200,000 unforgiving miles where more people go missing per capita than anywhere else on earth. ALASKA MONSTERS follows a team of native outdoorsmen as they take on the challenge of exploring the Triangle's treacherous terrain to prove native monsters are linked to these disappearances.</text>
      </extended_event_descriptor>
    </event>
    <event id="108" start_time="2021-12-15 06:00:00" duration="3600">
      <short_event_descriptor lang="alb" name="The Alaska Triangle">Documentary</short_event_descriptor>
      <extended_event_descriptor lang="alb">
        <text>Experts investigate reports of a secret alien base deep inside Alaska's highest mountain.</text>
      </extended_event_descriptor>
    </event>
    <event id="109" start_time="2021-12-15 07:00:00" duration="7200">
      <short_event_descriptor lang="alb" name="Building Alaska">Documentary</short_event_descriptor>
      <extended_event_descriptor lang="alb">
        <text>What does it take to build a house totally off the grid in some of the most unforgiving terrain on the planet? We follow a cast of characters who set out to construct three incredible cabins in the obscure Alaskan wilderness..</text>
      </extended_event_descriptor>
    </event>
    <event id="110" start_time="2021-12-15 09:00:00" duration="3600">
      <short_event_descriptor lang="alb" name="Treasure Quest: Snake Island: ">Documentary</short_event_descriptor>
      <extended_event_descriptor lang="alb">
        <text>A deadly caiman targets Mehgan, but a potentially crippling accident leads to a shocking find - a coded message from the past that may bring them closer to gold. [</text>
      </extended_event_descriptor>
    </event>
    <event id="111" start_time="2021-12-15 10:00:00" duration="3600">
      <short_event_descriptor lang="alb" name="Expedition unkwon">Documentary</short_event_descriptor>
      <extended_event_descriptor lang="alb">
        <text>Josh Gates travels to the remote and landmine-riddled jungles of Cambodia to investigate the lost city of the Khmer Empire and search for a mystical relic that gave its God King the power to incinerate his enemies.
</text>
      </extended_event_descriptor>
    </event>
    <event id="112" start_time="2021-12-15 11:00:00" duration="3600">
      <short_event_descriptor lang="alb" name="Alaska Monsters">Documentary</short_event_descriptor>
      <extended_event_descriptor lang="alb">
        <text>In Alaska is a region known as the Triangle - 200,000 unforgiving miles where more people go missing per capita than anywhere else on earth. ALASKA MONSTERS follows a team of native outdoorsmen as they take on the challenge of exploring the Triangle's treacherous terrain to prove native monsters are linked to these disappearances.</text>
      </extended_event_descriptor>
    </event>
    <event id="113" start_time="2021-12-15 12:00:00" duration="7200">
      <short_event_descriptor lang="alb" name="Building Alaska">Documentary</short_event_descriptor>
      <extended_event_descriptor lang="alb">
        <text>What does it take to build a house totally off the grid in some of the most unforgiving terrain on the planet? We follow a cast of characters who set out to construct three incredible cabins in the obscure Alaskan wilderness..</text>
      </extended_event_descriptor>
    </event>
    <event id="114" start_time="2021-12-15 14:00:00" duration="3600">
      <short_event_descriptor lang="alb" name="Alien in Alaska">Documentary</short_event_descriptor>
      <extended_event_descriptor lang="alb">
        <text>A man on a night-time snowmobile ride suddenly feels something has been implanted in his leg. And, an otherworldly beast stalks a family </text>
      </extended_event_descriptor>
    </event>
    <event id="115" start_time="2021-12-15 15:00:00" duration="3600">
      <short_event_descriptor lang="alb" name="Treasure Quest: Snake Island: ">Documentary</short_event_descriptor>
      <extended_event_descriptor lang="alb">
        <text>A deadly caiman targets Mehgan, but a potentially crippling accident leads to a shocking find - a coded message from the past that may bring them closer to gold. [</text>
      </extended_event_descriptor>
    </event>
    <event id="116" start_time="2021-12-15 16:00:00" duration="3600">
      <short_event_descriptor lang="alb" name="Expedition Bigfoot ">Documentary</short_event_descriptor>
      <extended_event_descriptor lang="alb">
        <text>A team of specialists, armed with the latest technology, try to locate the fabled bigfoot. The start of their search takes them to the forests of Oregon. </text>
      </extended_event_descriptor>
    </event>
    <event id="117" start_time="2021-12-15 17:00:00" duration="3600">
      <short_event_descriptor lang="alb" name="Finding Bigfoot">Documentary</short_event_descriptor>
      <extended_event_descriptor lang="alb">
        <text>Bigfoot experts are called to Prince of Wales Island, Alaska to investigate a recent spike in Sasquatch activity. But can they track the elusive beast? [6-A]

</text>
      </extended_event_descriptor>
    </event>
    <event id="118" start_time="2021-12-15 18:00:00" duration="3600">
      <short_event_descriptor lang="alb" name="Expedition Unknown">Documentary</short_event_descriptor>
      <extended_event_descriptor lang="alb">
        <text>Josh Gates begins his search for extraterrestrial life with a once-in-a-lifetime visit to NASA and an alien-hunting expedition in Chile, where scientists and ufologists are making new discoveries.
</text>
      </extended_event_descriptor>
    </event>
    <event id="119" start_time="2021-12-15 19:00:00" duration="3600">
      <short_event_descriptor lang="alb" name="Ghost Loop">Documentary</short_event_descriptor>
      <extended_event_descriptor lang="alb">
        <text>The Spirit Hunters arrive in Palatka, Florida, to help a mother who fears an unknown entity is crawling into her children's bedrooms. What </text>
      </extended_event_descriptor>
    </event>
    <event id="120" start_time="2021-12-15 20:00:00" duration="7200">
      <short_event_descriptor lang="alb" name="Portals To Hell">Documentary</short_event_descriptor>
      <extended_event_descriptor lang="alb">
        <text>Jack Osbourne and Katrina Weidman travel to Juneau, Alaska. They're conducting the first-ever investigation of a hotel that is linked to demonic activity.</text>
      </extended_event_descriptor>
    </event>
    <event id="121" start_time="2021-12-15 22:00:00" duration="3600">
      <short_event_descriptor lang="alb" name="Expedition Bigfoot ">Documentary</short_event_descriptor>
      <extended_event_descriptor lang="alb">
        <text>A team of specialists, armed with the latest technology, try to locate the fabled bigfoot. The start of their search takes them to the forests of Oregon. </text>
      </extended_event_descriptor>
    </event>
    <event id="122" start_time="2021-12-15 23:00:00" duration="3600">
      <short_event_descriptor lang="alb" name="In Search Of Monsters">Documentary</short_event_descriptor>
      <extended_event_descriptor lang="alb">
        <text>Experts discuss theories related to the world's most famous cryptid, Bigfoot. Recently uncovered evidence unveil a creature far fiercer than previously believed.</text>
      </extended_event_descriptor>
    </event>
    <event id="123" start_time="2021-12-16 00:00:00" duration="3600">
      <short_event_descriptor lang="alb" name="Treasure Quest: Snake Island: ">Documentary</short_event_descriptor>
      <extended_event_descriptor lang="alb">
        <text>A deadly caiman targets Mehgan, but a potentially crippling accident leads to a shocking find - a coded message from the past that may bring them closer to gold. [</text>
      </extended_event_descriptor>
    </event>
    <event id="124" start_time="2021-12-16 01:00:00" duration="3600">
      <short_event_descriptor lang="alb" name="Ghost Loop">Documentary</short_event_descriptor>
      <extended_event_descriptor lang="alb">
        <text>The Spirit Hunters arrive in Palatka, Florida, to help a mother who fears an unknown entity is crawling into her children's bedrooms. What </text>
      </extended_event_descriptor>
    </event>
    <event id="125" start_time="2021-12-16 02:00:00" duration="3600">
      <short_event_descriptor lang="alb" name="Alaska Monsters">Documentary</short_event_descriptor>
      <extended_event_descriptor lang="alb">
        <text>In Alaska is a region known as the Triangle - 200,000 unforgiving miles where more people go missing per capita than anywhere else on earth. ALASKA MONSTERS follows a team of native outdoorsmen as they take on the challenge of exploring the Triangle's treacherous terrain to prove native monsters are linked to these disappearances.</text>
      </extended_event_descriptor>
    </event>
    <event id="126" start_time="2021-12-16 03:00:00" duration="3600">
      <short_event_descriptor lang="alb" name="Mysteries at the Museum">Documentary</short_event_descriptor>
      <extended_event_descriptor lang="alb">
        <text>Each episode is focused on interesting and unusual artifacts held in museums. The show is hosted by Don Wildman and consists of over 80 episodes spread throughout seven seasons.</text>
      </extended_event_descriptor>
    </event>
    <event id="127" start_time="2021-12-16 04:00:00" duration="3600">
      <short_event_descriptor lang="alb" name="Expedition Unknown">Documentary</short_event_descriptor>
      <extended_event_descriptor lang="alb">
        <text>Beginning in Kathmandu, Josh Gates heads high into the Himalayas of Nepal to obtain scientific evidence of the legendary Yeti. This time his mission is personal, and it will take him into uncharted territory.
</text>
      </extended_event_descriptor>
    </event>
    <event id="128" start_time="2021-12-16 05:00:00" duration="3600">
      <short_event_descriptor lang="alb" name="Alaska Monsters">Documentary</short_event_descriptor>
      <extended_event_descriptor lang="alb">
        <text>In Alaska is a region known as the Triangle - 200,000 unforgiving miles where more people go missing per capita than anywhere else on earth. ALASKA MONSTERS follows a team of native outdoorsmen as they take on the challenge of exploring the Triangle's treacherous terrain to prove native monsters are linked to these disappearances.</text>
      </extended_event_descriptor>
    </event>
    <event id="129" start_time="2021-12-16 06:00:00" duration="3600">
      <short_event_descriptor lang="alb" name="Alien in Alaska">Documentary</short_event_descriptor>
      <extended_event_descriptor lang="alb">
        <text>A man on a night-time snowmobile ride suddenly feels something has been implanted in his leg. And, an otherworldly beast stalks a family </text>
      </extended_event_descriptor>
    </event>
    <event id="130" start_time="2021-12-16 07:00:00" duration="7200">
      <short_event_descriptor lang="alb" name="Building Alaska">Documentary</short_event_descriptor>
      <extended_event_descriptor lang="alb">
        <text>What does it take to build a house totally off the grid in some of the most unforgiving terrain on the planet? We follow a cast of characters who set out to construct three incredible cabins in the obscure Alaskan wilderness..</text>
      </extended_event_descriptor>
    </event>
    <event id="131" start_time="2021-12-16 09:00:00" duration="3600">
      <short_event_descriptor lang="alb" name="Treasure Quest: Snake Island: ">Documentary</short_event_descriptor>
      <extended_event_descriptor lang="alb">
        <text>A deadly caiman targets Mehgan, but a potentially crippling accident leads to a shocking find - a coded message from the past that may bring them closer to gold. [</text>
      </extended_event_descriptor>
    </event>
    <event id="132" start_time="2021-12-16 10:00:00" duration="3600">
      <short_event_descriptor lang="alb" name="Expedition Unknown">Documentary</short_event_descriptor>
      <extended_event_descriptor lang="alb">
        <text>Josh Gates begins his search for extraterrestrial life with a once-in-a-lifetime visit to NASA and an alien-hunting expedition in Chile, where scientists and ufologists are making new discoveries.
</text>
      </extended_event_descriptor>
    </event>
    <event id="133" start_time="2021-12-16 11:00:00" duration="3600">
      <short_event_descriptor lang="alb" name="Expedition Bigfoot ">Documentary</short_event_descriptor>
      <extended_event_descriptor lang="alb">
        <text>A team of specialists, armed with the latest technology, try to locate the fabled bigfoot. The start of their search takes them to the forests of Oregon. </text>
      </extended_event_descriptor>
    </event>
    <event id="134" start_time="2021-12-16 12:00:00" duration="7200">
      <short_event_descriptor lang="alb" name="Building Alaska">Documentary</short_event_descriptor>
      <extended_event_descriptor lang="alb">
        <text>What does it take to build a house totally off the grid in some of the most unforgiving terrain on the planet? We follow a cast of characters who set out to construct three incredible cabins in the obscure Alaskan wilderness..</text>
      </extended_event_descriptor>
    </event>
    <event id="135" start_time="2021-12-16 14:00:00" duration="3600">
      <short_event_descriptor lang="alb" name="Alien in Alaska">Documentary</short_event_descriptor>
      <extended_event_descriptor lang="alb">
        <text>A man on a night-time snowmobile ride suddenly feels something has been implanted in his leg. And, an otherworldly beast stalks a family </text>
      </extended_event_descriptor>
    </event>
    <event id="136" start_time="2021-12-16 15:00:00" duration="3600">
      <short_event_descriptor lang="alb" name="Treasure Quest: Snake Island: ">Documentary</short_event_descriptor>
      <extended_event_descriptor lang="alb">
        <text>A deadly caiman targets Mehgan, but a potentially crippling accident leads to a shocking find - a coded message from the past that may bring them closer to gold. [</text>
      </extended_event_descriptor>
    </event>
    <event id="137" start_time="2021-12-16 16:00:00" duration="3600">
      <short_event_descriptor lang="alb" name="Expedition Bigfoot ">Documentary</short_event_descriptor>
      <extended_event_descriptor lang="alb">
        <text>A team of specialists, armed with the latest technology, try to locate the fabled bigfoot. The start of their search takes them to the forests of Oregon. </text>
      </extended_event_descriptor>
    </event>
    <event id="138" start_time="2021-12-16 17:00:00" duration="3600">
      <short_event_descriptor lang="alb" name="Finding Bigfoot">Documentary</short_event_descriptor>
      <extended_event_descriptor lang="alb">
        <text>Bigfoot experts are called to Prince of Wales Island, Alaska to investigate a recent spike in Sasquatch activity. But can they track the elusive beast? [6-A]

</text>
      </extended_event_descriptor>
    </event>
    <event id="139" start_time="2021-12-16 18:00:00" duration="3600">
      <short_event_descriptor lang="alb" name="Expedition Unknown">Documentary</short_event_descriptor>
      <extended_event_descriptor lang="alb">
        <text>Beginning in Kathmandu, Josh Gates heads high into the Himalayas of Nepal to obtain scientific evidence of the legendary Yeti. This time his mission is personal, and it will take him into uncharted territory.
</text>
      </extended_event_descriptor>
    </event>
  </channel>
</WIDECAST_DVB>