<?xml version="1.0" encoding="ISO-8859-1"?>
<WIDECAST_DVB>
  <channel name="A1 Report">
    <event id="0" start_time="2015-09-03 22:00:00" duration="28800">
      <short_event_descriptor lang="alb" name="A1 Report">Programe</short_event_descriptor>
      <extended_event_descriptor lang="alb">
        <text>Programet e perditshme te kanalit A1 Report.</text>
      </extended_event_descriptor>
    </event>
    <event id="1" start_time="2015-09-04 06:00:00" duration="28800">
      <short_event_descriptor lang="alb" name="A1 Report">Programe</short_event_descriptor>
      <extended_event_descriptor lang="alb">
        <text>Programet e perditshme te kanalit A1 Report.</text>
      </extended_event_descriptor>
    </event>
    <event id="2" start_time="2015-09-04 14:00:00" duration="28800">
      <short_event_descriptor lang="alb" name="A1 Report">Programe</short_event_descriptor>
      <extended_event_descriptor lang="alb">
        <text>Programet e perditshme te kanalit A1 Report.</text>
      </extended_event_descriptor>
    </event>
    <event id="3" start_time="2015-09-04 22:00:00" duration="28800">
      <short_event_descriptor lang="alb" name="A1 Report">Programe</short_event_descriptor>
      <extended_event_descriptor lang="alb">
        <text>Programet e perditshme te kanalit A1 Report.</text>
      </extended_event_descriptor>
    </event>
    <event id="4" start_time="2015-09-05 06:00:00" duration="28800">
      <short_event_descriptor lang="alb" name="A1 Report">Programe</short_event_descriptor>
      <extended_event_descriptor lang="alb">
        <text>Programet e perditshme te kanalit A1 Report.</text>
      </extended_event_descriptor>
    </event>
    <event id="5" start_time="2015-09-05 14:00:00" duration="28800">
      <short_event_descriptor lang="alb" name="A1 Report">Programe</short_event_descriptor>
      <extended_event_descriptor lang="alb">
        <text>Programet e perditshme te kanalit A1 Report.</text>
      </extended_event_descriptor>
    </event>
    <event id="6" start_time="2015-09-05 22:00:00" duration="28800">
      <short_event_descriptor lang="alb" name="A1 Report">Programe</short_event_descriptor>
      <extended_event_descriptor lang="alb">
        <text>Programet e perditshme te kanalit A1 Report.</text>
      </extended_event_descriptor>
    </event>
    <event id="7" start_time="2015-09-06 06:00:00" duration="28800">
      <short_event_descriptor lang="alb" name="A1 Report">Programe</short_event_descriptor>
      <extended_event_descriptor lang="alb">
        <text>Programet e perditshme te kanalit A1 Report.</text>
      </extended_event_descriptor>
    </event>
    <event id="8" start_time="2015-09-06 14:00:00" duration="28800">
      <short_event_descriptor lang="alb" name="A1 Report">Programe</short_event_descriptor>
      <extended_event_descriptor lang="alb">
        <text>Programet e perditshme te kanalit A1 Report.</text>
      </extended_event_descriptor>
    </event>
    <event id="9" start_time="2015-09-06 22:00:00" duration="28800">
      <short_event_descriptor lang="alb" name="A1 Report">Programe</short_event_descriptor>
      <extended_event_descriptor lang="alb">
        <text>Programet e perditshme te kanalit A1 Report.</text>
      </extended_event_descriptor>
    </event>
    <event id="10" start_time="2015-09-07 06:00:00" duration="28800">
      <short_event_descriptor lang="alb" name="A1 Report">Programe</short_event_descriptor>
      <extended_event_descriptor lang="alb">
        <text>Programet e perditshme te kanalit A1 Report.</text>
      </extended_event_descriptor>
    </event>
    <event id="11" start_time="2015-09-07 14:00:00" duration="28800">
      <short_event_descriptor lang="alb" name="A1 Report">Programe</short_event_descriptor>
      <extended_event_descriptor lang="alb">
        <text>Programet e perditshme te kanalit A1 Report.</text>
      </extended_event_descriptor>
    </event>
    <event id="12" start_time="2015-09-07 22:00:00" duration="28800">
      <short_event_descriptor lang="alb" name="A1 Report">Programe</short_event_descriptor>
      <extended_event_descriptor lang="alb">
        <text>Programet e perditshme te kanalit A1 Report.</text>
      </extended_event_descriptor>
    </event>
    <event id="13" start_time="2015-09-08 06:00:00" duration="28800">
      <short_event_descriptor lang="alb" name="A1 Report">Programe</short_event_descriptor>
      <extended_event_descriptor lang="alb">
        <text>Programet e perditshme te kanalit A1 Report.</text>
      </extended_event_descriptor>
    </event>
    <event id="14" start_time="2015-09-08 14:00:00" duration="28800">
      <short_event_descriptor lang="alb" name="A1 Report">Programe</short_event_descriptor>
      <extended_event_descriptor lang="alb">
        <text>Programet e perditshme te kanalit A1 Report.</text>
      </extended_event_descriptor>
    </event>
    <event id="15" start_time="2015-09-08 22:00:00" duration="28800">
      <short_event_descriptor lang="alb" name="A1 Report">Programe</short_event_descriptor>
      <extended_event_descriptor lang="alb">
        <text>Programet e perditshme te kanalit A1 Report.</text>
      </extended_event_descriptor>
    </event>
    <event id="16" start_time="2015-09-09 06:00:00" duration="28800">
      <short_event_descriptor lang="alb" name="A1 Report">Programe</short_event_descriptor>
      <extended_event_descriptor lang="alb">
        <text>Programet e perditshme te kanalit A1 Report.</text>
      </extended_event_descriptor>
    </event>
    <event id="17" start_time="2015-09-09 14:00:00" duration="28800">
      <short_event_descriptor lang="alb" name="A1 Report">Programe</short_event_descriptor>
      <extended_event_descriptor lang="alb">
        <text>Programet e perditshme te kanalit A1 Report.</text>
      </extended_event_descriptor>
    </event>
    <event id="18" start_time="2015-09-09 22:00:00" duration="28800">
      <short_event_descriptor lang="alb" name="A1 Report">Programe</short_event_descriptor>
      <extended_event_descriptor lang="alb">
        <text>Programet e perditshme te kanalit A1 Report.</text>
      </extended_event_descriptor>
    </event>
    <event id="19" start_time="2015-09-10 06:00:00" duration="28800">
      <short_event_descriptor lang="alb" name="A1 Report">Programe</short_event_descriptor>
      <extended_event_descriptor lang="alb">
        <text>Programet e perditshme te kanalit A1 Report.</text>
      </extended_event_descriptor>
    </event>
    <event id="20" start_time="2015-09-10 14:00:00" duration="28800">
      <short_event_descriptor lang="alb" name="A1 Report">Programe</short_event_descriptor>
      <extended_event_descriptor lang="alb">
        <text>Programet e perditshme te kanalit A1 Report.</text>
      </extended_event_descriptor>
    </event>
    <event id="21" start_time="2015-09-10 22:00:00" duration="28800">
      <short_event_descriptor lang="alb" name="A1 Report">Programe</short_event_descriptor>
      <extended_event_descriptor lang="alb">
        <text>Programet e perditshme te kanalit A1 Report.</text>
      </extended_event_descriptor>
    </event>
    <event id="22" start_time="2015-09-11 06:00:00" duration="28800">
      <short_event_descriptor lang="alb" name="A1 Report">Programe</short_event_descriptor>
      <extended_event_descriptor lang="alb">
        <text>Programet e perditshme te kanalit A1 Report.</text>
      </extended_event_descriptor>
    </event>
    <event id="23" start_time="2015-09-11 14:00:00" duration="28800">
      <short_event_descriptor lang="alb" name="A1 Report">Programe</short_event_descriptor>
      <extended_event_descriptor lang="alb">
        <text>Programet e perditshme te kanalit A1 Report.</text>
      </extended_event_descriptor>
    </event>
    <event id="24" start_time="2015-09-11 22:00:00" duration="28800">
      <short_event_descriptor lang="alb" name="A1 Report">Programe</short_event_descriptor>
      <extended_event_descriptor lang="alb">
        <text>Programet e perditshme te kanalit A1 Report.</text>
      </extended_event_descriptor>
    </event>
    <event id="25" start_time="2015-09-12 06:00:00" duration="28800">
      <short_event_descriptor lang="alb" name="A1 Report">Programe</short_event_descriptor>
      <extended_event_descriptor lang="alb">
        <text>Programet e perditshme te kanalit A1 Report.</text>
      </extended_event_descriptor>
    </event>
    <event id="26" start_time="2015-09-12 14:00:00" duration="28800">
      <short_event_descriptor lang="alb" name="A1 Report">Programe</short_event_descriptor>
      <extended_event_descriptor lang="alb">
        <text>Programet e perditshme te kanalit A1 Report.</text>
      </extended_event_descriptor>
    </event>
    <event id="27" start_time="2015-09-12 22:00:00" duration="28800">
      <short_event_descriptor lang="alb" name="A1 Report">Programe</short_event_descriptor>
      <extended_event_descriptor lang="alb">
        <text>Programet e perditshme te kanalit A1 Report.</text>
      </extended_event_descriptor>
    </event>
    <event id="28" start_time="2015-09-13 06:00:00" duration="28800">
      <short_event_descriptor lang="alb" name="A1 Report">Programe</short_event_descriptor>
      <extended_event_descriptor lang="alb">
        <text>Programet e perditshme te kanalit A1 Report.</text>
      </extended_event_descriptor>
    </event>
    <event id="29" start_time="2015-09-13 14:00:00" duration="28800">
      <short_event_descriptor lang="alb" name="A1 Report">Programe</short_event_descriptor>
      <extended_event_descriptor lang="alb">
        <text>Programet e perditshme te kanalit A1 Report.</text>
      </extended_event_descriptor>
    </event>
    <event id="30" start_time="2015-09-13 22:00:00" duration="28800">
      <short_event_descriptor lang="alb" name="A1 Report">Programe</short_event_descriptor>
      <extended_event_descriptor lang="alb">
        <text>Programet e perditshme te kanalit A1 Report.</text>
      </extended_event_descriptor>
    </event>
    <event id="31" start_time="2015-09-14 06:00:00" duration="28800">
      <short_event_descriptor lang="alb" name="A1 Report">Programe</short_event_descriptor>
      <extended_event_descriptor lang="alb">
        <text>Programet e perditshme te kanalit A1 Report.</text>
      </extended_event_descriptor>
    </event>
    <event id="32" start_time="2015-09-14 14:00:00" duration="28800">
      <short_event_descriptor lang="alb" name="A1 Report">Programe</short_event_descriptor>
      <extended_event_descriptor lang="alb">
        <text>Programet e perditshme te kanalit A1 Report.</text>
      </extended_event_descriptor>
    </event>
    <event id="33" start_time="2015-09-14 22:00:00" duration="28800">
      <short_event_descriptor lang="alb" name="A1 Report">Programe</short_event_descriptor>
      <extended_event_descriptor lang="alb">
        <text>Programet e perditshme te kanalit A1 Report.</text>
      </extended_event_descriptor>
    </event>
    <event id="34" start_time="2015-09-15 06:00:00" duration="28800">
      <short_event_descriptor lang="alb" name="A1 Report">Programe</short_event_descriptor>
      <extended_event_descriptor lang="alb">
        <text>Programet e perditshme te kanalit A1 Report.</text>
      </extended_event_descriptor>
    </event>
    <event id="35" start_time="2015-09-15 14:00:00" duration="28800">
      <short_event_descriptor lang="alb" name="A1 Report">Programe</short_event_descriptor>
      <extended_event_descriptor lang="alb">
        <text>Programet e perditshme te kanalit A1 Report.</text>
      </extended_event_descriptor>
    </event>
    <event id="36" start_time="2015-09-15 22:00:00" duration="28800">
      <short_event_descriptor lang="alb" name="A1 Report">Programe</short_event_descriptor>
      <extended_event_descriptor lang="alb">
        <text>Programet e perditshme te kanalit A1 Report.</text>
      </extended_event_descriptor>
    </event>
    <event id="37" start_time="2015-09-16 06:00:00" duration="28800">
      <short_event_descriptor lang="alb" name="A1 Report">Programe</short_event_descriptor>
      <extended_event_descriptor lang="alb">
        <text>Programet e perditshme te kanalit A1 Report.</text>
      </extended_event_descriptor>
    </event>
    <event id="38" start_time="2015-09-16 14:00:00" duration="28800">
      <short_event_descriptor lang="alb" name="A1 Report">Programe</short_event_descriptor>
      <extended_event_descriptor lang="alb">
        <text>Programet e perditshme te kanalit A1 Report.</text>
      </extended_event_descriptor>
    </event>
    <event id="39" start_time="2015-09-16 22:00:00" duration="28800">
      <short_event_descriptor lang="alb" name="A1 Report">Programe</short_event_descriptor>
      <extended_event_descriptor lang="alb">
        <text>Programet e perditshme te kanalit A1 Report.</text>
      </extended_event_descriptor>
    </event>
    <event id="40" start_time="2015-09-17 06:00:00" duration="28800">
      <short_event_descriptor lang="alb" name="A1 Report">Programe</short_event_descriptor>
      <extended_event_descriptor lang="alb">
        <text>Programet e perditshme te kanalit A1 Report.</text>
      </extended_event_descriptor>
    </event>
    <event id="41" start_time="2015-09-17 14:00:00" duration="28800">
      <short_event_descriptor lang="alb" name="A1 Report">Programe</short_event_descriptor>
      <extended_event_descriptor lang="alb">
        <text>Programet e perditshme te kanalit A1 Report.</text>
      </extended_event_descriptor>
    </event>
    <event id="42" start_time="2015-09-17 22:00:00" duration="28800">
      <short_event_descriptor lang="alb" name="A1 Report">Programe</short_event_descriptor>
      <extended_event_descriptor lang="alb">
        <text>Programet e perditshme te kanalit A1 Report.</text>
      </extended_event_descriptor>
    </event>
    <event id="43" start_time="2015-09-18 06:00:00" duration="28800">
      <short_event_descriptor lang="alb" name="A1 Report">Programe</short_event_descriptor>
      <extended_event_descriptor lang="alb">
        <text>Programet e perditshme te kanalit A1 Report.</text>
      </extended_event_descriptor>
    </event>
    <event id="44" start_time="2015-09-18 14:00:00" duration="28800">
      <short_event_descriptor lang="alb" name="A1 Report">Programe</short_event_descriptor>
      <extended_event_descriptor lang="alb">
        <text>Programet e perditshme te kanalit A1 Report.</text>
      </extended_event_descriptor>
    </event>
    <event id="45" start_time="2015-09-18 22:00:00" duration="28800">
      <short_event_descriptor lang="alb" name="A1 Report">Programe</short_event_descriptor>
      <extended_event_descriptor lang="alb">
        <text>Programet e perditshme te kanalit A1 Report.</text>
      </extended_event_descriptor>
    </event>
    <event id="46" start_time="2015-09-19 06:00:00" duration="28800">
      <short_event_descriptor lang="alb" name="A1 Report">Programe</short_event_descriptor>
      <extended_event_descriptor lang="alb">
        <text>Programet e perditshme te kanalit A1 Report.</text>
      </extended_event_descriptor>
    </event>
    <event id="47" start_time="2015-09-19 14:00:00" duration="28800">
      <short_event_descriptor lang="alb" name="A1 Report">Programe</short_event_descriptor>
      <extended_event_descriptor lang="alb">
        <text>Programet e perditshme te kanalit A1 Report.</text>
      </extended_event_descriptor>
    </event>
    <event id="48" start_time="2015-09-19 22:00:00" duration="28800">
      <short_event_descriptor lang="alb" name="A1 Report">Programe</short_event_descriptor>
      <extended_event_descriptor lang="alb">
        <text>Programet e perditshme te kanalit A1 Report.</text>
      </extended_event_descriptor>
    </event>
    <event id="49" start_time="2015-09-20 06:00:00" duration="28800">
      <short_event_descriptor lang="alb" name="A1 Report">Programe</short_event_descriptor>
      <extended_event_descriptor lang="alb">
        <text>Programet e perditshme te kanalit A1 Report.</text>
      </extended_event_descriptor>
    </event>
    <event id="50" start_time="2015-09-20 14:00:00" duration="28800">
      <short_event_descriptor lang="alb" name="A1 Report">Programe</short_event_descriptor>
      <extended_event_descriptor lang="alb">
        <text>Programet e perditshme te kanalit A1 Report.</text>
      </extended_event_descriptor>
    </event>
    <event id="51" start_time="2015-09-20 22:00:00" duration="28800">
      <short_event_descriptor lang="alb" name="A1 Report">Programe</short_event_descriptor>
      <extended_event_descriptor lang="alb">
        <text>Programet e perditshme te kanalit A1 Report.</text>
      </extended_event_descriptor>
    </event>
    <event id="52" start_time="2015-09-21 06:00:00" duration="28800">
      <short_event_descriptor lang="alb" name="A1 Report">Programe</short_event_descriptor>
      <extended_event_descriptor lang="alb">
        <text>Programet e perditshme te kanalit A1 Report.</text>
      </extended_event_descriptor>
    </event>
    <event id="53" start_time="2015-09-21 14:00:00" duration="28800">
      <short_event_descriptor lang="alb" name="A1 Report">Programe</short_event_descriptor>
      <extended_event_descriptor lang="alb">
        <text>Programet e perditshme te kanalit A1 Report.</text>
      </extended_event_descriptor>
    </event>
  </channel>
</WIDECAST_DVB>