<?xml version="1.0" encoding="ISO-8859-1"?>
<WIDECAST_DVB>
  <channel name="Animal Planet HD">
    <event id="0" start_time="2021-12-08 10:05:00" duration="6000">
      <short_event_descriptor lang="alb" name="Animal Cribs">Documentary</short_event_descriptor>
      <extended_event_descriptor lang="alb">
        <text>Designer Antonio Ballatore and his team build a cats-only treehouse. Linked to the family room, Taffy and her ten-year-old owner can now play in style</text>
      </extended_event_descriptor>
    </event>
    <event id="1" start_time="2021-12-08 11:45:00" duration="3300">
      <short_event_descriptor lang="alb" name="The Zoo">Documentary</short_event_descriptor>
      <extended_event_descriptor lang="alb">
        <text>Max, a beloved camel, develops a large abscess on his head. Plus, an adorable marmot prepares for her first classroom visit as an ambassador animal.</text>
      </extended_event_descriptor>
    </event>
    <event id="2" start_time="2021-12-08 12:40:00" duration="6600">
      <short_event_descriptor lang="alb" name="Alaskan Bush People ">Documentary</short_event_descriptor>
      <extended_event_descriptor lang="alb">
        <text>The Browns are ready to return to the wild after being stuck in Ketchikan. But a series of emergencies threaten to keep them trapped in modern society</text>
      </extended_event_descriptor>
    </event>
    <event id="3" start_time="2021-12-08 14:30:00" duration="3300">
      <short_event_descriptor lang="alb" name="Dr.Jeff: Rocky Mountain vet">Documentary</short_event_descriptor>
      <extended_event_descriptor lang="alb">
        <text>Maverick vet Dr Jeff Young and his team treat and save the lives of countless pets at what's possibly one of the busiest clinics in America.</text>
      </extended_event_descriptor>
    </event>
    <event id="4" start_time="2021-12-08 15:25:00" duration="3300">
      <short_event_descriptor lang="alb" name="The Bronx Zoo">Documentary</short_event_descriptor>
      <extended_event_descriptor lang="alb">
        <text>A look at daily life in the Bronx Zoo, documenting the day-to-day operations that provide quality care for animals whilst educating the public on wildlife and conservation.</text>
      </extended_event_descriptor>
    </event>
    <event id="5" start_time="2021-12-08 16:20:00" duration="3300">
      <short_event_descriptor lang="alb" name="Dr.Jeff: Rocky Mountain vet">Documentary</short_event_descriptor>
      <extended_event_descriptor lang="alb">
        <text>Maverick vet Dr Jeff Young and his team treat and save the lives of countless pets at what's possibly one of the busiest clinics in America.</text>
      </extended_event_descriptor>
    </event>
    <event id="6" start_time="2021-12-08 17:15:00" duration="6600">
      <short_event_descriptor lang="alb" name="Keeping Up With The Kruger">Documentary</short_event_descriptor>
      <extended_event_descriptor lang="alb">
        <text>A raw and unique glimpse into the day-to-day adventures of the dedicated band of people that keeps South Africa's Kruger National Park running.</text>
      </extended_event_descriptor>
    </event>
    <event id="7" start_time="2021-12-08 19:05:00" duration="6600">
      <short_event_descriptor lang="alb" name="Amanda to the rescue">Documentary</short_event_descriptor>
      <extended_event_descriptor lang="alb">
        <text>Amanda rescues three dogs with special needs from the California wildfires, including a very pregnant Chihuahua that could give birth at any moment</text>
      </extended_event_descriptor>
    </event>
    <event id="8" start_time="2021-12-08 20:55:00" duration="6600">
      <short_event_descriptor lang="alb" name="My cat from hell">Documentary</short_event_descriptor>
      <extended_event_descriptor lang="alb">
        <text>Jackson Galaxy, a cat behaviorist by day and a musician by night, who visits the homes of cat owners in order to resolve conflicts or behavior issues between the owners and their cats or between the cats and other pets. </text>
      </extended_event_descriptor>
    </event>
    <event id="9" start_time="2021-12-08 22:45:00" duration="6300">
      <short_event_descriptor lang="alb" name="Animal Cribs">Documentary</short_event_descriptor>
      <extended_event_descriptor lang="alb">
        <text>Designer Antonio Ballatore and his team build a cats-only treehouse. Linked to the family room, Taffy and her ten-year-old owner can now play in style</text>
      </extended_event_descriptor>
    </event>
    <event id="10" start_time="2021-12-09 00:30:00" duration="5400">
      <short_event_descriptor lang="alb" name="Wildest Europe">Documentary</short_event_descriptor>
      <extended_event_descriptor lang="alb">
        <text>From mountain to sea, from the scorching desert to the Arctic tundra, explore Europe's last great wildernesses - full of a stunning and surprising explosion of life.</text>
      </extended_event_descriptor>
    </event>
    <event id="11" start_time="2021-12-09 02:00:00" duration="5400">
      <short_event_descriptor lang="alb" name="Alaskan Bush People ">Documentary</short_event_descriptor>
      <extended_event_descriptor lang="alb">
        <text>The Browns are ready to return to the wild after being stuck in Ketchikan. But a series of emergencies threaten to keep them trapped in modern society</text>
      </extended_event_descriptor>
    </event>
    <event id="12" start_time="2021-12-09 03:30:00" duration="5400">
      <short_event_descriptor lang="alb" name="How do animals do that">Documentary</short_event_descriptor>
      <extended_event_descriptor lang="alb">
        <text>New science and amazing demonstrations reveal how a lizard can literally walk on water. And, can jellyfish live forever?</text>
      </extended_event_descriptor>
    </event>
    <event id="13" start_time="2021-12-09 05:00:00" duration="3000">
      <short_event_descriptor lang="alb" name="The Bronx Zoo">Documentary</short_event_descriptor>
      <extended_event_descriptor lang="alb">
        <text>A look at daily life in the Bronx Zoo, documenting the day-to-day operations that provide quality care for animals whilst educating the public on wildlife and conservation.</text>
      </extended_event_descriptor>
    </event>
    <event id="14" start_time="2021-12-09 05:50:00" duration="2700">
      <short_event_descriptor lang="alb" name="Treehuse Masters">Documentary</short_event_descriptor>
      <extended_event_descriptor lang="alb">
        <text>Visionary tree whisperer Pete Nelson and his team create the most breathtaking, whimsical, staggering, spectacular and jaw-dropping treehouses imaginable.</text>
      </extended_event_descriptor>
    </event>
    <event id="15" start_time="2021-12-09 06:35:00" duration="6000">
      <short_event_descriptor lang="alb" name="Pit Bulls &amp; Parolees">Documentary</short_event_descriptor>
      <extended_event_descriptor lang="alb">
        <text>Tia Torres is leading the fight to save dogs lives in New Orleans. She and her Villalobos Rescue Center team are facing their greatest challenges </text>
      </extended_event_descriptor>
    </event>
    <event id="16" start_time="2021-12-09 08:15:00" duration="6000">
      <short_event_descriptor lang="alb" name="My cat from hell">Documentary</short_event_descriptor>
      <extended_event_descriptor lang="alb">
        <text>Jackson Galaxy, a cat behaviorist by day and a musician by night, who visits the homes of cat owners in order to resolve conflicts or behavior issues between the owners and their cats or between the cats and other pets. </text>
      </extended_event_descriptor>
    </event>
    <event id="17" start_time="2021-12-09 09:55:00" duration="6600">
      <short_event_descriptor lang="alb" name="Animal Cribs">Documentary</short_event_descriptor>
      <extended_event_descriptor lang="alb">
        <text>Designer Antonio Ballatore and his team build a cats-only treehouse. Linked to the family room, Taffy and her ten-year-old owner can now play in style</text>
      </extended_event_descriptor>
    </event>
    <event id="18" start_time="2021-12-09 11:45:00" duration="3300">
      <short_event_descriptor lang="alb" name="The Zoo">Documentary</short_event_descriptor>
      <extended_event_descriptor lang="alb">
        <text>Max, a beloved camel, develops a large abscess on his head. Plus, an adorable marmot prepares for her first classroom visit as an ambassador animal.</text>
      </extended_event_descriptor>
    </event>
    <event id="19" start_time="2021-12-09 12:40:00" duration="6600">
      <short_event_descriptor lang="alb" name="Alaskan Bush People ">Documentary</short_event_descriptor>
      <extended_event_descriptor lang="alb">
        <text>The Browns are ready to return to the wild after being stuck in Ketchikan. But a series of emergencies threaten to keep them trapped in modern society</text>
      </extended_event_descriptor>
    </event>
    <event id="20" start_time="2021-12-09 14:30:00" duration="3300">
      <short_event_descriptor lang="alb" name="Dr.Jeff: Rocky Mountain vet">Documentary</short_event_descriptor>
      <extended_event_descriptor lang="alb">
        <text>Maverick vet Dr Jeff Young and his team treat and save the lives of countless pets at what's possibly one of the busiest clinics in America.</text>
      </extended_event_descriptor>
    </event>
    <event id="21" start_time="2021-12-09 15:25:00" duration="3300">
      <short_event_descriptor lang="alb" name="The Bronx Zoo">Documentary</short_event_descriptor>
      <extended_event_descriptor lang="alb">
        <text>A look at daily life in the Bronx Zoo, documenting the day-to-day operations that provide quality care for animals whilst educating the public on wildlife and conservation.</text>
      </extended_event_descriptor>
    </event>
    <event id="22" start_time="2021-12-09 16:20:00" duration="3300">
      <short_event_descriptor lang="alb" name="Dr.Jeff: Rocky Mountain vet">Documentary</short_event_descriptor>
      <extended_event_descriptor lang="alb">
        <text>Maverick vet Dr Jeff Young and his team treat and save the lives of countless pets at what's possibly one of the busiest clinics in America.</text>
      </extended_event_descriptor>
    </event>
    <event id="23" start_time="2021-12-09 17:15:00" duration="6600">
      <short_event_descriptor lang="alb" name="Keeping Up With The Kruger">Documentary</short_event_descriptor>
      <extended_event_descriptor lang="alb">
        <text>A raw and unique glimpse into the day-to-day adventures of the dedicated band of people that keeps South Africa's Kruger National Park running.</text>
      </extended_event_descriptor>
    </event>
    <event id="24" start_time="2021-12-09 19:05:00" duration="6600">
      <short_event_descriptor lang="alb" name="Animal Cops Houston">Documentary</short_event_descriptor>
      <extended_event_descriptor lang="alb">
        <text>It takes place in Houston, Texas and focuses on the work of the Houston Society for the Prevention of Cruelty to Animals (HSPCA). The series is the third in a series of "umbrella rotation" of shows known collectively as "Animal Planet Heroes...</text>
      </extended_event_descriptor>
    </event>
    <event id="25" start_time="2021-12-09 20:55:00" duration="6600">
      <short_event_descriptor lang="alb" name="My cat from hell">Documentary</short_event_descriptor>
      <extended_event_descriptor lang="alb">
        <text>Jackson Galaxy, a cat behaviorist by day and a musician by night, who visits the homes of cat owners in order to resolve conflicts or behavior issues between the owners and their cats or between the cats and other pets. </text>
      </extended_event_descriptor>
    </event>
    <event id="26" start_time="2021-12-09 22:45:00" duration="6300">
      <short_event_descriptor lang="alb" name="Animal Cribs">Documentary</short_event_descriptor>
      <extended_event_descriptor lang="alb">
        <text>Designer Antonio Ballatore and his team build a cats-only treehouse. Linked to the family room, Taffy and her ten-year-old owner can now play in style</text>
      </extended_event_descriptor>
    </event>
    <event id="27" start_time="2021-12-10 00:30:00" duration="5400">
      <short_event_descriptor lang="alb" name="Wildest Europe">Documentary</short_event_descriptor>
      <extended_event_descriptor lang="alb">
        <text>From mountain to sea, from the scorching desert to the Arctic tundra, explore Europe's last great wildernesses - full of a stunning and surprising explosion of life.</text>
      </extended_event_descriptor>
    </event>
    <event id="28" start_time="2021-12-10 02:00:00" duration="5400">
      <short_event_descriptor lang="alb" name="Alaskan Bush People ">Documentary</short_event_descriptor>
      <extended_event_descriptor lang="alb">
        <text>The Browns are ready to return to the wild after being stuck in Ketchikan. But a series of emergencies threaten to keep them trapped in modern society</text>
      </extended_event_descriptor>
    </event>
    <event id="29" start_time="2021-12-10 03:30:00" duration="5400">
      <short_event_descriptor lang="alb" name="How do animals do that">Documentary</short_event_descriptor>
      <extended_event_descriptor lang="alb">
        <text>New science and amazing demonstrations reveal how a lizard can literally walk on water. And, can jellyfish live forever?</text>
      </extended_event_descriptor>
    </event>
    <event id="30" start_time="2021-12-10 05:00:00" duration="3000">
      <short_event_descriptor lang="alb" name="The Bronx Zoo">Documentary</short_event_descriptor>
      <extended_event_descriptor lang="alb">
        <text>A look at daily life in the Bronx Zoo, documenting the day-to-day operations that provide quality care for animals whilst educating the public on wildlife and conservation.</text>
      </extended_event_descriptor>
    </event>
    <event id="31" start_time="2021-12-10 05:50:00" duration="2700">
      <short_event_descriptor lang="alb" name="Treehuse Masters">Documentary</short_event_descriptor>
      <extended_event_descriptor lang="alb">
        <text>Visionary tree whisperer Pete Nelson and his team create the most breathtaking, whimsical, staggering, spectacular and jaw-dropping treehouses imaginable.</text>
      </extended_event_descriptor>
    </event>
    <event id="32" start_time="2021-12-10 06:35:00" duration="6000">
      <short_event_descriptor lang="alb" name="Pit Bulls &amp; Parolees">Documentary</short_event_descriptor>
      <extended_event_descriptor lang="alb">
        <text>Tia Torres is leading the fight to save dogs lives in New Orleans. She and her Villalobos Rescue Center team are facing their greatest challenges </text>
      </extended_event_descriptor>
    </event>
    <event id="33" start_time="2021-12-10 08:15:00" duration="6000">
      <short_event_descriptor lang="alb" name="My cat from hell">Documentary</short_event_descriptor>
      <extended_event_descriptor lang="alb">
        <text>Jackson Galaxy, a cat behaviorist by day and a musician by night, who visits the homes of cat owners in order to resolve conflicts or behavior issues between the owners and their cats or between the cats and other pets. </text>
      </extended_event_descriptor>
    </event>
    <event id="34" start_time="2021-12-10 09:55:00" duration="6600">
      <short_event_descriptor lang="alb" name="Animal Cribs">Documentary</short_event_descriptor>
      <extended_event_descriptor lang="alb">
        <text>Designer Antonio Ballatore and his team build a cats-only treehouse. Linked to the family room, Taffy and her ten-year-old owner can now play in style</text>
      </extended_event_descriptor>
    </event>
    <event id="35" start_time="2021-12-10 11:45:00" duration="3300">
      <short_event_descriptor lang="alb" name="The Zoo">Documentary</short_event_descriptor>
      <extended_event_descriptor lang="alb">
        <text>Max, a beloved camel, develops a large abscess on his head. Plus, an adorable marmot prepares for her first classroom visit as an ambassador animal.</text>
      </extended_event_descriptor>
    </event>
    <event id="36" start_time="2021-12-10 12:40:00" duration="6600">
      <short_event_descriptor lang="alb" name="Alaskan Bush People ">Documentary</short_event_descriptor>
      <extended_event_descriptor lang="alb">
        <text>The Browns are ready to return to the wild after being stuck in Ketchikan. But a series of emergencies threaten to keep them trapped in modern society</text>
      </extended_event_descriptor>
    </event>
    <event id="37" start_time="2021-12-10 14:30:00" duration="3300">
      <short_event_descriptor lang="alb" name="Dr.Jeff: Rocky Mountain vet">Documentary</short_event_descriptor>
      <extended_event_descriptor lang="alb">
        <text>Maverick vet Dr Jeff Young and his team treat and save the lives of countless pets at what's possibly one of the busiest clinics in America.</text>
      </extended_event_descriptor>
    </event>
    <event id="38" start_time="2021-12-10 15:25:00" duration="3300">
      <short_event_descriptor lang="alb" name="The Bronx Zoo">Documentary</short_event_descriptor>
      <extended_event_descriptor lang="alb">
        <text>A look at daily life in the Bronx Zoo, documenting the day-to-day operations that provide quality care for animals whilst educating the public on wildlife and conservation.</text>
      </extended_event_descriptor>
    </event>
    <event id="39" start_time="2021-12-10 16:20:00" duration="3300">
      <short_event_descriptor lang="alb" name="Dr.Jeff: Rocky Mountain vet">Documentary</short_event_descriptor>
      <extended_event_descriptor lang="alb">
        <text>Maverick vet Dr Jeff Young and his team treat and save the lives of countless pets at what's possibly one of the busiest clinics in America.</text>
      </extended_event_descriptor>
    </event>
    <event id="40" start_time="2021-12-10 17:15:00" duration="6600">
      <short_event_descriptor lang="alb" name="Keeping Up With The Kruger">Documentary</short_event_descriptor>
      <extended_event_descriptor lang="alb">
        <text>A raw and unique glimpse into the day-to-day adventures of the dedicated band of people that keeps South Africa's Kruger National Park running.</text>
      </extended_event_descriptor>
    </event>
    <event id="41" start_time="2021-12-10 19:05:00" duration="3300">
      <short_event_descriptor lang="alb" name="Meet the Orangutans">Documentary</short_event_descriptor>
      <extended_event_descriptor lang="alb">
        <text>Follow the lives of orphaned orangutan babies as they are brought to the world's oldest orangutan sanctuary in Borneo. Toddlers are wheel-barrowed in for lessons in life.</text>
      </extended_event_descriptor>
    </event>
    <event id="42" start_time="2021-12-10 20:00:00" duration="3300">
      <short_event_descriptor lang="alb" name="Wildest Europe">Documentary</short_event_descriptor>
      <extended_event_descriptor lang="alb">
        <text>From mountain to sea, from the scorching desert to the Arctic tundra, explore Europe's last great wildernesses - full of a stunning and surprising explosion of life.</text>
      </extended_event_descriptor>
    </event>
    <event id="43" start_time="2021-12-10 20:55:00" duration="6600">
      <short_event_descriptor lang="alb" name="My cat from hell">Documentary</short_event_descriptor>
      <extended_event_descriptor lang="alb">
        <text>Jackson Galaxy, a cat behaviorist by day and a musician by night, who visits the homes of cat owners in order to resolve conflicts or behavior issues between the owners and their cats or between the cats and other pets. </text>
      </extended_event_descriptor>
    </event>
    <event id="44" start_time="2021-12-10 22:45:00" duration="6300">
      <short_event_descriptor lang="alb" name="Animal Cribs">Documentary</short_event_descriptor>
      <extended_event_descriptor lang="alb">
        <text>Designer Antonio Ballatore and his team build a cats-only treehouse. Linked to the family room, Taffy and her ten-year-old owner can now play in style</text>
      </extended_event_descriptor>
    </event>
    <event id="45" start_time="2021-12-11 00:30:00" duration="2700">
      <short_event_descriptor lang="alb" name="Wildest Europe">Documentary</short_event_descriptor>
      <extended_event_descriptor lang="alb">
        <text>From mountain to sea, from the scorching desert to the Arctic tundra, explore Europe's last great wildernesses - full of a stunning and surprising explosion of life.</text>
      </extended_event_descriptor>
    </event>
    <event id="46" start_time="2021-12-11 01:15:00" duration="2700">
      <short_event_descriptor lang="alb" name="Keeping Up With The Kruger">Documentary</short_event_descriptor>
      <extended_event_descriptor lang="alb">
        <text>A raw and unique glimpse into the day-to-day adventures of the dedicated band of people that keeps South Africa's Kruger National Park running.</text>
      </extended_event_descriptor>
    </event>
    <event id="47" start_time="2021-12-11 02:00:00" duration="5400">
      <short_event_descriptor lang="alb" name="Alaskan Bush People ">Documentary</short_event_descriptor>
      <extended_event_descriptor lang="alb">
        <text>The Browns are ready to return to the wild after being stuck in Ketchikan. But a series of emergencies threaten to keep them trapped in modern society</text>
      </extended_event_descriptor>
    </event>
    <event id="48" start_time="2021-12-11 03:30:00" duration="5400">
      <short_event_descriptor lang="alb" name="How do animals do that">Documentary</short_event_descriptor>
      <extended_event_descriptor lang="alb">
        <text>New science and amazing demonstrations reveal how a lizard can literally walk on water. And, can jellyfish live forever?</text>
      </extended_event_descriptor>
    </event>
    <event id="49" start_time="2021-12-11 05:00:00" duration="3000">
      <short_event_descriptor lang="alb" name="The Bronx Zoo">Documentary</short_event_descriptor>
      <extended_event_descriptor lang="alb">
        <text>A look at daily life in the Bronx Zoo, documenting the day-to-day operations that provide quality care for animals whilst educating the public on wildlife and conservation.</text>
      </extended_event_descriptor>
    </event>
    <event id="50" start_time="2021-12-11 05:50:00" duration="5700">
      <short_event_descriptor lang="alb" name="Animal Cribs">Documentary</short_event_descriptor>
      <extended_event_descriptor lang="alb">
        <text>Designer Antonio Ballatore and his team build a cats-only treehouse. Linked to the family room, Taffy and her ten-year-old owner can now play in style</text>
      </extended_event_descriptor>
    </event>
    <event id="51" start_time="2021-12-11 07:25:00" duration="6000">
      <short_event_descriptor lang="alb" name="My cat from hell">Documentary</short_event_descriptor>
      <extended_event_descriptor lang="alb">
        <text>Jackson Galaxy, a cat behaviorist by day and a musician by night, who visits the homes of cat owners in order to resolve conflicts or behavior issues between the owners and their cats or between the cats and other pets. </text>
      </extended_event_descriptor>
    </event>
    <event id="52" start_time="2021-12-11 09:05:00" duration="3000">
      <short_event_descriptor lang="alb" name="The Zoo">Documentary</short_event_descriptor>
      <extended_event_descriptor lang="alb">
        <text>Max, a beloved camel, develops a large abscess on his head. Plus, an adorable marmot prepares for her first classroom visit as an ambassador animal.</text>
      </extended_event_descriptor>
    </event>
    <event id="53" start_time="2021-12-11 09:55:00" duration="6600">
      <short_event_descriptor lang="alb" name="How do animals do that">Documentary</short_event_descriptor>
      <extended_event_descriptor lang="alb">
        <text>New science and amazing demonstrations reveal how a lizard can literally walk on water. And, can jellyfish live forever?</text>
      </extended_event_descriptor>
    </event>
    <event id="54" start_time="2021-12-11 11:45:00" duration="6600">
      <short_event_descriptor lang="alb" name="Alaskan Bush People ">Documentary</short_event_descriptor>
      <extended_event_descriptor lang="alb">
        <text>The Browns are ready to return to the wild after being stuck in Ketchikan. But a series of emergencies threaten to keep them trapped in modern society</text>
      </extended_event_descriptor>
    </event>
    <event id="55" start_time="2021-12-11 13:35:00" duration="6600">
      <short_event_descriptor lang="alb" name="Dr.Jeff: Rocky Mountain vet">Documentary</short_event_descriptor>
      <extended_event_descriptor lang="alb">
        <text>Maverick vet Dr Jeff Young and his team treat and save the lives of countless pets at what's possibly one of the busiest clinics in America.</text>
      </extended_event_descriptor>
    </event>
    <event id="56" start_time="2021-12-11 15:25:00" duration="3300">
      <short_event_descriptor lang="alb" name="The Bronx Zoo">Documentary</short_event_descriptor>
      <extended_event_descriptor lang="alb">
        <text>A look at daily life in the Bronx Zoo, documenting the day-to-day operations that provide quality care for animals whilst educating the public on wildlife and conservation.</text>
      </extended_event_descriptor>
    </event>
    <event id="57" start_time="2021-12-11 16:20:00" duration="3300">
      <short_event_descriptor lang="alb" name="The Zoo">Documentary</short_event_descriptor>
      <extended_event_descriptor lang="alb">
        <text>Max, a beloved camel, develops a large abscess on his head. Plus, an adorable marmot prepares for her first classroom visit as an ambassador animal.</text>
      </extended_event_descriptor>
    </event>
    <event id="58" start_time="2021-12-11 17:15:00" duration="6600">
      <short_event_descriptor lang="alb" name="My cat from hell">Documentary</short_event_descriptor>
      <extended_event_descriptor lang="alb">
        <text>Jackson Galaxy, a cat behaviorist by day and a musician by night, who visits the homes of cat owners in order to resolve conflicts or behavior issues between the owners and their cats or between the cats and other pets. </text>
      </extended_event_descriptor>
    </event>
    <event id="59" start_time="2021-12-11 19:05:00" duration="3300">
      <short_event_descriptor lang="alb" name="Alaskan Bush People ">Documentary</short_event_descriptor>
      <extended_event_descriptor lang="alb">
        <text>The Browns are ready to return to the wild after being stuck in Ketchikan. But a series of emergencies threaten to keep them trapped in modern society</text>
      </extended_event_descriptor>
    </event>
    <event id="60" start_time="2021-12-11 20:00:00" duration="3300">
      <short_event_descriptor lang="alb" name="Homestead Rescue">Documentary</short_event_descriptor>
      <extended_event_descriptor lang="alb">
        <text>The Raneys help Beth and Mike, who live in a ghost town in Montana. Stalked by a mountain lion, and devoid of any livestock, water or food, survival is a struggle</text>
      </extended_event_descriptor>
    </event>
    <event id="61" start_time="2021-12-11 20:55:00" duration="6600">
      <short_event_descriptor lang="alb" name="Keeping Up With The Kruger">Documentary</short_event_descriptor>
      <extended_event_descriptor lang="alb">
        <text>A raw and unique glimpse into the day-to-day adventures of the dedicated band of people that keeps South Africa's Kruger National Park running.</text>
      </extended_event_descriptor>
    </event>
    <event id="62" start_time="2021-12-11 22:45:00" duration="6300">
      <short_event_descriptor lang="alb" name="Dr.Jeff: Rocky Mountain vet">Documentary</short_event_descriptor>
      <extended_event_descriptor lang="alb">
        <text>Maverick vet Dr Jeff Young and his team treat and save the lives of countless pets at what's possibly one of the busiest clinics in America.</text>
      </extended_event_descriptor>
    </event>
    <event id="63" start_time="2021-12-12 00:30:00" duration="5400">
      <short_event_descriptor lang="alb" name="Animal Cribs">Documentary</short_event_descriptor>
      <extended_event_descriptor lang="alb">
        <text>Designer Antonio Ballatore and his team build a cats-only treehouse. Linked to the family room, Taffy and her ten-year-old owner can now play in style</text>
      </extended_event_descriptor>
    </event>
    <event id="64" start_time="2021-12-12 02:00:00" duration="5400">
      <short_event_descriptor lang="alb" name="The Zoo">Documentary</short_event_descriptor>
      <extended_event_descriptor lang="alb">
        <text>Max, a beloved camel, develops a large abscess on his head. Plus, an adorable marmot prepares for her first classroom visit as an ambassador animal.</text>
      </extended_event_descriptor>
    </event>
    <event id="65" start_time="2021-12-12 03:30:00" duration="5400">
      <short_event_descriptor lang="alb" name="How do animals do that">Documentary</short_event_descriptor>
      <extended_event_descriptor lang="alb">
        <text>New science and amazing demonstrations reveal how a lizard can literally walk on water. And, can jellyfish live forever?</text>
      </extended_event_descriptor>
    </event>
    <event id="66" start_time="2021-12-12 05:00:00" duration="3000">
      <short_event_descriptor lang="alb" name="The Bronx Zoo">Documentary</short_event_descriptor>
      <extended_event_descriptor lang="alb">
        <text>A look at daily life in the Bronx Zoo, documenting the day-to-day operations that provide quality care for animals whilst educating the public on wildlife and conservation.</text>
      </extended_event_descriptor>
    </event>
    <event id="67" start_time="2021-12-12 05:50:00" duration="5700">
      <short_event_descriptor lang="alb" name="Animal Cribs">Documentary</short_event_descriptor>
      <extended_event_descriptor lang="alb">
        <text>Designer Antonio Ballatore and his team build a cats-only treehouse. Linked to the family room, Taffy and her ten-year-old owner can now play in style</text>
      </extended_event_descriptor>
    </event>
    <event id="68" start_time="2021-12-12 07:25:00" duration="6000">
      <short_event_descriptor lang="alb" name="My cat from hell">Documentary</short_event_descriptor>
      <extended_event_descriptor lang="alb">
        <text>Jackson Galaxy, a cat behaviorist by day and a musician by night, who visits the homes of cat owners in order to resolve conflicts or behavior issues between the owners and their cats or between the cats and other pets. </text>
      </extended_event_descriptor>
    </event>
    <event id="69" start_time="2021-12-12 09:05:00" duration="3000">
      <short_event_descriptor lang="alb" name="The Zoo">Documentary</short_event_descriptor>
      <extended_event_descriptor lang="alb">
        <text>Max, a beloved camel, develops a large abscess on his head. Plus, an adorable marmot prepares for her first classroom visit as an ambassador animal.</text>
      </extended_event_descriptor>
    </event>
    <event id="70" start_time="2021-12-12 09:55:00" duration="6600">
      <short_event_descriptor lang="alb" name="How do animals do that">Documentary</short_event_descriptor>
      <extended_event_descriptor lang="alb">
        <text>New science and amazing demonstrations reveal how a lizard can literally walk on water. And, can jellyfish live forever?</text>
      </extended_event_descriptor>
    </event>
    <event id="71" start_time="2021-12-12 11:45:00" duration="6600">
      <short_event_descriptor lang="alb" name="Keeping Up With The Kruger">Documentary</short_event_descriptor>
      <extended_event_descriptor lang="alb">
        <text>A raw and unique glimpse into the day-to-day adventures of the dedicated band of people that keeps South Africa's Kruger National Park running.</text>
      </extended_event_descriptor>
    </event>
    <event id="72" start_time="2021-12-12 13:35:00" duration="6600">
      <short_event_descriptor lang="alb" name="My cat from hell">Documentary</short_event_descriptor>
      <extended_event_descriptor lang="alb">
        <text>Jackson Galaxy, a cat behaviorist by day and a musician by night, who visits the homes of cat owners in order to resolve conflicts or behavior issues between the owners and their cats or between the cats and other pets. </text>
      </extended_event_descriptor>
    </event>
    <event id="73" start_time="2021-12-12 15:25:00" duration="3300">
      <short_event_descriptor lang="alb" name="The Bronx Zoo">Documentary</short_event_descriptor>
      <extended_event_descriptor lang="alb">
        <text>A look at daily life in the Bronx Zoo, documenting the day-to-day operations that provide quality care for animals whilst educating the public on wildlife and conservation.</text>
      </extended_event_descriptor>
    </event>
    <event id="74" start_time="2021-12-12 16:20:00" duration="3300">
      <short_event_descriptor lang="alb" name="Animal Cops Houston">Documentary</short_event_descriptor>
      <extended_event_descriptor lang="alb">
        <text>It takes place in Houston, Texas and focuses on the work of the Houston Society for the Prevention of Cruelty to Animals (HSPCA). The series is the third in a series of "umbrella rotation" of shows known collectively as "Animal Planet Heroes...</text>
      </extended_event_descriptor>
    </event>
    <event id="75" start_time="2021-12-12 17:15:00" duration="3300">
      <short_event_descriptor lang="alb" name="Dodo Heroes">Documentary</short_event_descriptor>
      <extended_event_descriptor lang="alb">
        <text>Features inspiring stories of animals from around the world in dire need, and the courageous men and women who go to unimaginable lengths to help them.</text>
      </extended_event_descriptor>
    </event>
    <event id="76" start_time="2021-12-12 18:10:00" duration="3300">
      <short_event_descriptor lang="alb" name="The Zoo">Documentary</short_event_descriptor>
      <extended_event_descriptor lang="alb">
        <text>Max, a beloved camel, develops a large abscess on his head. Plus, an adorable marmot prepares for her first classroom visit as an ambassador animal.</text>
      </extended_event_descriptor>
    </event>
    <event id="77" start_time="2021-12-12 19:05:00" duration="3300">
      <short_event_descriptor lang="alb" name="Chasing Ocean Giants ">Documentary</short_event_descriptor>
      <extended_event_descriptor lang="alb">
        <text>Patrick travels to the volcanic island of Dominica in the Caribbean. Whilst there he captures an epic hunt between a sperm whale and a diamondback squid</text>
      </extended_event_descriptor>
    </event>
    <event id="78" start_time="2021-12-12 20:00:00" duration="3300">
      <short_event_descriptor lang="alb" name="Whale Wars">Documentary</short_event_descriptor>
      <extended_event_descriptor lang="alb">
        <text>Sea Shepherd embark on their tenth anti-whaling campaign in the Antarctic, but for the first time they are without their captain, Paul Watson </text>
      </extended_event_descriptor>
    </event>
    <event id="79" start_time="2021-12-12 20:55:00" duration="6600">
      <short_event_descriptor lang="alb" name="Keeping Up With The Kruger">Documentary</short_event_descriptor>
      <extended_event_descriptor lang="alb">
        <text>A raw and unique glimpse into the day-to-day adventures of the dedicated band of people that keeps South Africa's Kruger National Park running.</text>
      </extended_event_descriptor>
    </event>
    <event id="80" start_time="2021-12-12 22:45:00" duration="6300">
      <short_event_descriptor lang="alb" name="Dr.Jeff: Rocky Mountain vet">Documentary</short_event_descriptor>
      <extended_event_descriptor lang="alb">
        <text>Maverick vet Dr Jeff Young and his team treat and save the lives of countless pets at what's possibly one of the busiest clinics in America.</text>
      </extended_event_descriptor>
    </event>
    <event id="81" start_time="2021-12-13 00:30:00" duration="2700">
      <short_event_descriptor lang="alb" name="Animal Cribs">Documentary</short_event_descriptor>
      <extended_event_descriptor lang="alb">
        <text>Designer Antonio Ballatore and his team build a cats-only treehouse. Linked to the family room, Taffy and her ten-year-old owner can now play in style</text>
      </extended_event_descriptor>
    </event>
    <event id="82" start_time="2021-12-13 01:15:00" duration="2700">
      <short_event_descriptor lang="alb" name="Animal Cribs">Documentary</short_event_descriptor>
      <extended_event_descriptor lang="alb">
        <text>Designer Antonio Ballatore and his team build a cats-only treehouse. Linked to the family room, Taffy and her ten-year-old owner can now play in style</text>
      </extended_event_descriptor>
    </event>
    <event id="83" start_time="2021-12-13 02:00:00" duration="2700">
      <short_event_descriptor lang="alb" name="The Zoo">Documentary</short_event_descriptor>
      <extended_event_descriptor lang="alb">
        <text>Max, a beloved camel, develops a large abscess on his head. Plus, an adorable marmot prepares for her first classroom visit as an ambassador animal.</text>
      </extended_event_descriptor>
    </event>
    <event id="84" start_time="2021-12-13 02:45:00" duration="2700">
      <short_event_descriptor lang="alb" name="Treehuse Masters">Documentary</short_event_descriptor>
      <extended_event_descriptor lang="alb">
        <text>Visionary tree whisperer Pete Nelson and his team create the most breathtaking, whimsical, staggering, spectacular and jaw-dropping treehouses imaginable.</text>
      </extended_event_descriptor>
    </event>
    <event id="85" start_time="2021-12-13 03:30:00" duration="5400">
      <short_event_descriptor lang="alb" name="Nature's Strangest Mysteries">Documentary</short_event_descriptor>
      <extended_event_descriptor lang="alb">
        <text>Experts answer some of nature's strangest mysteries like, how and why scorpions glow in the dark and what is the ominous mass looming over an Icelandic lake</text>
      </extended_event_descriptor>
    </event>
    <event id="86" start_time="2021-12-13 05:00:00" duration="3000">
      <short_event_descriptor lang="alb" name="The Bronx Zoo">Documentary</short_event_descriptor>
      <extended_event_descriptor lang="alb">
        <text>A look at daily life in the Bronx Zoo, documenting the day-to-day operations that provide quality care for animals whilst educating the public on wildlife and conservation.</text>
      </extended_event_descriptor>
    </event>
    <event id="87" start_time="2021-12-13 05:50:00" duration="2700">
      <short_event_descriptor lang="alb" name="Treehuse Masters">Documentary</short_event_descriptor>
      <extended_event_descriptor lang="alb">
        <text>Visionary tree whisperer Pete Nelson and his team create the most breathtaking, whimsical, staggering, spectacular and jaw-dropping treehouses imaginable.</text>
      </extended_event_descriptor>
    </event>
    <event id="88" start_time="2021-12-13 06:35:00" duration="6000">
      <short_event_descriptor lang="alb" name="Pit Bulls &amp; Parolees">Documentary</short_event_descriptor>
      <extended_event_descriptor lang="alb">
        <text>Tia Torres is leading the fight to save dogs lives in New Orleans. She and her Villalobos Rescue Center team are facing their greatest challenges </text>
      </extended_event_descriptor>
    </event>
    <event id="89" start_time="2021-12-13 08:15:00" duration="6000">
      <short_event_descriptor lang="alb" name="My cat from hell">Documentary</short_event_descriptor>
      <extended_event_descriptor lang="alb">
        <text>Jackson Galaxy, a cat behaviorist by day and a musician by night, who visits the homes of cat owners in order to resolve conflicts or behavior issues between the owners and their cats or between the cats and other pets. </text>
      </extended_event_descriptor>
    </event>
    <event id="90" start_time="2021-12-13 09:55:00" duration="3300">
      <short_event_descriptor lang="alb" name="Animal Cribs">Documentary</short_event_descriptor>
      <extended_event_descriptor lang="alb">
        <text>Designer Antonio Ballatore and his team build a cats-only treehouse. Linked to the family room, Taffy and her ten-year-old owner can now play in style</text>
      </extended_event_descriptor>
    </event>
    <event id="91" start_time="2021-12-13 10:50:00" duration="3300">
      <short_event_descriptor lang="alb" name="Animal Cribs">Documentary</short_event_descriptor>
      <extended_event_descriptor lang="alb">
        <text>Designer Antonio Ballatore and his team build a cats-only treehouse. Linked to the family room, Taffy and her ten-year-old owner can now play in style</text>
      </extended_event_descriptor>
    </event>
    <event id="92" start_time="2021-12-13 11:45:00" duration="3300">
      <short_event_descriptor lang="alb" name="The Zoo">Documentary</short_event_descriptor>
      <extended_event_descriptor lang="alb">
        <text>Max, a beloved camel, develops a large abscess on his head. Plus, an adorable marmot prepares for her first classroom visit as an ambassador animal.</text>
      </extended_event_descriptor>
    </event>
    <event id="93" start_time="2021-12-13 12:40:00" duration="6600">
      <short_event_descriptor lang="alb" name="Alaskan Bush People ">Documentary</short_event_descriptor>
      <extended_event_descriptor lang="alb">
        <text>The Browns are ready to return to the wild after being stuck in Ketchikan. But a series of emergencies threaten to keep them trapped in modern society</text>
      </extended_event_descriptor>
    </event>
    <event id="94" start_time="2021-12-13 14:30:00" duration="3300">
      <short_event_descriptor lang="alb" name="Dr.Jeff: Rocky Mountain vet">Documentary</short_event_descriptor>
      <extended_event_descriptor lang="alb">
        <text>Maverick vet Dr Jeff Young and his team treat and save the lives of countless pets at what's possibly one of the busiest clinics in America.</text>
      </extended_event_descriptor>
    </event>
    <event id="95" start_time="2021-12-13 15:25:00" duration="3300">
      <short_event_descriptor lang="alb" name="The Bronx Zoo">Documentary</short_event_descriptor>
      <extended_event_descriptor lang="alb">
        <text>A look at daily life in the Bronx Zoo, documenting the day-to-day operations that provide quality care for animals whilst educating the public on wildlife and conservation.</text>
      </extended_event_descriptor>
    </event>
    <event id="96" start_time="2021-12-13 16:20:00" duration="3300">
      <short_event_descriptor lang="alb" name="Dr.Jeff: Rocky Mountain vet">Documentary</short_event_descriptor>
      <extended_event_descriptor lang="alb">
        <text>Maverick vet Dr Jeff Young and his team treat and save the lives of countless pets at what's possibly one of the busiest clinics in America.</text>
      </extended_event_descriptor>
    </event>
    <event id="97" start_time="2021-12-13 17:15:00" duration="6600">
      <short_event_descriptor lang="alb" name="Keeping Up With The Kruger">Documentary</short_event_descriptor>
      <extended_event_descriptor lang="alb">
        <text>A raw and unique glimpse into the day-to-day adventures of the dedicated band of people that keeps South Africa's Kruger National Park running.</text>
      </extended_event_descriptor>
    </event>
    <event id="98" start_time="2021-12-13 19:05:00" duration="3300">
      <short_event_descriptor lang="alb" name="Sharks Of The Badlands">Documentary</short_event_descriptor>
      <extended_event_descriptor lang="alb">
        <text>White sharks are infiltrating the waters off Cape Cod. Greg Skomal joins Kina Scollay in New Zealand to test new technology for shark detecting surveillance</text>
      </extended_event_descriptor>
    </event>
    <event id="99" start_time="2021-12-13 20:00:00" duration="3300">
      <short_event_descriptor lang="alb" name="In Search Of Monsters">Documentary</short_event_descriptor>
      <extended_event_descriptor lang="alb">
        <text>Experts explore a new theory surrounding Scotland's Loch Ness Monster. The creature may not only be real, but possibly more dangerous than ever imagined.

</text>
      </extended_event_descriptor>
    </event>
    <event id="100" start_time="2021-12-13 20:55:00" duration="6600">
      <short_event_descriptor lang="alb" name="My cat from hell">Documentary</short_event_descriptor>
      <extended_event_descriptor lang="alb">
        <text>Jackson Galaxy, a cat behaviorist by day and a musician by night, who visits the homes of cat owners in order to resolve conflicts or behavior issues between the owners and their cats or between the cats and other pets. </text>
      </extended_event_descriptor>
    </event>
    <event id="101" start_time="2021-12-13 22:45:00" duration="3300">
      <short_event_descriptor lang="alb" name="Animal Cribs">Documentary</short_event_descriptor>
      <extended_event_descriptor lang="alb">
        <text>Designer Antonio Ballatore and his team build a cats-only treehouse. Linked to the family room, Taffy and her ten-year-old owner can now play in style</text>
      </extended_event_descriptor>
    </event>
    <event id="102" start_time="2021-12-13 23:40:00" duration="3000">
      <short_event_descriptor lang="alb" name="Animal Cribs">Documentary</short_event_descriptor>
      <extended_event_descriptor lang="alb">
        <text>Designer Antonio Ballatore and his team build a cats-only treehouse. Linked to the family room, Taffy and her ten-year-old owner can now play in style</text>
      </extended_event_descriptor>
    </event>
    <event id="103" start_time="2021-12-14 00:30:00" duration="5400">
      <short_event_descriptor lang="alb" name="Keeping Up With The Kruger">Documentary</short_event_descriptor>
      <extended_event_descriptor lang="alb">
        <text>A raw and unique glimpse into the day-to-day adventures of the dedicated band of people that keeps South Africa's Kruger National Park running.</text>
      </extended_event_descriptor>
    </event>
    <event id="104" start_time="2021-12-14 02:00:00" duration="5400">
      <short_event_descriptor lang="alb" name="Alaskan Bush People ">Documentary</short_event_descriptor>
      <extended_event_descriptor lang="alb">
        <text>The Browns are ready to return to the wild after being stuck in Ketchikan. But a series of emergencies threaten to keep them trapped in modern society</text>
      </extended_event_descriptor>
    </event>
    <event id="105" start_time="2021-12-14 03:30:00" duration="5400">
      <short_event_descriptor lang="alb" name="Nature's Strangest Mysteries">Documentary</short_event_descriptor>
      <extended_event_descriptor lang="alb">
        <text>Experts answer some of nature's strangest mysteries like, how and why scorpions glow in the dark and what is the ominous mass looming over an Icelandic lake</text>
      </extended_event_descriptor>
    </event>
    <event id="106" start_time="2021-12-14 05:00:00" duration="3000">
      <short_event_descriptor lang="alb" name="The Bronx Zoo">Documentary</short_event_descriptor>
      <extended_event_descriptor lang="alb">
        <text>A look at daily life in the Bronx Zoo, documenting the day-to-day operations that provide quality care for animals whilst educating the public on wildlife and conservation.</text>
      </extended_event_descriptor>
    </event>
    <event id="107" start_time="2021-12-14 05:50:00" duration="3000">
      <short_event_descriptor lang="alb" name="Treehuse Masters">Documentary</short_event_descriptor>
      <extended_event_descriptor lang="alb">
        <text>Visionary tree whisperer Pete Nelson and his team create the most breathtaking, whimsical, staggering, spectacular and jaw-dropping treehouses imaginable.</text>
      </extended_event_descriptor>
    </event>
    <event id="108" start_time="2021-12-14 06:40:00" duration="5700">
      <short_event_descriptor lang="alb" name="Pit Bulls &amp; Parolees">Documentary</short_event_descriptor>
      <extended_event_descriptor lang="alb">
        <text>Tia Torres is leading the fight to save dogs lives in New Orleans. She and her Villalobos Rescue Center team are facing their greatest challenges </text>
      </extended_event_descriptor>
    </event>
    <event id="109" start_time="2021-12-14 08:15:00" duration="6000">
      <short_event_descriptor lang="alb" name="My cat from hell">Documentary</short_event_descriptor>
      <extended_event_descriptor lang="alb">
        <text>Jackson Galaxy, a cat behaviorist by day and a musician by night, who visits the homes of cat owners in order to resolve conflicts or behavior issues between the owners and their cats or between the cats and other pets. </text>
      </extended_event_descriptor>
    </event>
    <event id="110" start_time="2021-12-14 09:55:00" duration="6600">
      <short_event_descriptor lang="alb" name="Animal Cribs">Documentary</short_event_descriptor>
      <extended_event_descriptor lang="alb">
        <text>Designer Antonio Ballatore and his team build a cats-only treehouse. Linked to the family room, Taffy and her ten-year-old owner can now play in style</text>
      </extended_event_descriptor>
    </event>
    <event id="111" start_time="2021-12-14 11:45:00" duration="3300">
      <short_event_descriptor lang="alb" name="The Zoo">Documentary</short_event_descriptor>
      <extended_event_descriptor lang="alb">
        <text>Max, a beloved camel, develops a large abscess on his head. Plus, an adorable marmot prepares for her first classroom visit as an ambassador animal.</text>
      </extended_event_descriptor>
    </event>
    <event id="112" start_time="2021-12-14 12:40:00" duration="6600">
      <short_event_descriptor lang="alb" name="Homestead Rescue">Documentary</short_event_descriptor>
      <extended_event_descriptor lang="alb">
        <text>The Raneys arrive in Missouri to see a family that has just survived a tornado. Living in a crumbling cabin, they also have no clean water source. </text>
      </extended_event_descriptor>
    </event>
    <event id="113" start_time="2021-12-14 14:30:00" duration="3300">
      <short_event_descriptor lang="alb" name="Dr.Jeff: Rocky Mountain vet">Documentary</short_event_descriptor>
      <extended_event_descriptor lang="alb">
        <text>Maverick vet Dr Jeff Young and his team treat and save the lives of countless pets at what's possibly one of the busiest clinics in America.</text>
      </extended_event_descriptor>
    </event>
    <event id="114" start_time="2021-12-14 15:25:00" duration="3300">
      <short_event_descriptor lang="alb" name="The Bronx Zoo">Documentary</short_event_descriptor>
      <extended_event_descriptor lang="alb">
        <text>A look at daily life in the Bronx Zoo, documenting the day-to-day operations that provide quality care for animals whilst educating the public on wildlife and conservation.</text>
      </extended_event_descriptor>
    </event>
    <event id="115" start_time="2021-12-14 16:20:00" duration="3300">
      <short_event_descriptor lang="alb" name="Dr.Jeff: Rocky Mountain vet">Documentary</short_event_descriptor>
      <extended_event_descriptor lang="alb">
        <text>Maverick vet Dr Jeff Young and his team treat and save the lives of countless pets at what's possibly one of the busiest clinics in America.</text>
      </extended_event_descriptor>
    </event>
    <event id="116" start_time="2021-12-14 17:15:00" duration="6600">
      <short_event_descriptor lang="alb" name="Big Cat Tales">Documentary</short_event_descriptor>
      <extended_event_descriptor lang="alb">
        <text>Big Cat Tales documents present-day lives of families of the lions, leopards and cheetahs of the Masai Mara National Reserve in Kenya. Each episode follows individual characters, drawing the viewer in on a personal journey. </text>
      </extended_event_descriptor>
    </event>
  </channel>
</WIDECAST_DVB>