<?xml version="1.0" encoding="ISO-8859-1"?>
<WIDECAST_DVB>
  <channel name="BABY TV OTT">
    <event id="0" start_time="2021-12-08 09:00:00" duration="3600">
      <short_event_descriptor lang="alb" name="Exploring with The Tiny Bunch">Babies' program</short_event_descriptor>
      <extended_event_descriptor lang="alb">
        <text />
      </extended_event_descriptor>
    </event>
    <event id="1" start_time="2021-12-08 10:00:00" duration="3600">
      <short_event_descriptor lang="alb" name="Teeny &amp; Tiny's Classroom">Babies' program</short_event_descriptor>
      <extended_event_descriptor lang="alb">
        <text />
      </extended_event_descriptor>
    </event>
    <event id="2" start_time="2021-12-08 11:00:00" duration="3600">
      <short_event_descriptor lang="alb" name="Magical First Discoveries">Babies' program.</short_event_descriptor>
      <extended_event_descriptor lang="alb">
        <text />
      </extended_event_descriptor>
    </event>
    <event id="3" start_time="2021-12-08 12:00:00" duration="3600">
      <short_event_descriptor lang="alb" name="Exploring with The Tiny Bunch">Babies' program</short_event_descriptor>
      <extended_event_descriptor lang="alb">
        <text />
      </extended_event_descriptor>
    </event>
    <event id="4" start_time="2021-12-08 13:00:00" duration="3600">
      <short_event_descriptor lang="alb" name="Teeny &amp; Tiny's Classroom">Babies' program</short_event_descriptor>
      <extended_event_descriptor lang="alb">
        <text />
      </extended_event_descriptor>
    </event>
    <event id="5" start_time="2021-12-08 14:00:00" duration="3600">
      <short_event_descriptor lang="alb" name="Magical First Discoveries">Babies' program.</short_event_descriptor>
      <extended_event_descriptor lang="alb">
        <text />
      </extended_event_descriptor>
    </event>
    <event id="6" start_time="2021-12-08 15:00:00" duration="3600">
      <short_event_descriptor lang="alb" name="Exploring with The Tiny Bunch">Babies' program</short_event_descriptor>
      <extended_event_descriptor lang="alb">
        <text />
      </extended_event_descriptor>
    </event>
    <event id="7" start_time="2021-12-08 16:00:00" duration="3600">
      <short_event_descriptor lang="alb" name="Play &amp; Learn with songs and rh" />
      <extended_event_descriptor lang="alb">
        <text />
      </extended_event_descriptor>
    </event>
    <event id="8" start_time="2021-12-08 17:00:00" duration="3600">
      <short_event_descriptor lang="alb" name="Family Fun Time &amp; Rhymes">Babies' program</short_event_descriptor>
      <extended_event_descriptor lang="alb">
        <text />
      </extended_event_descriptor>
    </event>
    <event id="9" start_time="2021-12-08 18:00:00" duration="3600">
      <short_event_descriptor lang="alb" name="Art, Creativity &amp; Music with B">Babies' program</short_event_descriptor>
      <extended_event_descriptor lang="alb">
        <text />
      </extended_event_descriptor>
    </event>
    <event id="10" start_time="2021-12-08 19:00:00" duration="3600">
      <short_event_descriptor lang="alb" name="Relax and Unwind">Babies' program</short_event_descriptor>
      <extended_event_descriptor lang="alb">
        <text />
      </extended_event_descriptor>
    </event>
    <event id="11" start_time="2021-12-08 20:00:00" duration="3600">
      <short_event_descriptor lang="alb" name="Sweet Dreams">Babies' program</short_event_descriptor>
      <extended_event_descriptor lang="alb">
        <text />
      </extended_event_descriptor>
    </event>
    <event id="12" start_time="2021-12-08 21:00:00" duration="9000">
      <short_event_descriptor lang="alb" name="Dreamy Nights">Babies' program</short_event_descriptor>
      <extended_event_descriptor lang="alb">
        <text />
      </extended_event_descriptor>
    </event>
    <event id="13" start_time="2021-12-08 23:30:00" duration="1800">
      <short_event_descriptor lang="alb" name="Moon and Stars">Babies' program</short_event_descriptor>
      <extended_event_descriptor lang="alb">
        <text />
      </extended_event_descriptor>
    </event>
    <event id="14" start_time="2021-12-09 00:00:00" duration="3600">
      <short_event_descriptor lang="alb" name="BabyTV's night time melodies">Babies' program</short_event_descriptor>
      <extended_event_descriptor lang="alb">
        <text />
      </extended_event_descriptor>
    </event>
    <event id="15" start_time="2021-12-09 01:00:00" duration="3600">
      <short_event_descriptor lang="alb" name="Good Night hugs">Babies' program</short_event_descriptor>
      <extended_event_descriptor lang="alb">
        <text />
      </extended_event_descriptor>
    </event>
    <event id="16" start_time="2021-12-09 02:00:00" duration="3600">
      <short_event_descriptor lang="alb" name="BabyTV's night time melodies">Babies' program</short_event_descriptor>
      <extended_event_descriptor lang="alb">
        <text />
      </extended_event_descriptor>
    </event>
    <event id="17" start_time="2021-12-09 03:00:00" duration="3600">
      <short_event_descriptor lang="alb" name="From Night to Day">Babies' program</short_event_descriptor>
      <extended_event_descriptor lang="alb">
        <text />
      </extended_event_descriptor>
    </event>
    <event id="18" start_time="2021-12-09 04:00:00" duration="3600">
      <short_event_descriptor lang="alb" name="Rise &amp; Shine with BabyTV Frien">Babies' program</short_event_descriptor>
      <extended_event_descriptor lang="alb">
        <text />
      </extended_event_descriptor>
    </event>
    <event id="19" start_time="2021-12-09 05:00:00" duration="3600">
      <short_event_descriptor lang="alb" name="Good-Morning Stretch">Babies' program</short_event_descriptor>
      <extended_event_descriptor lang="alb">
        <text />
      </extended_event_descriptor>
    </event>
    <event id="20" start_time="2021-12-09 06:00:00" duration="3600">
      <short_event_descriptor lang="alb" name="Start your day with BabyTV's F">Babies' program</short_event_descriptor>
      <extended_event_descriptor lang="alb">
        <text />
      </extended_event_descriptor>
    </event>
    <event id="21" start_time="2021-12-09 07:00:00" duration="3600">
      <short_event_descriptor lang="alb" name="Teeny &amp; Tiny's Classroom">Babies' program</short_event_descriptor>
      <extended_event_descriptor lang="alb">
        <text />
      </extended_event_descriptor>
    </event>
    <event id="22" start_time="2021-12-09 08:00:00" duration="3600">
      <short_event_descriptor lang="alb" name="Magical First Discoveries">Babies' program</short_event_descriptor>
      <extended_event_descriptor lang="alb">
        <text />
      </extended_event_descriptor>
    </event>
    <event id="23" start_time="2021-12-09 09:00:00" duration="3600">
      <short_event_descriptor lang="alb" name="Exploring with The Tiny Bunch">Babies' program</short_event_descriptor>
      <extended_event_descriptor lang="alb">
        <text />
      </extended_event_descriptor>
    </event>
    <event id="24" start_time="2021-12-09 10:00:00" duration="3600">
      <short_event_descriptor lang="alb" name="Teeny &amp; Tiny's Classroom">Babies' program</short_event_descriptor>
      <extended_event_descriptor lang="alb">
        <text />
      </extended_event_descriptor>
    </event>
    <event id="25" start_time="2021-12-09 11:00:00" duration="3600">
      <short_event_descriptor lang="alb" name="Magical First Discoveries">Babies' program.</short_event_descriptor>
      <extended_event_descriptor lang="alb">
        <text />
      </extended_event_descriptor>
    </event>
    <event id="26" start_time="2021-12-09 12:00:00" duration="3600">
      <short_event_descriptor lang="alb" name="Exploring with The Tiny Bunch">Babies' program</short_event_descriptor>
      <extended_event_descriptor lang="alb">
        <text />
      </extended_event_descriptor>
    </event>
    <event id="27" start_time="2021-12-09 13:00:00" duration="3600">
      <short_event_descriptor lang="alb" name="Teeny &amp; Tiny's Classroom">Babies' program</short_event_descriptor>
      <extended_event_descriptor lang="alb">
        <text />
      </extended_event_descriptor>
    </event>
    <event id="28" start_time="2021-12-09 14:00:00" duration="3600">
      <short_event_descriptor lang="alb" name="Magical First Discoveries">Babies' program.</short_event_descriptor>
      <extended_event_descriptor lang="alb">
        <text />
      </extended_event_descriptor>
    </event>
    <event id="29" start_time="2021-12-09 15:00:00" duration="3600">
      <short_event_descriptor lang="alb" name="Exploring with The Tiny Bunch">Babies' program</short_event_descriptor>
      <extended_event_descriptor lang="alb">
        <text />
      </extended_event_descriptor>
    </event>
    <event id="30" start_time="2021-12-09 16:00:00" duration="3600">
      <short_event_descriptor lang="alb" name="Play &amp; Learn with Nico/Bianca" />
      <extended_event_descriptor lang="alb">
        <text />
      </extended_event_descriptor>
    </event>
    <event id="31" start_time="2021-12-09 17:00:00" duration="3600">
      <short_event_descriptor lang="alb" name="Family Fun Time &amp; Rhymes">Babies' program</short_event_descriptor>
      <extended_event_descriptor lang="alb">
        <text />
      </extended_event_descriptor>
    </event>
    <event id="32" start_time="2021-12-09 18:00:00" duration="3600">
      <short_event_descriptor lang="alb" name="Art, Creativity &amp; Music with B" />
      <extended_event_descriptor lang="alb">
        <text />
      </extended_event_descriptor>
    </event>
    <event id="33" start_time="2021-12-09 19:00:00" duration="3600">
      <short_event_descriptor lang="alb" name="Relax and Unwind">Babies' program</short_event_descriptor>
      <extended_event_descriptor lang="alb">
        <text />
      </extended_event_descriptor>
    </event>
    <event id="34" start_time="2021-12-09 20:00:00" duration="3600">
      <short_event_descriptor lang="alb" name="Sweet Dreams">Babies' program</short_event_descriptor>
      <extended_event_descriptor lang="alb">
        <text />
      </extended_event_descriptor>
    </event>
    <event id="35" start_time="2021-12-09 21:00:00" duration="9000">
      <short_event_descriptor lang="alb" name="Dreamy Nights">Babies' program</short_event_descriptor>
      <extended_event_descriptor lang="alb">
        <text />
      </extended_event_descriptor>
    </event>
    <event id="36" start_time="2021-12-09 23:30:00" duration="1800">
      <short_event_descriptor lang="alb" name="Moon and Stars">Babies' program</short_event_descriptor>
      <extended_event_descriptor lang="alb">
        <text />
      </extended_event_descriptor>
    </event>
    <event id="37" start_time="2021-12-10 00:00:00" duration="3600">
      <short_event_descriptor lang="alb" name="BabyTV's night time melodies">Babies' program</short_event_descriptor>
      <extended_event_descriptor lang="alb">
        <text />
      </extended_event_descriptor>
    </event>
    <event id="38" start_time="2021-12-10 01:00:00" duration="3600">
      <short_event_descriptor lang="alb" name="Good Night hugs">Babies' program</short_event_descriptor>
      <extended_event_descriptor lang="alb">
        <text />
      </extended_event_descriptor>
    </event>
    <event id="39" start_time="2021-12-10 02:00:00" duration="3600">
      <short_event_descriptor lang="alb" name="BabyTV's night time melodies">Babies' program</short_event_descriptor>
      <extended_event_descriptor lang="alb">
        <text />
      </extended_event_descriptor>
    </event>
    <event id="40" start_time="2021-12-10 03:00:00" duration="3600">
      <short_event_descriptor lang="alb" name="From Night to Day">Babies' program</short_event_descriptor>
      <extended_event_descriptor lang="alb">
        <text />
      </extended_event_descriptor>
    </event>
    <event id="41" start_time="2021-12-10 04:00:00" duration="3600">
      <short_event_descriptor lang="alb" name="Rise &amp; Shine with BabyTV Frien">Babies' program</short_event_descriptor>
      <extended_event_descriptor lang="alb">
        <text />
      </extended_event_descriptor>
    </event>
    <event id="42" start_time="2021-12-10 05:00:00" duration="3600">
      <short_event_descriptor lang="alb" name="Good-Morning Stretch">Babies' program</short_event_descriptor>
      <extended_event_descriptor lang="alb">
        <text />
      </extended_event_descriptor>
    </event>
    <event id="43" start_time="2021-12-10 06:00:00" duration="3600">
      <short_event_descriptor lang="alb" name="Start your day with BabyTV's F">Babies' program</short_event_descriptor>
      <extended_event_descriptor lang="alb">
        <text />
      </extended_event_descriptor>
    </event>
    <event id="44" start_time="2021-12-10 07:00:00" duration="3600">
      <short_event_descriptor lang="alb" name="Teeny &amp; Tiny's Classroom">Babies' program</short_event_descriptor>
      <extended_event_descriptor lang="alb">
        <text />
      </extended_event_descriptor>
    </event>
    <event id="45" start_time="2021-12-10 08:00:00" duration="3600">
      <short_event_descriptor lang="alb" name="Magical First Discoveries">Babies' program.</short_event_descriptor>
      <extended_event_descriptor lang="alb">
        <text />
      </extended_event_descriptor>
    </event>
    <event id="46" start_time="2021-12-10 09:00:00" duration="3600">
      <short_event_descriptor lang="alb" name="Exploring with The Tiny Bunch">Babies' program</short_event_descriptor>
      <extended_event_descriptor lang="alb">
        <text />
      </extended_event_descriptor>
    </event>
    <event id="47" start_time="2021-12-10 10:00:00" duration="3600">
      <short_event_descriptor lang="alb" name="Teeny &amp; Tiny's Classroom">Babies' program</short_event_descriptor>
      <extended_event_descriptor lang="alb">
        <text />
      </extended_event_descriptor>
    </event>
    <event id="48" start_time="2021-12-10 11:00:00" duration="3600">
      <short_event_descriptor lang="alb" name="Magical First Discoveries">Babies' program</short_event_descriptor>
      <extended_event_descriptor lang="alb">
        <text />
      </extended_event_descriptor>
    </event>
    <event id="49" start_time="2021-12-10 12:00:00" duration="3600">
      <short_event_descriptor lang="alb" name="Exploring with The Tiny Bunch">Babies' program</short_event_descriptor>
      <extended_event_descriptor lang="alb">
        <text />
      </extended_event_descriptor>
    </event>
    <event id="50" start_time="2021-12-10 13:00:00" duration="3600">
      <short_event_descriptor lang="alb" name="Teeny &amp; Tiny's Classroom">Babies' program</short_event_descriptor>
      <extended_event_descriptor lang="alb">
        <text />
      </extended_event_descriptor>
    </event>
    <event id="51" start_time="2021-12-10 14:00:00" duration="3600">
      <short_event_descriptor lang="alb" name="Magical First Discoveries">Babies' program.</short_event_descriptor>
      <extended_event_descriptor lang="alb">
        <text />
      </extended_event_descriptor>
    </event>
    <event id="52" start_time="2021-12-10 15:00:00" duration="3600">
      <short_event_descriptor lang="alb" name="Exploring with The Tiny Bunch">Babies' program</short_event_descriptor>
      <extended_event_descriptor lang="alb">
        <text />
      </extended_event_descriptor>
    </event>
    <event id="53" start_time="2021-12-10 16:00:00" duration="3600">
      <short_event_descriptor lang="alb" name="Play and learn with in the ani">Babies' program</short_event_descriptor>
      <extended_event_descriptor lang="alb">
        <text />
      </extended_event_descriptor>
    </event>
    <event id="54" start_time="2021-12-10 17:00:00" duration="3600">
      <short_event_descriptor lang="alb" name="Family Fun Time &amp; Rhymes">Babies' program</short_event_descriptor>
      <extended_event_descriptor lang="alb">
        <text />
      </extended_event_descriptor>
    </event>
    <event id="55" start_time="2021-12-10 18:00:00" duration="3600">
      <short_event_descriptor lang="alb" name="Art, Creativity &amp; Music with B">Babies' program</short_event_descriptor>
      <extended_event_descriptor lang="alb">
        <text />
      </extended_event_descriptor>
    </event>
    <event id="56" start_time="2021-12-10 19:00:00" duration="3600">
      <short_event_descriptor lang="alb" name="Relax and Unwind">Babies' program</short_event_descriptor>
      <extended_event_descriptor lang="alb">
        <text />
      </extended_event_descriptor>
    </event>
    <event id="57" start_time="2021-12-10 20:00:00" duration="3600">
      <short_event_descriptor lang="alb" name="Sweet Dreams">Babies' program</short_event_descriptor>
      <extended_event_descriptor lang="alb">
        <text />
      </extended_event_descriptor>
    </event>
    <event id="58" start_time="2021-12-10 21:00:00" duration="9000">
      <short_event_descriptor lang="alb" name="Dreamy Nights">Babies' program</short_event_descriptor>
      <extended_event_descriptor lang="alb">
        <text />
      </extended_event_descriptor>
    </event>
    <event id="59" start_time="2021-12-10 23:30:00" duration="1800">
      <short_event_descriptor lang="alb" name="Moon and Stars">Babies' program</short_event_descriptor>
      <extended_event_descriptor lang="alb">
        <text />
      </extended_event_descriptor>
    </event>
    <event id="60" start_time="2021-12-11 00:00:00" duration="3600">
      <short_event_descriptor lang="alb" name="BabyTV's night time melodies">Babies' program</short_event_descriptor>
      <extended_event_descriptor lang="alb">
        <text />
      </extended_event_descriptor>
    </event>
    <event id="61" start_time="2021-12-11 01:00:00" duration="3600">
      <short_event_descriptor lang="alb" name="Good Night hugs">Babies' program</short_event_descriptor>
      <extended_event_descriptor lang="alb">
        <text />
      </extended_event_descriptor>
    </event>
    <event id="62" start_time="2021-12-11 02:00:00" duration="3600">
      <short_event_descriptor lang="alb" name="BabyTV's night time melodies">Babies' program</short_event_descriptor>
      <extended_event_descriptor lang="alb">
        <text />
      </extended_event_descriptor>
    </event>
    <event id="63" start_time="2021-12-11 03:00:00" duration="3600">
      <short_event_descriptor lang="alb" name="From Night to Day">Babies' program</short_event_descriptor>
      <extended_event_descriptor lang="alb">
        <text />
      </extended_event_descriptor>
    </event>
    <event id="64" start_time="2021-12-11 04:00:00" duration="3600">
      <short_event_descriptor lang="alb" name="Rise &amp; Shine with BabyTV Frien">Babies' program</short_event_descriptor>
      <extended_event_descriptor lang="alb">
        <text />
      </extended_event_descriptor>
    </event>
    <event id="65" start_time="2021-12-11 05:00:00" duration="3600">
      <short_event_descriptor lang="alb" name="Good-Morning Stretch">Babies' program</short_event_descriptor>
      <extended_event_descriptor lang="alb">
        <text />
      </extended_event_descriptor>
    </event>
    <event id="66" start_time="2021-12-11 06:00:00" duration="3600">
      <short_event_descriptor lang="alb" name="Start your day with BabyTV's F">Babies' program</short_event_descriptor>
      <extended_event_descriptor lang="alb">
        <text />
      </extended_event_descriptor>
    </event>
    <event id="67" start_time="2021-12-11 07:00:00" duration="3600">
      <short_event_descriptor lang="alb" name="Teeny &amp; Tiny's Classroom">Babies' program</short_event_descriptor>
      <extended_event_descriptor lang="alb">
        <text />
      </extended_event_descriptor>
    </event>
    <event id="68" start_time="2021-12-11 08:00:00" duration="3600">
      <short_event_descriptor lang="alb" name="Magical First Discoveries">Babies' program</short_event_descriptor>
      <extended_event_descriptor lang="alb">
        <text />
      </extended_event_descriptor>
    </event>
    <event id="69" start_time="2021-12-11 09:00:00" duration="3600">
      <short_event_descriptor lang="alb" name="Exploring with The Tiny Bunch">Babies' program</short_event_descriptor>
      <extended_event_descriptor lang="alb">
        <text />
      </extended_event_descriptor>
    </event>
    <event id="70" start_time="2021-12-11 10:00:00" duration="3600">
      <short_event_descriptor lang="alb" name="Teeny &amp; Tiny's Classroom">Babies' program</short_event_descriptor>
      <extended_event_descriptor lang="alb">
        <text />
      </extended_event_descriptor>
    </event>
    <event id="71" start_time="2021-12-11 11:00:00" duration="3600">
      <short_event_descriptor lang="alb" name="Magical First Discoveries">Babies' program.</short_event_descriptor>
      <extended_event_descriptor lang="alb">
        <text />
      </extended_event_descriptor>
    </event>
    <event id="72" start_time="2021-12-11 12:00:00" duration="3600">
      <short_event_descriptor lang="alb" name="Exploring with The Tiny Bunch">Babies' program</short_event_descriptor>
      <extended_event_descriptor lang="alb">
        <text />
      </extended_event_descriptor>
    </event>
    <event id="73" start_time="2021-12-11 13:00:00" duration="3600">
      <short_event_descriptor lang="alb" name="Teeny &amp; Tiny's Classroom">Babies' program</short_event_descriptor>
      <extended_event_descriptor lang="alb">
        <text />
      </extended_event_descriptor>
    </event>
    <event id="74" start_time="2021-12-11 14:00:00" duration="3600">
      <short_event_descriptor lang="alb" name="Magical First Discoveries">Babies' program</short_event_descriptor>
      <extended_event_descriptor lang="alb">
        <text />
      </extended_event_descriptor>
    </event>
    <event id="75" start_time="2021-12-11 15:00:00" duration="3600">
      <short_event_descriptor lang="alb" name="Exploring with The Tiny Bunch">Babies' program</short_event_descriptor>
      <extended_event_descriptor lang="alb">
        <text />
      </extended_event_descriptor>
    </event>
    <event id="76" start_time="2021-12-11 16:00:00" duration="3600">
      <short_event_descriptor lang="alb" name="Play &amp; Learn with songs and rh" />
      <extended_event_descriptor lang="alb">
        <text />
      </extended_event_descriptor>
    </event>
    <event id="77" start_time="2021-12-11 17:00:00" duration="3600">
      <short_event_descriptor lang="alb" name="Family Fun Time &amp; Rhymes">Babies' program</short_event_descriptor>
      <extended_event_descriptor lang="alb">
        <text />
      </extended_event_descriptor>
    </event>
    <event id="78" start_time="2021-12-11 18:00:00" duration="3600">
      <short_event_descriptor lang="alb" name="Art, Activity &amp; Music Time">Babies' program</short_event_descriptor>
      <extended_event_descriptor lang="alb">
        <text />
      </extended_event_descriptor>
    </event>
    <event id="79" start_time="2021-12-11 19:00:00" duration="3600">
      <short_event_descriptor lang="alb" name="Relax and Unwind">Babies' program</short_event_descriptor>
      <extended_event_descriptor lang="alb">
        <text />
      </extended_event_descriptor>
    </event>
    <event id="80" start_time="2021-12-11 20:00:00" duration="3600">
      <short_event_descriptor lang="alb" name="Sweet Dreams">Babies' program</short_event_descriptor>
      <extended_event_descriptor lang="alb">
        <text />
      </extended_event_descriptor>
    </event>
    <event id="81" start_time="2021-12-11 21:00:00" duration="9000">
      <short_event_descriptor lang="alb" name="Dreamy Nights">Babies' program</short_event_descriptor>
      <extended_event_descriptor lang="alb">
        <text />
      </extended_event_descriptor>
    </event>
    <event id="82" start_time="2021-12-11 23:30:00" duration="1800">
      <short_event_descriptor lang="alb" name="Moon and Stars">Babies' program</short_event_descriptor>
      <extended_event_descriptor lang="alb">
        <text />
      </extended_event_descriptor>
    </event>
    <event id="83" start_time="2021-12-12 00:00:00" duration="3600">
      <short_event_descriptor lang="alb" name="BabyTV's night time melodies">Babies' program</short_event_descriptor>
      <extended_event_descriptor lang="alb">
        <text />
      </extended_event_descriptor>
    </event>
    <event id="84" start_time="2021-12-12 01:00:00" duration="3600">
      <short_event_descriptor lang="alb" name="Good Night hugs">Babies' program</short_event_descriptor>
      <extended_event_descriptor lang="alb">
        <text />
      </extended_event_descriptor>
    </event>
    <event id="85" start_time="2021-12-12 02:00:00" duration="3600">
      <short_event_descriptor lang="alb" name="BabyTV's night time melodies" />
      <extended_event_descriptor lang="alb">
        <text />
      </extended_event_descriptor>
    </event>
    <event id="86" start_time="2021-12-12 03:00:00" duration="3600">
      <short_event_descriptor lang="alb" name="From Night to Day">Babies' program</short_event_descriptor>
      <extended_event_descriptor lang="alb">
        <text />
      </extended_event_descriptor>
    </event>
    <event id="87" start_time="2021-12-12 04:00:00" duration="3600">
      <short_event_descriptor lang="alb" name="Rise &amp; Shine with BabyTV Frien">Babies' program</short_event_descriptor>
      <extended_event_descriptor lang="alb">
        <text />
      </extended_event_descriptor>
    </event>
    <event id="88" start_time="2021-12-12 05:00:00" duration="3600">
      <short_event_descriptor lang="alb" name="Good-Morning Stretch">Babies' program</short_event_descriptor>
      <extended_event_descriptor lang="alb">
        <text />
      </extended_event_descriptor>
    </event>
    <event id="89" start_time="2021-12-12 06:00:00" duration="3600">
      <short_event_descriptor lang="alb" name="Start your day with BabyTV's F">Babies' program</short_event_descriptor>
      <extended_event_descriptor lang="alb">
        <text />
      </extended_event_descriptor>
    </event>
    <event id="90" start_time="2021-12-12 07:00:00" duration="3600">
      <short_event_descriptor lang="alb" name="Teeny &amp; Tiny's Classroom">Babies' program</short_event_descriptor>
      <extended_event_descriptor lang="alb">
        <text />
      </extended_event_descriptor>
    </event>
    <event id="91" start_time="2021-12-12 08:00:00" duration="3600">
      <short_event_descriptor lang="alb" name="Magical First Discoveries">Babies' program.</short_event_descriptor>
      <extended_event_descriptor lang="alb">
        <text />
      </extended_event_descriptor>
    </event>
    <event id="92" start_time="2021-12-12 09:00:00" duration="3600">
      <short_event_descriptor lang="alb" name="Exploring with The Tiny Bunch">Babies' program</short_event_descriptor>
      <extended_event_descriptor lang="alb">
        <text />
      </extended_event_descriptor>
    </event>
    <event id="93" start_time="2021-12-12 10:00:00" duration="3600">
      <short_event_descriptor lang="alb" name="Teeny &amp; Tiny's Classroom">Babies' program</short_event_descriptor>
      <extended_event_descriptor lang="alb">
        <text />
      </extended_event_descriptor>
    </event>
    <event id="94" start_time="2021-12-12 11:00:00" duration="3600">
      <short_event_descriptor lang="alb" name="Magical First Discoveries">Babies' program</short_event_descriptor>
      <extended_event_descriptor lang="alb">
        <text />
      </extended_event_descriptor>
    </event>
    <event id="95" start_time="2021-12-12 12:00:00" duration="3600">
      <short_event_descriptor lang="alb" name="Exploring with The Tiny Bunch">Babies' program</short_event_descriptor>
      <extended_event_descriptor lang="alb">
        <text />
      </extended_event_descriptor>
    </event>
    <event id="96" start_time="2021-12-12 13:00:00" duration="3600">
      <short_event_descriptor lang="alb" name="Teeny &amp; Tiny's Classroom">Babies' program</short_event_descriptor>
      <extended_event_descriptor lang="alb">
        <text />
      </extended_event_descriptor>
    </event>
    <event id="97" start_time="2021-12-12 14:00:00" duration="3600">
      <short_event_descriptor lang="alb" name="Magical First Discoveries">Babies' program</short_event_descriptor>
      <extended_event_descriptor lang="alb">
        <text />
      </extended_event_descriptor>
    </event>
    <event id="98" start_time="2021-12-12 15:00:00" duration="3600">
      <short_event_descriptor lang="alb" name="Exploring with The Tiny Bunch">Babies' program</short_event_descriptor>
      <extended_event_descriptor lang="alb">
        <text />
      </extended_event_descriptor>
    </event>
    <event id="99" start_time="2021-12-12 16:00:00" duration="3600">
      <short_event_descriptor lang="alb" name="Play &amp; Learn with songs and rh" />
      <extended_event_descriptor lang="alb">
        <text />
      </extended_event_descriptor>
    </event>
    <event id="100" start_time="2021-12-12 17:00:00" duration="3600">
      <short_event_descriptor lang="alb" name="Family Fun Time &amp; Rhymes">Babies' program</short_event_descriptor>
      <extended_event_descriptor lang="alb">
        <text />
      </extended_event_descriptor>
    </event>
    <event id="101" start_time="2021-12-12 18:00:00" duration="3600">
      <short_event_descriptor lang="alb" name="Art, Creativity &amp; Music with B" />
      <extended_event_descriptor lang="alb">
        <text />
      </extended_event_descriptor>
    </event>
    <event id="102" start_time="2021-12-12 19:00:00" duration="3600">
      <short_event_descriptor lang="alb" name="Relax and Unwind">Babies' program</short_event_descriptor>
      <extended_event_descriptor lang="alb">
        <text />
      </extended_event_descriptor>
    </event>
    <event id="103" start_time="2021-12-12 20:00:00" duration="3600">
      <short_event_descriptor lang="alb" name="Sweet Dreams">Babies' program</short_event_descriptor>
      <extended_event_descriptor lang="alb">
        <text />
      </extended_event_descriptor>
    </event>
    <event id="104" start_time="2021-12-12 21:00:00" duration="9000">
      <short_event_descriptor lang="alb" name="Dreamy Nights">Babies' program</short_event_descriptor>
      <extended_event_descriptor lang="alb">
        <text />
      </extended_event_descriptor>
    </event>
    <event id="105" start_time="2021-12-12 23:30:00" duration="1800">
      <short_event_descriptor lang="alb" name="Moon and Stars">Babies' program</short_event_descriptor>
      <extended_event_descriptor lang="alb">
        <text />
      </extended_event_descriptor>
    </event>
    <event id="106" start_time="2021-12-13 00:00:00" duration="3600">
      <short_event_descriptor lang="alb" name="BabyTV's night time melodies">Babies' program</short_event_descriptor>
      <extended_event_descriptor lang="alb">
        <text />
      </extended_event_descriptor>
    </event>
    <event id="107" start_time="2021-12-13 01:00:00" duration="3600">
      <short_event_descriptor lang="alb" name="Good Night hugs">Babies' program</short_event_descriptor>
      <extended_event_descriptor lang="alb">
        <text />
      </extended_event_descriptor>
    </event>
    <event id="108" start_time="2021-12-13 02:00:00" duration="3600">
      <short_event_descriptor lang="alb" name="BabyTV's night time melodies">Babies' program</short_event_descriptor>
      <extended_event_descriptor lang="alb">
        <text />
      </extended_event_descriptor>
    </event>
    <event id="109" start_time="2021-12-13 03:00:00" duration="3600">
      <short_event_descriptor lang="alb" name="From Night to Day">Babies' program</short_event_descriptor>
      <extended_event_descriptor lang="alb">
        <text />
      </extended_event_descriptor>
    </event>
    <event id="110" start_time="2021-12-13 04:00:00" duration="3600">
      <short_event_descriptor lang="alb" name="Rise &amp; Shine with BabyTV Frien">Babies' program</short_event_descriptor>
      <extended_event_descriptor lang="alb">
        <text />
      </extended_event_descriptor>
    </event>
    <event id="111" start_time="2021-12-13 05:00:00" duration="3600">
      <short_event_descriptor lang="alb" name="Good-Morning Stretch">Babies' program</short_event_descriptor>
      <extended_event_descriptor lang="alb">
        <text />
      </extended_event_descriptor>
    </event>
    <event id="112" start_time="2021-12-13 06:00:00" duration="3600">
      <short_event_descriptor lang="alb" name="Start your day with BabyTV's F">Babies' program</short_event_descriptor>
      <extended_event_descriptor lang="alb">
        <text />
      </extended_event_descriptor>
    </event>
    <event id="113" start_time="2021-12-13 07:00:00" duration="3600">
      <short_event_descriptor lang="alb" name="Teeny &amp; Tiny's Classroom">Babies' program</short_event_descriptor>
      <extended_event_descriptor lang="alb">
        <text />
      </extended_event_descriptor>
    </event>
    <event id="114" start_time="2021-12-13 08:00:00" duration="3600">
      <short_event_descriptor lang="alb" name="Magical First Discoveries">Babies' program.</short_event_descriptor>
      <extended_event_descriptor lang="alb">
        <text />
      </extended_event_descriptor>
    </event>
    <event id="115" start_time="2021-12-13 09:00:00" duration="3600">
      <short_event_descriptor lang="alb" name="Art, Creativity &amp; Music with B">Babies' program</short_event_descriptor>
      <extended_event_descriptor lang="alb">
        <text />
      </extended_event_descriptor>
    </event>
    <event id="116" start_time="2021-12-13 10:00:00" duration="3600">
      <short_event_descriptor lang="alb" name="Teeny &amp; Tiny's Classroom">Babies' program</short_event_descriptor>
      <extended_event_descriptor lang="alb">
        <text />
      </extended_event_descriptor>
    </event>
    <event id="117" start_time="2021-12-13 11:00:00" duration="3600">
      <short_event_descriptor lang="alb" name="Magical First Discoveries">Babies' program</short_event_descriptor>
      <extended_event_descriptor lang="alb">
        <text />
      </extended_event_descriptor>
    </event>
    <event id="118" start_time="2021-12-13 12:00:00" duration="3600">
      <short_event_descriptor lang="alb" name="Exploring with The Tiny Bunch">Babies' program</short_event_descriptor>
      <extended_event_descriptor lang="alb">
        <text />
      </extended_event_descriptor>
    </event>
    <event id="119" start_time="2021-12-13 13:00:00" duration="3600">
      <short_event_descriptor lang="alb" name="Teeny &amp; Tiny's Classroom">Babies' program</short_event_descriptor>
      <extended_event_descriptor lang="alb">
        <text />
      </extended_event_descriptor>
    </event>
    <event id="120" start_time="2021-12-13 14:00:00" duration="3600">
      <short_event_descriptor lang="alb" name="Magical First Discoveries">Babies' program.</short_event_descriptor>
      <extended_event_descriptor lang="alb">
        <text />
      </extended_event_descriptor>
    </event>
    <event id="121" start_time="2021-12-13 15:00:00" duration="3600">
      <short_event_descriptor lang="alb" name="Exploring with The Tiny Bunch">Babies' program</short_event_descriptor>
      <extended_event_descriptor lang="alb">
        <text />
      </extended_event_descriptor>
    </event>
    <event id="122" start_time="2021-12-13 16:00:00" duration="3600">
      <short_event_descriptor lang="alb" name="Play &amp; Learn with songs and rh" />
      <extended_event_descriptor lang="alb">
        <text />
      </extended_event_descriptor>
    </event>
    <event id="123" start_time="2021-12-13 17:00:00" duration="3600">
      <short_event_descriptor lang="alb" name="Family Fun Time &amp; Rhymes">Babies' program</short_event_descriptor>
      <extended_event_descriptor lang="alb">
        <text />
      </extended_event_descriptor>
    </event>
    <event id="124" start_time="2021-12-13 18:00:00" duration="3600">
      <short_event_descriptor lang="alb" name="Art, Activity &amp; Music Time" />
      <extended_event_descriptor lang="alb">
        <text />
      </extended_event_descriptor>
    </event>
    <event id="125" start_time="2021-12-13 19:00:00" duration="3600">
      <short_event_descriptor lang="alb" name="Relax and Unwind">Babies' program</short_event_descriptor>
      <extended_event_descriptor lang="alb">
        <text />
      </extended_event_descriptor>
    </event>
    <event id="126" start_time="2021-12-13 20:00:00" duration="3600">
      <short_event_descriptor lang="alb" name="Sweet Dreams">Babies' program</short_event_descriptor>
      <extended_event_descriptor lang="alb">
        <text />
      </extended_event_descriptor>
    </event>
    <event id="127" start_time="2021-12-13 21:00:00" duration="9000">
      <short_event_descriptor lang="alb" name="Dreamy Nights">Babies' program</short_event_descriptor>
      <extended_event_descriptor lang="alb">
        <text />
      </extended_event_descriptor>
    </event>
    <event id="128" start_time="2021-12-13 23:30:00" duration="1800">
      <short_event_descriptor lang="alb" name="Moon and Stars">Babies' program</short_event_descriptor>
      <extended_event_descriptor lang="alb">
        <text />
      </extended_event_descriptor>
    </event>
    <event id="129" start_time="2021-12-14 00:00:00" duration="3600">
      <short_event_descriptor lang="alb" name="BabyTV's night time melodies">Babies' program</short_event_descriptor>
      <extended_event_descriptor lang="alb">
        <text />
      </extended_event_descriptor>
    </event>
    <event id="130" start_time="2021-12-14 01:00:00" duration="3600">
      <short_event_descriptor lang="alb" name="Good Night hugs">Babies' program</short_event_descriptor>
      <extended_event_descriptor lang="alb">
        <text />
      </extended_event_descriptor>
    </event>
    <event id="131" start_time="2021-12-14 02:00:00" duration="3600">
      <short_event_descriptor lang="alb" name="BabyTV's night time melodies">Babies' program</short_event_descriptor>
      <extended_event_descriptor lang="alb">
        <text />
      </extended_event_descriptor>
    </event>
    <event id="132" start_time="2021-12-14 03:00:00" duration="3600">
      <short_event_descriptor lang="alb" name="From Night to Day">Babies' program</short_event_descriptor>
      <extended_event_descriptor lang="alb">
        <text />
      </extended_event_descriptor>
    </event>
    <event id="133" start_time="2021-12-14 04:00:00" duration="3600">
      <short_event_descriptor lang="alb" name="Rise &amp; Shine with BabyTV Frien">Babies' program</short_event_descriptor>
      <extended_event_descriptor lang="alb">
        <text />
      </extended_event_descriptor>
    </event>
  </channel>
</WIDECAST_DVB>