<?xml version="1.0" encoding="ISO-8859-1"?>
<WIDECAST_DVB>
  <channel name="Digitalb Zone">
    <event id="0" start_time="2016-10-06 15:00:00" duration="32400">
      <short_event_descriptor lang="alb" name="Digitalb Zone">Program Special</short_event_descriptor>
      <extended_event_descriptor lang="alb">
        <text />
      </extended_event_descriptor>
    </event>
    <event id="1" start_time="2016-10-07 00:00:00" duration="14400">
      <short_event_descriptor lang="alb" name="Ndihma e Klientit" />
      <extended_event_descriptor lang="alb">
        <text />
      </extended_event_descriptor>
    </event>
    <event id="2" start_time="2016-10-07 04:00:00" duration="18000">
      <short_event_descriptor lang="alb" name="Ndihma e Klientit" />
      <extended_event_descriptor lang="alb">
        <text />
      </extended_event_descriptor>
    </event>
    <event id="3" start_time="2016-10-07 09:00:00" duration="21600">
      <short_event_descriptor lang="alb" name="Ndihma e Klientit" />
      <extended_event_descriptor lang="alb">
        <text />
      </extended_event_descriptor>
    </event>
    <event id="4" start_time="2016-10-07 15:00:00" duration="32400">
      <short_event_descriptor lang="alb" name="Digitalb Zone">Program Special</short_event_descriptor>
      <extended_event_descriptor lang="alb">
        <text />
      </extended_event_descriptor>
    </event>
    <event id="5" start_time="2016-10-08 00:00:00" duration="14400">
      <short_event_descriptor lang="alb" name="Ndihma e Klientit" />
      <extended_event_descriptor lang="alb">
        <text />
      </extended_event_descriptor>
    </event>
    <event id="6" start_time="2016-10-08 04:00:00" duration="18000">
      <short_event_descriptor lang="alb" name="Ndihma e Klientit" />
      <extended_event_descriptor lang="alb">
        <text />
      </extended_event_descriptor>
    </event>
    <event id="7" start_time="2016-10-08 09:00:00" duration="21600">
      <short_event_descriptor lang="alb" name="Ndihma e Klientit" />
      <extended_event_descriptor lang="alb">
        <text />
      </extended_event_descriptor>
    </event>
    <event id="8" start_time="2016-10-08 15:00:00" duration="32400">
      <short_event_descriptor lang="alb" name="Digitalb Zone">Program Special</short_event_descriptor>
      <extended_event_descriptor lang="alb">
        <text />
      </extended_event_descriptor>
    </event>
    <event id="9" start_time="2016-10-09 00:00:00" duration="14400">
      <short_event_descriptor lang="alb" name="Ndihma e Klientit" />
      <extended_event_descriptor lang="alb">
        <text />
      </extended_event_descriptor>
    </event>
    <event id="10" start_time="2016-10-09 04:00:00" duration="18000">
      <short_event_descriptor lang="alb" name="Ndihma e Klientit" />
      <extended_event_descriptor lang="alb">
        <text />
      </extended_event_descriptor>
    </event>
    <event id="11" start_time="2016-10-09 09:00:00" duration="21600">
      <short_event_descriptor lang="alb" name="Ndihma e Klientit" />
      <extended_event_descriptor lang="alb">
        <text />
      </extended_event_descriptor>
    </event>
    <event id="12" start_time="2016-10-09 15:00:00" duration="32400">
      <short_event_descriptor lang="alb" name="Digitalb Zone">Program Special</short_event_descriptor>
      <extended_event_descriptor lang="alb">
        <text />
      </extended_event_descriptor>
    </event>
    <event id="13" start_time="2016-10-10 00:00:00" duration="14400">
      <short_event_descriptor lang="alb" name="Ndihma e Klientit" />
      <extended_event_descriptor lang="alb">
        <text />
      </extended_event_descriptor>
    </event>
    <event id="14" start_time="2016-10-10 04:00:00" duration="18000">
      <short_event_descriptor lang="alb" name="Ndihma e Klientit" />
      <extended_event_descriptor lang="alb">
        <text />
      </extended_event_descriptor>
    </event>
    <event id="15" start_time="2016-10-10 09:00:00" duration="21600">
      <short_event_descriptor lang="alb" name="Ndihma e Klientit" />
      <extended_event_descriptor lang="alb">
        <text />
      </extended_event_descriptor>
    </event>
    <event id="16" start_time="2016-10-10 15:00:00" duration="32400">
      <short_event_descriptor lang="alb" name="Digitalb Zone">Program Special</short_event_descriptor>
      <extended_event_descriptor lang="alb">
        <text />
      </extended_event_descriptor>
    </event>
    <event id="17" start_time="2016-10-11 00:00:00" duration="14400">
      <short_event_descriptor lang="alb" name="Ndihma e Klientit" />
      <extended_event_descriptor lang="alb">
        <text />
      </extended_event_descriptor>
    </event>
    <event id="18" start_time="2016-10-11 04:00:00" duration="18000">
      <short_event_descriptor lang="alb" name="Ndihma e Klientit" />
      <extended_event_descriptor lang="alb">
        <text />
      </extended_event_descriptor>
    </event>
    <event id="19" start_time="2016-10-11 09:00:00" duration="21600">
      <short_event_descriptor lang="alb" name="Ndihma e Klientit" />
      <extended_event_descriptor lang="alb">
        <text />
      </extended_event_descriptor>
    </event>
    <event id="20" start_time="2016-10-11 15:00:00" duration="32400">
      <short_event_descriptor lang="alb" name="Digitalb Zone">Program Special</short_event_descriptor>
      <extended_event_descriptor lang="alb">
        <text />
      </extended_event_descriptor>
    </event>
    <event id="21" start_time="2016-10-12 00:00:00" duration="14400">
      <short_event_descriptor lang="alb" name="Ndihma e Klientit" />
      <extended_event_descriptor lang="alb">
        <text />
      </extended_event_descriptor>
    </event>
    <event id="22" start_time="2016-10-12 04:00:00" duration="18000">
      <short_event_descriptor lang="alb" name="Ndihma e Klientit" />
      <extended_event_descriptor lang="alb">
        <text />
      </extended_event_descriptor>
    </event>
    <event id="23" start_time="2016-10-12 09:00:00" duration="21600">
      <short_event_descriptor lang="alb" name="Ndihma e Klientit" />
      <extended_event_descriptor lang="alb">
        <text />
      </extended_event_descriptor>
    </event>
    <event id="24" start_time="2016-10-12 15:00:00" duration="32400">
      <short_event_descriptor lang="alb" name="Digitalb Zone">Program Special</short_event_descriptor>
      <extended_event_descriptor lang="alb">
        <text />
      </extended_event_descriptor>
    </event>
    <event id="25" start_time="2016-10-13 00:00:00" duration="14400">
      <short_event_descriptor lang="alb" name="Ndihma e Klientit" />
      <extended_event_descriptor lang="alb">
        <text />
      </extended_event_descriptor>
    </event>
    <event id="26" start_time="2016-10-13 04:00:00" duration="18000">
      <short_event_descriptor lang="alb" name="Ndihma e Klientit" />
      <extended_event_descriptor lang="alb">
        <text />
      </extended_event_descriptor>
    </event>
    <event id="27" start_time="2016-10-13 09:00:00" duration="21600">
      <short_event_descriptor lang="alb" name="Ndihma e Klientit" />
      <extended_event_descriptor lang="alb">
        <text />
      </extended_event_descriptor>
    </event>
    <event id="28" start_time="2016-10-13 15:00:00" duration="32400">
      <short_event_descriptor lang="alb" name="Digitalb Zone">Program Special</short_event_descriptor>
      <extended_event_descriptor lang="alb">
        <text />
      </extended_event_descriptor>
    </event>
    <event id="29" start_time="2016-10-14 00:00:00" duration="14400">
      <short_event_descriptor lang="alb" name="Ndihma e Klientit" />
      <extended_event_descriptor lang="alb">
        <text />
      </extended_event_descriptor>
    </event>
    <event id="30" start_time="2016-10-14 04:00:00" duration="18000">
      <short_event_descriptor lang="alb" name="Ndihma e Klientit" />
      <extended_event_descriptor lang="alb">
        <text />
      </extended_event_descriptor>
    </event>
    <event id="31" start_time="2016-10-14 09:00:00" duration="21600">
      <short_event_descriptor lang="alb" name="Ndihma e Klientit" />
      <extended_event_descriptor lang="alb">
        <text />
      </extended_event_descriptor>
    </event>
    <event id="32" start_time="2016-10-14 15:00:00" duration="32400">
      <short_event_descriptor lang="alb" name="Digitalb Zone">Program Special</short_event_descriptor>
      <extended_event_descriptor lang="alb">
        <text />
      </extended_event_descriptor>
    </event>
    <event id="33" start_time="2016-10-15 00:00:00" duration="14400">
      <short_event_descriptor lang="alb" name="Ndihma e Klientit" />
      <extended_event_descriptor lang="alb">
        <text />
      </extended_event_descriptor>
    </event>
    <event id="34" start_time="2016-10-15 04:00:00" duration="18000">
      <short_event_descriptor lang="alb" name="Ndihma e Klientit" />
      <extended_event_descriptor lang="alb">
        <text />
      </extended_event_descriptor>
    </event>
    <event id="35" start_time="2016-10-15 09:00:00" duration="21600">
      <short_event_descriptor lang="alb" name="Ndihma e Klientit" />
      <extended_event_descriptor lang="alb">
        <text />
      </extended_event_descriptor>
    </event>
    <event id="36" start_time="2016-10-15 15:00:00" duration="32400">
      <short_event_descriptor lang="alb" name="Digitalb Zone">Program Special</short_event_descriptor>
      <extended_event_descriptor lang="alb">
        <text />
      </extended_event_descriptor>
    </event>
    <event id="37" start_time="2016-10-16 00:00:00" duration="14400">
      <short_event_descriptor lang="alb" name="Ndihma e Klientit" />
      <extended_event_descriptor lang="alb">
        <text />
      </extended_event_descriptor>
    </event>
    <event id="38" start_time="2016-10-16 04:00:00" duration="18000">
      <short_event_descriptor lang="alb" name="Ndihma e Klientit" />
      <extended_event_descriptor lang="alb">
        <text />
      </extended_event_descriptor>
    </event>
    <event id="39" start_time="2016-10-16 09:00:00" duration="21600">
      <short_event_descriptor lang="alb" name="Ndihma e Klientit" />
      <extended_event_descriptor lang="alb">
        <text />
      </extended_event_descriptor>
    </event>
    <event id="40" start_time="2016-10-16 15:00:00" duration="32400">
      <short_event_descriptor lang="alb" name="Digitalb Zone">Program Special</short_event_descriptor>
      <extended_event_descriptor lang="alb">
        <text />
      </extended_event_descriptor>
    </event>
    <event id="41" start_time="2016-10-17 00:00:00" duration="14400">
      <short_event_descriptor lang="alb" name="Ndihma e Klientit" />
      <extended_event_descriptor lang="alb">
        <text />
      </extended_event_descriptor>
    </event>
    <event id="42" start_time="2016-10-17 04:00:00" duration="18000">
      <short_event_descriptor lang="alb" name="Ndihma e Klientit" />
      <extended_event_descriptor lang="alb">
        <text />
      </extended_event_descriptor>
    </event>
    <event id="43" start_time="2016-10-17 09:00:00" duration="21600">
      <short_event_descriptor lang="alb" name="Ndihma e Klientit" />
      <extended_event_descriptor lang="alb">
        <text />
      </extended_event_descriptor>
    </event>
    <event id="44" start_time="2016-10-17 15:00:00" duration="32400">
      <short_event_descriptor lang="alb" name="Digitalb Zone">Program Special</short_event_descriptor>
      <extended_event_descriptor lang="alb">
        <text />
      </extended_event_descriptor>
    </event>
    <event id="45" start_time="2016-10-18 00:00:00" duration="14400">
      <short_event_descriptor lang="alb" name="Ndihma e Klientit" />
      <extended_event_descriptor lang="alb">
        <text />
      </extended_event_descriptor>
    </event>
    <event id="46" start_time="2016-10-18 04:00:00" duration="18000">
      <short_event_descriptor lang="alb" name="Ndihma e Klientit" />
      <extended_event_descriptor lang="alb">
        <text />
      </extended_event_descriptor>
    </event>
    <event id="47" start_time="2016-10-18 09:00:00" duration="21600">
      <short_event_descriptor lang="alb" name="Ndihma e Klientit" />
      <extended_event_descriptor lang="alb">
        <text />
      </extended_event_descriptor>
    </event>
    <event id="48" start_time="2016-10-18 15:00:00" duration="32400">
      <short_event_descriptor lang="alb" name="Digitalb Zone">Program Special</short_event_descriptor>
      <extended_event_descriptor lang="alb">
        <text />
      </extended_event_descriptor>
    </event>
    <event id="49" start_time="2016-10-19 00:00:00" duration="14400">
      <short_event_descriptor lang="alb" name="Ndihma e Klientit" />
      <extended_event_descriptor lang="alb">
        <text />
      </extended_event_descriptor>
    </event>
    <event id="50" start_time="2016-10-19 04:00:00" duration="18000">
      <short_event_descriptor lang="alb" name="Ndihma e Klientit" />
      <extended_event_descriptor lang="alb">
        <text />
      </extended_event_descriptor>
    </event>
    <event id="51" start_time="2016-10-19 09:00:00" duration="21600">
      <short_event_descriptor lang="alb" name="Ndihma e Klientit" />
      <extended_event_descriptor lang="alb">
        <text />
      </extended_event_descriptor>
    </event>
    <event id="52" start_time="2016-10-19 15:00:00" duration="32400">
      <short_event_descriptor lang="alb" name="Digitalb Zone">Program Special</short_event_descriptor>
      <extended_event_descriptor lang="alb">
        <text />
      </extended_event_descriptor>
    </event>
    <event id="53" start_time="2016-10-20 00:00:00" duration="14400">
      <short_event_descriptor lang="alb" name="Ndihma e Klientit" />
      <extended_event_descriptor lang="alb">
        <text />
      </extended_event_descriptor>
    </event>
    <event id="54" start_time="2016-10-20 04:00:00" duration="18000">
      <short_event_descriptor lang="alb" name="Ndihma e Klientit" />
      <extended_event_descriptor lang="alb">
        <text />
      </extended_event_descriptor>
    </event>
    <event id="55" start_time="2016-10-20 09:00:00" duration="21600">
      <short_event_descriptor lang="alb" name="Ndihma e Klientit" />
      <extended_event_descriptor lang="alb">
        <text />
      </extended_event_descriptor>
    </event>
    <event id="56" start_time="2016-10-20 15:00:00" duration="32400">
      <short_event_descriptor lang="alb" name="Digitalb Zone">Program Special</short_event_descriptor>
      <extended_event_descriptor lang="alb">
        <text />
      </extended_event_descriptor>
    </event>
    <event id="57" start_time="2016-10-21 00:00:00" duration="14400">
      <short_event_descriptor lang="alb" name="Ndihma e Klientit" />
      <extended_event_descriptor lang="alb">
        <text />
      </extended_event_descriptor>
    </event>
    <event id="58" start_time="2016-10-21 04:00:00" duration="18000">
      <short_event_descriptor lang="alb" name="Ndihma e Klientit" />
      <extended_event_descriptor lang="alb">
        <text />
      </extended_event_descriptor>
    </event>
    <event id="59" start_time="2016-10-21 09:00:00" duration="21600">
      <short_event_descriptor lang="alb" name="Ndihma e Klientit" />
      <extended_event_descriptor lang="alb">
        <text />
      </extended_event_descriptor>
    </event>
    <event id="60" start_time="2016-10-21 15:00:00" duration="32400">
      <short_event_descriptor lang="alb" name="Digitalb Zone">Program Special</short_event_descriptor>
      <extended_event_descriptor lang="alb">
        <text />
      </extended_event_descriptor>
    </event>
    <event id="61" start_time="2016-10-22 00:00:00" duration="14400">
      <short_event_descriptor lang="alb" name="Ndihma e Klientit" />
      <extended_event_descriptor lang="alb">
        <text />
      </extended_event_descriptor>
    </event>
    <event id="62" start_time="2016-10-22 04:00:00" duration="18000">
      <short_event_descriptor lang="alb" name="Ndihma e Klientit" />
      <extended_event_descriptor lang="alb">
        <text />
      </extended_event_descriptor>
    </event>
    <event id="63" start_time="2016-10-22 09:00:00" duration="21600">
      <short_event_descriptor lang="alb" name="Ndihma e Klientit" />
      <extended_event_descriptor lang="alb">
        <text />
      </extended_event_descriptor>
    </event>
    <event id="64" start_time="2016-10-22 15:00:00" duration="32400">
      <short_event_descriptor lang="alb" name="Digitalb Zone">Program Special</short_event_descriptor>
      <extended_event_descriptor lang="alb">
        <text />
      </extended_event_descriptor>
    </event>
    <event id="65" start_time="2016-10-23 00:00:00" duration="14400">
      <short_event_descriptor lang="alb" name="Ndihma e Klientit" />
      <extended_event_descriptor lang="alb">
        <text />
      </extended_event_descriptor>
    </event>
    <event id="66" start_time="2016-10-23 04:00:00" duration="18000">
      <short_event_descriptor lang="alb" name="Ndihma e Klientit" />
      <extended_event_descriptor lang="alb">
        <text />
      </extended_event_descriptor>
    </event>
    <event id="67" start_time="2016-10-23 09:00:00" duration="21600">
      <short_event_descriptor lang="alb" name="Ndihma e Klientit" />
      <extended_event_descriptor lang="alb">
        <text />
      </extended_event_descriptor>
    </event>
    <event id="68" start_time="2016-10-23 15:00:00" duration="32400">
      <short_event_descriptor lang="alb" name="Digitalb Zone">Program Special</short_event_descriptor>
      <extended_event_descriptor lang="alb">
        <text />
      </extended_event_descriptor>
    </event>
    <event id="69" start_time="2016-10-24 00:00:00" duration="14400">
      <short_event_descriptor lang="alb" name="Ndihma e Klientit" />
      <extended_event_descriptor lang="alb">
        <text />
      </extended_event_descriptor>
    </event>
    <event id="70" start_time="2016-10-24 04:00:00" duration="18000">
      <short_event_descriptor lang="alb" name="Ndihma e Klientit" />
      <extended_event_descriptor lang="alb">
        <text />
      </extended_event_descriptor>
    </event>
    <event id="71" start_time="2016-10-24 09:00:00" duration="21600">
      <short_event_descriptor lang="alb" name="Ndihma e Klientit" />
      <extended_event_descriptor lang="alb">
        <text />
      </extended_event_descriptor>
    </event>
    <event id="72" start_time="2016-10-24 15:00:00" duration="32400">
      <short_event_descriptor lang="alb" name="Digitalb Zone">Program Special</short_event_descriptor>
      <extended_event_descriptor lang="alb">
        <text />
      </extended_event_descriptor>
    </event>
    <event id="73" start_time="2016-10-25 00:00:00" duration="14400">
      <short_event_descriptor lang="alb" name="Ndihma e Klientit" />
      <extended_event_descriptor lang="alb">
        <text />
      </extended_event_descriptor>
    </event>
    <event id="74" start_time="2016-10-25 04:00:00" duration="18000">
      <short_event_descriptor lang="alb" name="Ndihma e Klientit" />
      <extended_event_descriptor lang="alb">
        <text />
      </extended_event_descriptor>
    </event>
    <event id="75" start_time="2016-10-25 09:00:00" duration="21600">
      <short_event_descriptor lang="alb" name="Ndihma e Klientit" />
      <extended_event_descriptor lang="alb">
        <text />
      </extended_event_descriptor>
    </event>
    <event id="76" start_time="2016-10-25 15:00:00" duration="32400">
      <short_event_descriptor lang="alb" name="Digitalb Zone">Program Special</short_event_descriptor>
      <extended_event_descriptor lang="alb">
        <text />
      </extended_event_descriptor>
    </event>
    <event id="77" start_time="2016-10-26 00:00:00" duration="14400">
      <short_event_descriptor lang="alb" name="Ndihma e Klientit" />
      <extended_event_descriptor lang="alb">
        <text />
      </extended_event_descriptor>
    </event>
    <event id="78" start_time="2016-10-26 04:00:00" duration="18000">
      <short_event_descriptor lang="alb" name="Ndihma e Klientit" />
      <extended_event_descriptor lang="alb">
        <text />
      </extended_event_descriptor>
    </event>
    <event id="79" start_time="2016-10-26 09:00:00" duration="21600">
      <short_event_descriptor lang="alb" name="Ndihma e Klientit" />
      <extended_event_descriptor lang="alb">
        <text />
      </extended_event_descriptor>
    </event>
    <event id="80" start_time="2016-10-26 15:00:00" duration="32400">
      <short_event_descriptor lang="alb" name="Digitalb Zone">Program Special</short_event_descriptor>
      <extended_event_descriptor lang="alb">
        <text />
      </extended_event_descriptor>
    </event>
    <event id="81" start_time="2016-10-27 00:00:00" duration="14400">
      <short_event_descriptor lang="alb" name="Ndihma e Klientit" />
      <extended_event_descriptor lang="alb">
        <text />
      </extended_event_descriptor>
    </event>
    <event id="82" start_time="2016-10-27 04:00:00" duration="18000">
      <short_event_descriptor lang="alb" name="Ndihma e Klientit" />
      <extended_event_descriptor lang="alb">
        <text />
      </extended_event_descriptor>
    </event>
    <event id="83" start_time="2016-10-27 09:00:00" duration="21600">
      <short_event_descriptor lang="alb" name="Ndihma e Klientit" />
      <extended_event_descriptor lang="alb">
        <text />
      </extended_event_descriptor>
    </event>
    <event id="84" start_time="2016-10-27 15:00:00" duration="32400">
      <short_event_descriptor lang="alb" name="Digitalb Zone">Program Special</short_event_descriptor>
      <extended_event_descriptor lang="alb">
        <text />
      </extended_event_descriptor>
    </event>
    <event id="85" start_time="2016-10-28 00:00:00" duration="14400">
      <short_event_descriptor lang="alb" name="Ndihma e Klientit" />
      <extended_event_descriptor lang="alb">
        <text />
      </extended_event_descriptor>
    </event>
    <event id="86" start_time="2016-10-28 04:00:00" duration="18000">
      <short_event_descriptor lang="alb" name="Ndihma e Klientit" />
      <extended_event_descriptor lang="alb">
        <text />
      </extended_event_descriptor>
    </event>
    <event id="87" start_time="2016-10-28 09:00:00" duration="21600">
      <short_event_descriptor lang="alb" name="Ndihma e Klientit" />
      <extended_event_descriptor lang="alb">
        <text />
      </extended_event_descriptor>
    </event>
    <event id="88" start_time="2016-10-28 15:00:00" duration="32400">
      <short_event_descriptor lang="alb" name="Digitalb Zone">Program Special</short_event_descriptor>
      <extended_event_descriptor lang="alb">
        <text />
      </extended_event_descriptor>
    </event>
    <event id="89" start_time="2016-10-29 00:00:00" duration="14400">
      <short_event_descriptor lang="alb" name="Ndihma e Klientit" />
      <extended_event_descriptor lang="alb">
        <text />
      </extended_event_descriptor>
    </event>
    <event id="90" start_time="2016-10-29 04:00:00" duration="18000">
      <short_event_descriptor lang="alb" name="Ndihma e Klientit" />
      <extended_event_descriptor lang="alb">
        <text />
      </extended_event_descriptor>
    </event>
    <event id="91" start_time="2016-10-29 09:00:00" duration="21600">
      <short_event_descriptor lang="alb" name="Ndihma e Klientit" />
      <extended_event_descriptor lang="alb">
        <text />
      </extended_event_descriptor>
    </event>
    <event id="92" start_time="2016-10-29 15:00:00" duration="32400">
      <short_event_descriptor lang="alb" name="Digitalb Zone">Program Special</short_event_descriptor>
      <extended_event_descriptor lang="alb">
        <text />
      </extended_event_descriptor>
    </event>
    <event id="93" start_time="2016-10-30 01:00:00" duration="14400">
      <short_event_descriptor lang="alb" name="Ndihma e Klientit" />
      <extended_event_descriptor lang="alb">
        <text />
      </extended_event_descriptor>
    </event>
    <event id="94" start_time="2016-10-30 05:00:00" duration="18000">
      <short_event_descriptor lang="alb" name="Ndihma e Klientit" />
      <extended_event_descriptor lang="alb">
        <text />
      </extended_event_descriptor>
    </event>
    <event id="95" start_time="2016-10-30 10:00:00" duration="21600">
      <short_event_descriptor lang="alb" name="Ndihma e Klientit" />
      <extended_event_descriptor lang="alb">
        <text />
      </extended_event_descriptor>
    </event>
    <event id="96" start_time="2016-10-30 16:00:00" duration="32400">
      <short_event_descriptor lang="alb" name="Digitalb Zone">Program Special</short_event_descriptor>
      <extended_event_descriptor lang="alb">
        <text />
      </extended_event_descriptor>
    </event>
    <event id="97" start_time="2016-10-31 01:00:00" duration="14400">
      <short_event_descriptor lang="alb" name="Ndihma e Klientit" />
      <extended_event_descriptor lang="alb">
        <text />
      </extended_event_descriptor>
    </event>
    <event id="98" start_time="2016-10-31 05:00:00" duration="18000">
      <short_event_descriptor lang="alb" name="Ndihma e Klientit" />
      <extended_event_descriptor lang="alb">
        <text />
      </extended_event_descriptor>
    </event>
    <event id="99" start_time="2016-10-31 10:00:00" duration="21600">
      <short_event_descriptor lang="alb" name="Ndihma e Klientit" />
      <extended_event_descriptor lang="alb">
        <text />
      </extended_event_descriptor>
    </event>
    <event id="100" start_time="2016-10-31 16:00:00" duration="32400">
      <short_event_descriptor lang="alb" name="Digitalb Zone">Program Special</short_event_descriptor>
      <extended_event_descriptor lang="alb">
        <text />
      </extended_event_descriptor>
    </event>
    <event id="101" start_time="2016-11-01 01:00:00" duration="14400">
      <short_event_descriptor lang="alb" name="Ndihma e Klientit" />
      <extended_event_descriptor lang="alb">
        <text />
      </extended_event_descriptor>
    </event>
  </channel>
</WIDECAST_DVB>