<?xml version="1.0" encoding="ISO-8859-1"?>
<WIDECAST_DVB>
  <channel name="Discovery Turbo Xtra">
    <event id="0" start_time="2021-12-08 11:40:00" duration="5400">
      <short_event_descriptor lang="alb" name="Wheeler Dealers ">Documentary</short_event_descriptor>
      <extended_event_descriptor lang="alb">
        <text>Car legends Mike Brewer and Edd China are taking the biggest risk of their car careers. They're opening a shop in the extremely competitive West Coast of America...
</text>
      </extended_event_descriptor>
    </event>
    <event id="1" start_time="2021-12-08 13:10:00" duration="5400">
      <short_event_descriptor lang="alb" name="Kindig Customs">Documentary</short_event_descriptor>
      <extended_event_descriptor lang="alb">
        <text>Dave turns an outdated 1953 Chevy into a modern badass hotrod. Later, Kevin and Dave take a 1965 Ford Galaxie for a major burn.</text>
      </extended_event_descriptor>
    </event>
    <event id="2" start_time="2021-12-08 14:40:00" duration="2700">
      <short_event_descriptor lang="alb" name="How it's Made.">Documentary</short_event_descriptor>
      <extended_event_descriptor lang="alb">
        <text>More everyday items go under the microscope as we find out how carpets, drinking water and acoustic guitars are made.
</text>
      </extended_event_descriptor>
    </event>
    <event id="3" start_time="2021-12-08 15:25:00" duration="2400">
      <short_event_descriptor lang="alb" name="Misfit Garage ">Documentary</short_event_descriptor>
      <extended_event_descriptor lang="alb">
        <text>Misfit Garage features four mechanics who have all done business with Richard Rawling's Gas Monkey Garage and join forces to create their own hot rod shop to rival Gas Monkey...</text>
      </extended_event_descriptor>
    </event>
    <event id="4" start_time="2021-12-08 16:05:00" duration="5400">
      <short_event_descriptor lang="alb" name="Wheeler Dealers ">Documentary</short_event_descriptor>
      <extended_event_descriptor lang="alb">
        <text>Car legends Mike Brewer and Edd China are taking the biggest risk of their car careers. They're opening a shop in the extremely competitive West Coast of America...
</text>
      </extended_event_descriptor>
    </event>
    <event id="5" start_time="2021-12-08 17:35:00" duration="5100">
      <short_event_descriptor lang="alb" name="Kindig Customs">Documentary</short_event_descriptor>
      <extended_event_descriptor lang="alb">
        <text>From his sprawling custom fabrication shop, Dave Kindig and his team use vehicles as their canvases to create extraordinary works of art for car lovers.</text>
      </extended_event_descriptor>
    </event>
    <event id="6" start_time="2021-12-08 19:00:00" duration="2700">
      <short_event_descriptor lang="alb" name="Wheeler Dealers ">Documentary</short_event_descriptor>
      <extended_event_descriptor lang="alb">
        <text>Car legends Mike Brewer and Edd China are taking the biggest risk of their car careers. They're opening a shop in the extremely competitive West Coast of America...
</text>
      </extended_event_descriptor>
    </event>
    <event id="7" start_time="2021-12-08 19:45:00" duration="5400">
      <short_event_descriptor lang="alb" name="Inside West Coast Customs">Documentary</short_event_descriptor>
      <extended_event_descriptor lang="alb">
        <text>Besides being a chart topping musician, Kid Rock is also a collector of music history. And, he has Waylon Jennings' Cadillac El Dorado that is in need of some love.</text>
      </extended_event_descriptor>
    </event>
    <event id="8" start_time="2021-12-08 21:15:00" duration="5400">
      <short_event_descriptor lang="alb" name="The Fastest Cars In The Dirty ">Documentary</short_event_descriptor>
      <extended_event_descriptor lang="alb">
        <text>Eric Malone and his grudge racing crew customise, restore and create standout cars and compete against other teams in a sport that requires big engines</text>
      </extended_event_descriptor>
    </event>
    <event id="9" start_time="2021-12-08 22:45:00" duration="8100">
      <short_event_descriptor lang="alb" name="Wheeler Dealers ">Documentary</short_event_descriptor>
      <extended_event_descriptor lang="alb">
        <text>Car legends Mike Brewer and Edd China are taking the biggest risk of their car careers. They're opening a shop in the extremely competitive West Coast of America...
</text>
      </extended_event_descriptor>
    </event>
    <event id="10" start_time="2021-12-09 01:00:00" duration="5400">
      <short_event_descriptor lang="alb" name="Kindig Customs">Documentary</short_event_descriptor>
      <extended_event_descriptor lang="alb">
        <text>Dave turns an outdated 1953 Chevy into a modern badass hotrod. Later, Kevin and Dave take a 1965 Ford Galaxie for a major burn.</text>
      </extended_event_descriptor>
    </event>
    <event id="11" start_time="2021-12-09 02:30:00" duration="2700">
      <short_event_descriptor lang="alb" name="How it's Made.">Documentary</short_event_descriptor>
      <extended_event_descriptor lang="alb">
        <text>More everyday items go under the microscope as we find out how carpets, drinking water and acoustic guitars are made.
</text>
      </extended_event_descriptor>
    </event>
    <event id="12" start_time="2021-12-09 03:15:00" duration="2700">
      <short_event_descriptor lang="alb" name="Dallas Car Sharks ">Documentary</short_event_descriptor>
      <extended_event_descriptor lang="alb">
        <text>Enter the Lone Star State, where tough-talking, larger-than-life car enthusiasts from across America gather to participate in the ultra-competitive world of car flipping...
</text>
      </extended_event_descriptor>
    </event>
    <event id="13" start_time="2021-12-09 04:00:00" duration="1200">
      <short_event_descriptor lang="alb" name="Car Fix">Documentary</short_event_descriptor>
      <extended_event_descriptor lang="alb">
        <text>Jared and Lou work on their first Dodge Viper. Why not start with a bolt-on supercharger with long tube headers and exhaust? It's the Car Fix way go big, or go home.</text>
      </extended_event_descriptor>
    </event>
    <event id="14" start_time="2021-12-09 04:20:00" duration="5400">
      <short_event_descriptor lang="alb" name="Wheeler Dealers ">Documentary</short_event_descriptor>
      <extended_event_descriptor lang="alb">
        <text>Car legends Mike Brewer and Edd China are taking the biggest risk of their car careers. They're opening a shop in the extremely competitive West Coast of America...
</text>
      </extended_event_descriptor>
    </event>
    <event id="15" start_time="2021-12-09 05:50:00" duration="7800">
      <short_event_descriptor lang="alb" name="Kindig Customs">Documentary</short_event_descriptor>
      <extended_event_descriptor lang="alb">
        <text>Dave turns an outdated 1953 Chevy into a modern badass hotrod. Later, Kevin and Dave take a 1965 Ford Galaxie for a major burn.</text>
      </extended_event_descriptor>
    </event>
    <event id="16" start_time="2021-12-09 08:00:00" duration="5400">
      <short_event_descriptor lang="alb" name="Inside West Coast Customs">Documentary</short_event_descriptor>
      <extended_event_descriptor lang="alb">
        <text>Besides being a chart topping musician, Kid Rock is also a collector of music history. And, he has Waylon Jennings' Cadillac El Dorado that is in need of some love.</text>
      </extended_event_descriptor>
    </event>
    <event id="17" start_time="2021-12-09 09:30:00" duration="5400">
      <short_event_descriptor lang="alb" name="The Fastest Cars In The Dirty ">Documentary</short_event_descriptor>
      <extended_event_descriptor lang="alb">
        <text>Eric Malone and his grudge racing crew customise, restore and create standout cars and compete against other teams in a sport that requires big engines</text>
      </extended_event_descriptor>
    </event>
    <event id="18" start_time="2021-12-09 11:00:00" duration="2400">
      <short_event_descriptor lang="alb" name="Street Outlaws ">Documentary</short_event_descriptor>
      <extended_event_descriptor lang="alb">
        <text>Oklahoma City's street racers compete for spots on their top ten list. Tensions run high and fights break out that leave shockwaves throughout this racing community</text>
      </extended_event_descriptor>
    </event>
    <event id="19" start_time="2021-12-09 11:40:00" duration="5400">
      <short_event_descriptor lang="alb" name="Wheeler Dealers ">Documentary</short_event_descriptor>
      <extended_event_descriptor lang="alb">
        <text>Car legends Mike Brewer and Edd China are taking the biggest risk of their car careers. They're opening a shop in the extremely competitive West Coast of America...
</text>
      </extended_event_descriptor>
    </event>
    <event id="20" start_time="2021-12-09 13:10:00" duration="5400">
      <short_event_descriptor lang="alb" name="Kindig Customs">Documentary</short_event_descriptor>
      <extended_event_descriptor lang="alb">
        <text>Dave turns an outdated 1953 Chevy into a modern badass hotrod. Later, Kevin and Dave take a 1965 Ford Galaxie for a major burn.</text>
      </extended_event_descriptor>
    </event>
    <event id="21" start_time="2021-12-09 14:40:00" duration="2700">
      <short_event_descriptor lang="alb" name="How it's Made.">Documentary</short_event_descriptor>
      <extended_event_descriptor lang="alb">
        <text>More everyday items go under the microscope as we find out how carpets, drinking water and acoustic guitars are made.
</text>
      </extended_event_descriptor>
    </event>
    <event id="22" start_time="2021-12-09 15:25:00" duration="2700">
      <short_event_descriptor lang="alb" name="Diesel Brothers">Documentary</short_event_descriptor>
      <extended_event_descriptor lang="alb">
        <text>When The Muscle buys a battered El Camino to fix and sell on, the size of the job gets the better of them. Plus, how will they get on with a Ford F650? </text>
      </extended_event_descriptor>
    </event>
    <event id="23" start_time="2021-12-09 16:10:00" duration="5100">
      <short_event_descriptor lang="alb" name="Wheeler Dealers ">Documentary</short_event_descriptor>
      <extended_event_descriptor lang="alb">
        <text>Car legends Mike Brewer and Edd China are taking the biggest risk of their car careers. They're opening a shop in the extremely competitive West Coast of America...
</text>
      </extended_event_descriptor>
    </event>
    <event id="24" start_time="2021-12-09 17:35:00" duration="5100">
      <short_event_descriptor lang="alb" name="Kindig Customs">Documentary</short_event_descriptor>
      <extended_event_descriptor lang="alb">
        <text>Dave turns an outdated 1953 Chevy into a modern badass hotrod. Later, Kevin and Dave take a 1965 Ford Galaxie for a major burn.</text>
      </extended_event_descriptor>
    </event>
    <event id="25" start_time="2021-12-09 19:00:00" duration="2700">
      <short_event_descriptor lang="alb" name="Misfit Garage ">Documentary</short_event_descriptor>
      <extended_event_descriptor lang="alb">
        <text>Misfit Garage features four mechanics who have all done business with Richard Rawling's Gas Monkey Garage and join forces to create their own hot rod shop to rival Gas Monkey...</text>
      </extended_event_descriptor>
    </event>
    <event id="26" start_time="2021-12-09 19:45:00" duration="5400">
      <short_event_descriptor lang="alb" name="Inside West Coast Customs">Documentary</short_event_descriptor>
      <extended_event_descriptor lang="alb">
        <text>Besides being a chart topping musician, Kid Rock is also a collector of music history. And, he has Waylon Jennings' Cadillac El Dorado that is in need of some love.</text>
      </extended_event_descriptor>
    </event>
    <event id="27" start_time="2021-12-09 21:15:00" duration="5400">
      <short_event_descriptor lang="alb" name="The Fastest Cars In The Dirty ">Documentary</short_event_descriptor>
      <extended_event_descriptor lang="alb">
        <text>Eric Malone and his grudge racing crew customise, restore and create standout cars and compete against other teams in a sport that requires big engines</text>
      </extended_event_descriptor>
    </event>
    <event id="28" start_time="2021-12-09 22:45:00" duration="8100">
      <short_event_descriptor lang="alb" name="Wheeler Dealers ">Documentary</short_event_descriptor>
      <extended_event_descriptor lang="alb">
        <text>Car legends Mike Brewer and Edd China are taking the biggest risk of their car careers. They're opening a shop in the extremely competitive West Coast of America...
</text>
      </extended_event_descriptor>
    </event>
    <event id="29" start_time="2021-12-10 01:00:00" duration="5400">
      <short_event_descriptor lang="alb" name="Kindig Customs">Documentary</short_event_descriptor>
      <extended_event_descriptor lang="alb">
        <text>From his sprawling custom fabrication shop, Dave Kindig and his team use vehicles as their canvases to create extraordinary works of art for car lovers.</text>
      </extended_event_descriptor>
    </event>
    <event id="30" start_time="2021-12-10 02:30:00" duration="2700">
      <short_event_descriptor lang="alb" name="How it's Made.">Documentary</short_event_descriptor>
      <extended_event_descriptor lang="alb">
        <text>More everyday items go under the microscope as we find out how carpets, drinking water and acoustic guitars are made.
</text>
      </extended_event_descriptor>
    </event>
    <event id="31" start_time="2021-12-10 03:15:00" duration="2700">
      <short_event_descriptor lang="alb" name="Dallas Car Sharks ">Documentary</short_event_descriptor>
      <extended_event_descriptor lang="alb">
        <text>Enter the Lone Star State, where tough-talking, larger-than-life car enthusiasts from across America gather to participate in the ultra-competitive world of car flipping...
</text>
      </extended_event_descriptor>
    </event>
    <event id="32" start_time="2021-12-10 04:00:00" duration="1200">
      <short_event_descriptor lang="alb" name="Car Fix">Documentary</short_event_descriptor>
      <extended_event_descriptor lang="alb">
        <text>Jared and Lou work on their first Dodge Viper. Why not start with a bolt-on supercharger with long tube headers and exhaust? It's the Car Fix way go big, or go home.</text>
      </extended_event_descriptor>
    </event>
    <event id="33" start_time="2021-12-10 04:20:00" duration="5400">
      <short_event_descriptor lang="alb" name="Wheeler Dealers ">Documentary</short_event_descriptor>
      <extended_event_descriptor lang="alb">
        <text>Car legends Mike Brewer and Edd China are taking the biggest risk of their car careers. They're opening a shop in the extremely competitive West Coast of America...
</text>
      </extended_event_descriptor>
    </event>
    <event id="34" start_time="2021-12-10 05:50:00" duration="7800">
      <short_event_descriptor lang="alb" name="Kindig Customs">Documentary</short_event_descriptor>
      <extended_event_descriptor lang="alb">
        <text>Dave turns an outdated 1953 Chevy into a modern badass hotrod. Later, Kevin and Dave take a 1965 Ford Galaxie for a major burn.</text>
      </extended_event_descriptor>
    </event>
    <event id="35" start_time="2021-12-10 08:00:00" duration="5400">
      <short_event_descriptor lang="alb" name="Inside West Coast Customs">Documentary</short_event_descriptor>
      <extended_event_descriptor lang="alb">
        <text>Besides being a chart topping musician, Kid Rock is also a collector of music history. And, he has Waylon Jennings' Cadillac El Dorado that is in need of some love.</text>
      </extended_event_descriptor>
    </event>
    <event id="36" start_time="2021-12-10 09:30:00" duration="5400">
      <short_event_descriptor lang="alb" name="The Fastest Cars In The Dirty ">Documentary</short_event_descriptor>
      <extended_event_descriptor lang="alb">
        <text>Eric Malone and his grudge racing crew customise, restore and create standout cars and compete against other teams in a sport that requires big engines</text>
      </extended_event_descriptor>
    </event>
    <event id="37" start_time="2021-12-10 11:00:00" duration="2400">
      <short_event_descriptor lang="alb" name="Misfit Garage ">Documentary</short_event_descriptor>
      <extended_event_descriptor lang="alb">
        <text>Misfit Garage features four mechanics who have all done business with Richard Rawling's Gas Monkey Garage and join forces to create their own hot rod shop to rival Gas Monkey...</text>
      </extended_event_descriptor>
    </event>
    <event id="38" start_time="2021-12-10 11:40:00" duration="5400">
      <short_event_descriptor lang="alb" name="Wheeler Dealers ">Documentary</short_event_descriptor>
      <extended_event_descriptor lang="alb">
        <text>Car legends Mike Brewer and Edd China are taking the biggest risk of their car careers. They're opening a shop in the extremely competitive West Coast of America...
</text>
      </extended_event_descriptor>
    </event>
    <event id="39" start_time="2021-12-10 13:10:00" duration="5400">
      <short_event_descriptor lang="alb" name="Kindig Customs">Documentary</short_event_descriptor>
      <extended_event_descriptor lang="alb">
        <text>Dave turns an outdated 1953 Chevy into a modern badass hotrod. Later, Kevin and Dave take a 1965 Ford Galaxie for a major burn.</text>
      </extended_event_descriptor>
    </event>
    <event id="40" start_time="2021-12-10 14:40:00" duration="2700">
      <short_event_descriptor lang="alb" name="How it's Made.">Documentary</short_event_descriptor>
      <extended_event_descriptor lang="alb">
        <text>More everyday items go under the microscope as we find out how carpets, drinking water and acoustic guitars are made.
</text>
      </extended_event_descriptor>
    </event>
    <event id="41" start_time="2021-12-10 15:25:00" duration="7800">
      <short_event_descriptor lang="alb" name="Wheeler Dealers ">Documentary</short_event_descriptor>
      <extended_event_descriptor lang="alb">
        <text>Car legends Mike Brewer and Edd China are taking the biggest risk of their car careers. They're opening a shop in the extremely competitive West Coast of America...
</text>
      </extended_event_descriptor>
    </event>
    <event id="42" start_time="2021-12-10 17:35:00" duration="5100">
      <short_event_descriptor lang="alb" name="Kindig Customs">Documentary</short_event_descriptor>
      <extended_event_descriptor lang="alb">
        <text>From his sprawling custom fabrication shop, Dave Kindig and his team use vehicles as their canvases to create extraordinary works of art for car lovers.</text>
      </extended_event_descriptor>
    </event>
    <event id="43" start_time="2021-12-10 19:00:00" duration="2700">
      <short_event_descriptor lang="alb" name="Extreme Car Hoarders">Documentary</short_event_descriptor>
      <extended_event_descriptor lang="alb">
        <text>Chuck and Rick meet Pete who has a hoard full of Chevy Novas and Buick Specials that have seen better days. Can they convince him to part with his hoard</text>
      </extended_event_descriptor>
    </event>
    <event id="44" start_time="2021-12-10 19:45:00" duration="5400">
      <short_event_descriptor lang="alb" name="Inside West Coast Customs">Documentary</short_event_descriptor>
      <extended_event_descriptor lang="alb">
        <text>Besides being a chart topping musician, Kid Rock is also a collector of music history. And, he has Waylon Jennings' Cadillac El Dorado that is in need of some love.</text>
      </extended_event_descriptor>
    </event>
    <event id="45" start_time="2021-12-10 21:15:00" duration="5400">
      <short_event_descriptor lang="alb" name="The Fastest Cars In The Dirty ">Documentary</short_event_descriptor>
      <extended_event_descriptor lang="alb">
        <text>Eric Malone and his grudge racing crew customise, restore and create standout cars and compete against other teams in a sport that requires big engines</text>
      </extended_event_descriptor>
    </event>
    <event id="46" start_time="2021-12-10 22:45:00" duration="2700">
      <short_event_descriptor lang="alb" name="Street Outlaws ">Documentary</short_event_descriptor>
      <extended_event_descriptor lang="alb">
        <text>Oklahoma City's street racers compete for spots on their top ten list. Tensions run high and fights break out that leave shockwaves throughout this racing community</text>
      </extended_event_descriptor>
    </event>
    <event id="47" start_time="2021-12-10 23:30:00" duration="5400">
      <short_event_descriptor lang="alb" name="Wheeler Dealers ">Documentary</short_event_descriptor>
      <extended_event_descriptor lang="alb">
        <text>Car legends Mike Brewer and Edd China are taking the biggest risk of their car careers. They're opening a shop in the extremely competitive West Coast of America...
</text>
      </extended_event_descriptor>
    </event>
    <event id="48" start_time="2021-12-11 01:00:00" duration="5400">
      <short_event_descriptor lang="alb" name="Kindig Customs">Documentary</short_event_descriptor>
      <extended_event_descriptor lang="alb">
        <text>From his sprawling custom fabrication shop, Dave Kindig and his team use vehicles as their canvases to create extraordinary works of art for car lovers.</text>
      </extended_event_descriptor>
    </event>
    <event id="49" start_time="2021-12-11 02:30:00" duration="2700">
      <short_event_descriptor lang="alb" name="How it's Made.">Documentary</short_event_descriptor>
      <extended_event_descriptor lang="alb">
        <text>More everyday items go under the microscope as we find out how carpets, drinking water and acoustic guitars are made.
</text>
      </extended_event_descriptor>
    </event>
    <event id="50" start_time="2021-12-11 03:15:00" duration="2700">
      <short_event_descriptor lang="alb" name="Dallas Car Sharks ">Documentary</short_event_descriptor>
      <extended_event_descriptor lang="alb">
        <text>Enter the Lone Star State, where tough-talking, larger-than-life car enthusiasts from across America gather to participate in the ultra-competitive world of car flipping...
</text>
      </extended_event_descriptor>
    </event>
    <event id="51" start_time="2021-12-11 04:00:00" duration="1200">
      <short_event_descriptor lang="alb" name="Car Fix">Documentary</short_event_descriptor>
      <extended_event_descriptor lang="alb">
        <text>Jared and Lou work on their first Dodge Viper. Why not start with a bolt-on supercharger with long tube headers and exhaust? It's the Car Fix way go big, or go home.</text>
      </extended_event_descriptor>
    </event>
    <event id="52" start_time="2021-12-11 04:20:00" duration="5400">
      <short_event_descriptor lang="alb" name="Wheeler Dealers ">Documentary</short_event_descriptor>
      <extended_event_descriptor lang="alb">
        <text>Car legends Mike Brewer and Edd China are taking the biggest risk of their car careers. They're opening a shop in the extremely competitive West Coast of America...
</text>
      </extended_event_descriptor>
    </event>
    <event id="53" start_time="2021-12-11 05:50:00" duration="7800">
      <short_event_descriptor lang="alb" name="Kindig Customs">Documentary</short_event_descriptor>
      <extended_event_descriptor lang="alb">
        <text>Dave turns an outdated 1953 Chevy into a modern badass hotrod. Later, Kevin and Dave take a 1965 Ford Galaxie for a major burn.</text>
      </extended_event_descriptor>
    </event>
    <event id="54" start_time="2021-12-11 08:00:00" duration="5400">
      <short_event_descriptor lang="alb" name="Inside West Coast Customs">Documentary</short_event_descriptor>
      <extended_event_descriptor lang="alb">
        <text>Besides being a chart topping musician, Kid Rock is also a collector of music history. And, he has Waylon Jennings' Cadillac El Dorado that is in need of some love.</text>
      </extended_event_descriptor>
    </event>
    <event id="55" start_time="2021-12-11 09:30:00" duration="5400">
      <short_event_descriptor lang="alb" name="The Fastest Cars In The Dirty ">Documentary</short_event_descriptor>
      <extended_event_descriptor lang="alb">
        <text>Eric Malone and his grudge racing crew customise, restore and create standout cars and compete against other teams in a sport that requires big engines</text>
      </extended_event_descriptor>
    </event>
    <event id="56" start_time="2021-12-11 11:00:00" duration="7800">
      <short_event_descriptor lang="alb" name="Wheeler Dealers ">Documentary</short_event_descriptor>
      <extended_event_descriptor lang="alb">
        <text>Car legends Mike Brewer and Edd China are taking the biggest risk of their car careers. They're opening a shop in the extremely competitive West Coast of America...
</text>
      </extended_event_descriptor>
    </event>
    <event id="57" start_time="2021-12-11 13:10:00" duration="5400">
      <short_event_descriptor lang="alb" name="Kindig Customs">Documentary</short_event_descriptor>
      <extended_event_descriptor lang="alb">
        <text>From his sprawling custom fabrication shop, Dave Kindig and his team use vehicles as their canvases to create extraordinary works of art for car lovers.</text>
      </extended_event_descriptor>
    </event>
    <event id="58" start_time="2021-12-11 14:40:00" duration="2400">
      <short_event_descriptor lang="alb" name="How it's Made.">Documentary</short_event_descriptor>
      <extended_event_descriptor lang="alb">
        <text>More everyday items go under the microscope as we find out how carpets, drinking water and acoustic guitars are made.
</text>
      </extended_event_descriptor>
    </event>
    <event id="59" start_time="2021-12-11 15:20:00" duration="8100">
      <short_event_descriptor lang="alb" name="Wheeler Dealers ">Documentary</short_event_descriptor>
      <extended_event_descriptor lang="alb">
        <text>Car legends Mike Brewer and Edd China are taking the biggest risk of their car careers. They're opening a shop in the extremely competitive West Coast of America...
</text>
      </extended_event_descriptor>
    </event>
    <event id="60" start_time="2021-12-11 17:35:00" duration="5100">
      <short_event_descriptor lang="alb" name="Kindig Customs">Documentary</short_event_descriptor>
      <extended_event_descriptor lang="alb">
        <text>Dave turns an outdated 1953 Chevy into a modern badass hotrod. Later, Kevin and Dave take a 1965 Ford Galaxie for a major burn.</text>
      </extended_event_descriptor>
    </event>
    <event id="61" start_time="2021-12-11 19:00:00" duration="2700">
      <short_event_descriptor lang="alb" name="Extreme Car Hoarders">Documentary</short_event_descriptor>
      <extended_event_descriptor lang="alb">
        <text>Chuck and Rick meet Pete who has a hoard full of Chevy Novas and Buick Specials that have seen better days. Can they convince him to part with his hoard</text>
      </extended_event_descriptor>
    </event>
    <event id="62" start_time="2021-12-11 19:45:00" duration="5400">
      <short_event_descriptor lang="alb" name="Iron Resurrection">Documentary</short_event_descriptor>
      <extended_event_descriptor lang="alb">
        <text>Biker Build-Off winner Joe Martin brings new life to old iron at his shop Joe Martin Customs</text>
      </extended_event_descriptor>
    </event>
    <event id="63" start_time="2021-12-11 21:15:00" duration="2700">
      <short_event_descriptor lang="alb" name="The Fastest Cars In The Dirty ">Documentary</short_event_descriptor>
      <extended_event_descriptor lang="alb">
        <text>Eric Malone and his grudge racing crew customise, restore and create standout cars and compete against other teams in a sport that requires big engines</text>
      </extended_event_descriptor>
    </event>
    <event id="64" start_time="2021-12-11 22:00:00" duration="2700">
      <short_event_descriptor lang="alb" name="Texas Metal">Documentary</short_event_descriptor>
      <extended_event_descriptor lang="alb">
        <text>Bill and the team customise a brand-new F350 with less than 600 miles on it. They lower it with a handmade air-ride and add a one-of-a-kind hitch.</text>
      </extended_event_descriptor>
    </event>
    <event id="65" start_time="2021-12-11 22:45:00" duration="2700">
      <short_event_descriptor lang="alb" name="Extreme Car Hoarders">Documentary</short_event_descriptor>
      <extended_event_descriptor lang="alb">
        <text>Chuck Palumbo and Rick Dore attempt to convince Kregg to part with his huge hoard of Corvairs. In return they promise to transform his beat-up van.</text>
      </extended_event_descriptor>
    </event>
    <event id="66" start_time="2021-12-11 23:30:00" duration="5400">
      <short_event_descriptor lang="alb" name="Wheeler Dealers ">Documentary</short_event_descriptor>
      <extended_event_descriptor lang="alb">
        <text>Car legends Mike Brewer and Edd China are taking the biggest risk of their car careers. They're opening a shop in the extremely competitive West Coast of America...
</text>
      </extended_event_descriptor>
    </event>
    <event id="67" start_time="2021-12-12 01:00:00" duration="5400">
      <short_event_descriptor lang="alb" name="Kindig Customs">Documentary</short_event_descriptor>
      <extended_event_descriptor lang="alb">
        <text>Dave turns an outdated 1953 Chevy into a modern badass hotrod. Later, Kevin and Dave take a 1965 Ford Galaxie for a major burn.</text>
      </extended_event_descriptor>
    </event>
    <event id="68" start_time="2021-12-12 02:30:00" duration="2700">
      <short_event_descriptor lang="alb" name="How it's Made.">Documentary</short_event_descriptor>
      <extended_event_descriptor lang="alb">
        <text>More everyday items go under the microscope as we find out how carpets, drinking water and acoustic guitars are made.
</text>
      </extended_event_descriptor>
    </event>
    <event id="69" start_time="2021-12-12 03:15:00" duration="2700">
      <short_event_descriptor lang="alb" name="Dallas Car Sharks ">Documentary</short_event_descriptor>
      <extended_event_descriptor lang="alb">
        <text>Enter the Lone Star State, where tough-talking, larger-than-life car enthusiasts from across America gather to participate in the ultra-competitive world of car flipping...
</text>
      </extended_event_descriptor>
    </event>
    <event id="70" start_time="2021-12-12 04:00:00" duration="1200">
      <short_event_descriptor lang="alb" name="Car Fix">Documentary</short_event_descriptor>
      <extended_event_descriptor lang="alb">
        <text>Jared and Lou work on their first Dodge Viper. Why not start with a bolt-on supercharger with long tube headers and exhaust? It's the Car Fix way go big, or go home.</text>
      </extended_event_descriptor>
    </event>
    <event id="71" start_time="2021-12-12 04:20:00" duration="5400">
      <short_event_descriptor lang="alb" name="Wheeler Dealers ">Documentary</short_event_descriptor>
      <extended_event_descriptor lang="alb">
        <text>Car legends Mike Brewer and Edd China are taking the biggest risk of their car careers. They're opening a shop in the extremely competitive West Coast of America...
</text>
      </extended_event_descriptor>
    </event>
    <event id="72" start_time="2021-12-12 05:50:00" duration="7800">
      <short_event_descriptor lang="alb" name="Kindig Customs">Documentary</short_event_descriptor>
      <extended_event_descriptor lang="alb">
        <text>From his sprawling custom fabrication shop, Dave Kindig and his team use vehicles as their canvases to create extraordinary works of art for car lovers.</text>
      </extended_event_descriptor>
    </event>
    <event id="73" start_time="2021-12-12 08:00:00" duration="5400">
      <short_event_descriptor lang="alb" name="Iron Resurrection">Documentary</short_event_descriptor>
      <extended_event_descriptor lang="alb">
        <text>Biker Build-Off winner Joe Martin brings new life to old iron at his shop Joe Martin Customs</text>
      </extended_event_descriptor>
    </event>
    <event id="74" start_time="2021-12-12 09:30:00" duration="5400">
      <short_event_descriptor lang="alb" name="The Fastest Cars In The Dirty ">Documentary</short_event_descriptor>
      <extended_event_descriptor lang="alb">
        <text>Eric Malone and his grudge racing crew customise, restore and create standout cars and compete against other teams in a sport that requires big engines</text>
      </extended_event_descriptor>
    </event>
    <event id="75" start_time="2021-12-12 11:00:00" duration="2700">
      <short_event_descriptor lang="alb" name="Extreme Car Hoarders">Documentary</short_event_descriptor>
      <extended_event_descriptor lang="alb">
        <text>Chuck and Rick meet Pete who has a hoard full of Chevy Novas and Buick Specials that have seen better days. Can they convince him to part with his hoard</text>
      </extended_event_descriptor>
    </event>
    <event id="76" start_time="2021-12-12 11:45:00" duration="5100">
      <short_event_descriptor lang="alb" name="Wheeler Dealers ">Documentary</short_event_descriptor>
      <extended_event_descriptor lang="alb">
        <text>Car legends Mike Brewer and Edd China are taking the biggest risk of their car careers. They're opening a shop in the extremely competitive West Coast of America...
</text>
      </extended_event_descriptor>
    </event>
    <event id="77" start_time="2021-12-12 13:10:00" duration="5400">
      <short_event_descriptor lang="alb" name="Kindig Customs">Documentary</short_event_descriptor>
      <extended_event_descriptor lang="alb">
        <text>Dave turns an outdated 1953 Chevy into a modern badass hotrod. Later, Kevin and Dave take a 1965 Ford Galaxie for a major burn.</text>
      </extended_event_descriptor>
    </event>
    <event id="78" start_time="2021-12-12 14:40:00" duration="2700">
      <short_event_descriptor lang="alb" name="How it's Made.">Documentary</short_event_descriptor>
      <extended_event_descriptor lang="alb">
        <text>More everyday items go under the microscope as we find out how carpets, drinking water and acoustic guitars are made.
</text>
      </extended_event_descriptor>
    </event>
    <event id="79" start_time="2021-12-12 15:25:00" duration="2400">
      <short_event_descriptor lang="alb" name="Extreme Car Hoarders">Documentary</short_event_descriptor>
      <extended_event_descriptor lang="alb">
        <text>Chuck and Rick meet Pete who has a hoard full of Chevy Novas and Buick Specials that have seen better days. Can they convince him to part with his hoard</text>
      </extended_event_descriptor>
    </event>
    <event id="80" start_time="2021-12-12 16:05:00" duration="5400">
      <short_event_descriptor lang="alb" name="Wheeler Dealers ">Documentary</short_event_descriptor>
      <extended_event_descriptor lang="alb">
        <text>Car legends Mike Brewer and Edd China are taking the biggest risk of their car careers. They're opening a shop in the extremely competitive West Coast of America...
</text>
      </extended_event_descriptor>
    </event>
    <event id="81" start_time="2021-12-12 17:35:00" duration="5100">
      <short_event_descriptor lang="alb" name="Kindig Customs">Documentary</short_event_descriptor>
      <extended_event_descriptor lang="alb">
        <text>Dave turns an outdated 1953 Chevy into a modern badass hotrod. Later, Kevin and Dave take a 1965 Ford Galaxie for a major burn.</text>
      </extended_event_descriptor>
    </event>
    <event id="82" start_time="2021-12-12 19:00:00" duration="2700">
      <short_event_descriptor lang="alb" name="Street Outlaws ">Documentary</short_event_descriptor>
      <extended_event_descriptor lang="alb">
        <text>Oklahoma City's street racers compete for spots on their top ten list. Tensions run high and fights break out that leave shockwaves throughout this racing community</text>
      </extended_event_descriptor>
    </event>
    <event id="83" start_time="2021-12-12 19:45:00" duration="5400">
      <short_event_descriptor lang="alb" name="Iron Resurrection">Documentary</short_event_descriptor>
      <extended_event_descriptor lang="alb">
        <text>Biker Build-Off winner Joe Martin brings new life to old iron at his shop Joe Martin Customs</text>
      </extended_event_descriptor>
    </event>
    <event id="84" start_time="2021-12-12 21:15:00" duration="5400">
      <short_event_descriptor lang="alb" name="Texas Metal">Documentary</short_event_descriptor>
      <extended_event_descriptor lang="alb">
        <text>Bill and the team customise a brand-new F350 with less than 600 miles on it. They lower it with a handmade air-ride and add a one-of-a-kind hitch.</text>
      </extended_event_descriptor>
    </event>
    <event id="85" start_time="2021-12-12 22:45:00" duration="2700">
      <short_event_descriptor lang="alb" name="Street Outlaws ">Documentary</short_event_descriptor>
      <extended_event_descriptor lang="alb">
        <text>Oklahoma City's street racers compete for spots on their top ten list. Tensions run high and fights break out that leave shockwaves throughout this racing community</text>
      </extended_event_descriptor>
    </event>
    <event id="86" start_time="2021-12-12 23:30:00" duration="5400">
      <short_event_descriptor lang="alb" name="Wheeler Dealers ">Documentary</short_event_descriptor>
      <extended_event_descriptor lang="alb">
        <text>Car legends Mike Brewer and Edd China are taking the biggest risk of their car careers. They're opening a shop in the extremely competitive West Coast of America...
</text>
      </extended_event_descriptor>
    </event>
    <event id="87" start_time="2021-12-13 01:00:00" duration="5400">
      <short_event_descriptor lang="alb" name="Kindig Customs">Documentary</short_event_descriptor>
      <extended_event_descriptor lang="alb">
        <text>Dave turns an outdated 1953 Chevy into a modern badass hotrod. Later, Kevin and Dave take a 1965 Ford Galaxie for a major burn.</text>
      </extended_event_descriptor>
    </event>
    <event id="88" start_time="2021-12-13 02:30:00" duration="2700">
      <short_event_descriptor lang="alb" name="How it's Made.">Documentary</short_event_descriptor>
      <extended_event_descriptor lang="alb">
        <text>More everyday items go under the microscope as we find out how carpets, drinking water and acoustic guitars are made.
</text>
      </extended_event_descriptor>
    </event>
    <event id="89" start_time="2021-12-13 03:15:00" duration="2700">
      <short_event_descriptor lang="alb" name="Car Fix">Documentary</short_event_descriptor>
      <extended_event_descriptor lang="alb">
        <text>Jared and Lou work on their first Dodge Viper. Why not start with a bolt-on supercharger with long tube headers and exhaust? It's the Car Fix way go big, or go home.</text>
      </extended_event_descriptor>
    </event>
    <event id="90" start_time="2021-12-13 04:00:00" duration="1200">
      <short_event_descriptor lang="alb" name="Car Fix">Documentary</short_event_descriptor>
      <extended_event_descriptor lang="alb">
        <text>Jared and Lou work on their first Dodge Viper. Why not start with a bolt-on supercharger with long tube headers and exhaust? It's the Car Fix way go big, or go home.</text>
      </extended_event_descriptor>
    </event>
    <event id="91" start_time="2021-12-13 04:20:00" duration="5400">
      <short_event_descriptor lang="alb" name="Wheeler Dealers ">Documentary</short_event_descriptor>
      <extended_event_descriptor lang="alb">
        <text>Car legends Mike Brewer and Edd China are taking the biggest risk of their car careers. They're opening a shop in the extremely competitive West Coast of America...
</text>
      </extended_event_descriptor>
    </event>
    <event id="92" start_time="2021-12-13 05:50:00" duration="7800">
      <short_event_descriptor lang="alb" name="Kindig Customs">Documentary</short_event_descriptor>
      <extended_event_descriptor lang="alb">
        <text>From his sprawling custom fabrication shop, Dave Kindig and his team use vehicles as their canvases to create extraordinary works of art for car lovers.</text>
      </extended_event_descriptor>
    </event>
    <event id="93" start_time="2021-12-13 08:00:00" duration="5400">
      <short_event_descriptor lang="alb" name="Iron Resurrection">Documentary</short_event_descriptor>
      <extended_event_descriptor lang="alb">
        <text>Biker Build-Off winner Joe Martin brings new life to old iron at his shop Joe Martin Customs</text>
      </extended_event_descriptor>
    </event>
    <event id="94" start_time="2021-12-13 09:30:00" duration="5400">
      <short_event_descriptor lang="alb" name="Texas Metal">Documentary</short_event_descriptor>
      <extended_event_descriptor lang="alb">
        <text>Bill and the team customise a brand-new F350 with less than 600 miles on it. They lower it with a handmade air-ride and add a one-of-a-kind hitch.</text>
      </extended_event_descriptor>
    </event>
    <event id="95" start_time="2021-12-13 11:00:00" duration="2400">
      <short_event_descriptor lang="alb" name="Street Outlaws ">Documentary</short_event_descriptor>
      <extended_event_descriptor lang="alb">
        <text>Oklahoma City's street racers compete for spots on their top ten list. Tensions run high and fights break out that leave shockwaves throughout this racing community</text>
      </extended_event_descriptor>
    </event>
    <event id="96" start_time="2021-12-13 11:40:00" duration="5400">
      <short_event_descriptor lang="alb" name="Wheeler Dealers ">Documentary</short_event_descriptor>
      <extended_event_descriptor lang="alb">
        <text>Car legends Mike Brewer and Edd China are taking the biggest risk of their car careers. They're opening a shop in the extremely competitive West Coast of America...
</text>
      </extended_event_descriptor>
    </event>
    <event id="97" start_time="2021-12-13 13:10:00" duration="5400">
      <short_event_descriptor lang="alb" name="Kindig Customs">Documentary</short_event_descriptor>
      <extended_event_descriptor lang="alb">
        <text>From his sprawling custom fabrication shop, Dave Kindig and his team use vehicles as their canvases to create extraordinary works of art for car lovers.</text>
      </extended_event_descriptor>
    </event>
    <event id="98" start_time="2021-12-13 14:40:00" duration="2700">
      <short_event_descriptor lang="alb" name="How it's Made.">Documentary</short_event_descriptor>
      <extended_event_descriptor lang="alb">
        <text>More everyday items go under the microscope as we find out how carpets, drinking water and acoustic guitars are made.
</text>
      </extended_event_descriptor>
    </event>
    <event id="99" start_time="2021-12-13 15:25:00" duration="2400">
      <short_event_descriptor lang="alb" name="Street Outlaws ">Documentary</short_event_descriptor>
      <extended_event_descriptor lang="alb">
        <text>Oklahoma City's street racers compete for spots on their top ten list. Tensions run high and fights break out that leave shockwaves throughout this racing community</text>
      </extended_event_descriptor>
    </event>
    <event id="100" start_time="2021-12-13 16:05:00" duration="5400">
      <short_event_descriptor lang="alb" name="Wheeler Dealers ">Documentary</short_event_descriptor>
      <extended_event_descriptor lang="alb">
        <text>Car legends Mike Brewer and Edd China are taking the biggest risk of their car careers. They're opening a shop in the extremely competitive West Coast of America...
</text>
      </extended_event_descriptor>
    </event>
    <event id="101" start_time="2021-12-13 17:35:00" duration="5100">
      <short_event_descriptor lang="alb" name="Kindig Customs">Documentary</short_event_descriptor>
      <extended_event_descriptor lang="alb">
        <text>Dave turns an outdated 1953 Chevy into a modern badass hotrod. Later, Kevin and Dave take a 1965 Ford Galaxie for a major burn.</text>
      </extended_event_descriptor>
    </event>
    <event id="102" start_time="2021-12-13 19:00:00" duration="2700">
      <short_event_descriptor lang="alb" name="Diesel Brothers">Documentary</short_event_descriptor>
      <extended_event_descriptor lang="alb">
        <text>When The Muscle buys a battered El Camino to fix and sell on, the size of the job gets the better of them. Plus, how will they get on with a Ford F650? </text>
      </extended_event_descriptor>
    </event>
    <event id="103" start_time="2021-12-13 19:45:00" duration="5400">
      <short_event_descriptor lang="alb" name="Iron Resurrection">Documentary</short_event_descriptor>
      <extended_event_descriptor lang="alb">
        <text>Biker Build-Off winner Joe Martin brings new life to old iron at his shop Joe Martin Customs</text>
      </extended_event_descriptor>
    </event>
    <event id="104" start_time="2021-12-13 21:15:00" duration="5400">
      <short_event_descriptor lang="alb" name="Texas Metal">Documentary</short_event_descriptor>
      <extended_event_descriptor lang="alb">
        <text>Bill and the team customise a brand-new F350 with less than 600 miles on it. They lower it with a handmade air-ride and add a one-of-a-kind hitch.</text>
      </extended_event_descriptor>
    </event>
    <event id="105" start_time="2021-12-13 22:45:00" duration="2700">
      <short_event_descriptor lang="alb" name="Diesel Brothers">Documentary</short_event_descriptor>
      <extended_event_descriptor lang="alb">
        <text>When The Muscle buys a battered El Camino to fix and sell on, the size of the job gets the better of them. Plus, how will they get on with a Ford F650? </text>
      </extended_event_descriptor>
    </event>
    <event id="106" start_time="2021-12-13 23:30:00" duration="5400">
      <short_event_descriptor lang="alb" name="Wheeler Dealers ">Documentary</short_event_descriptor>
      <extended_event_descriptor lang="alb">
        <text>Car legends Mike Brewer and Edd China are taking the biggest risk of their car careers. They're opening a shop in the extremely competitive West Coast of America...
</text>
      </extended_event_descriptor>
    </event>
    <event id="107" start_time="2021-12-14 01:00:00" duration="5400">
      <short_event_descriptor lang="alb" name="Kindig Customs">Documentary</short_event_descriptor>
      <extended_event_descriptor lang="alb">
        <text>Dave turns an outdated 1953 Chevy into a modern badass hotrod. Later, Kevin and Dave take a 1965 Ford Galaxie for a major burn.</text>
      </extended_event_descriptor>
    </event>
    <event id="108" start_time="2021-12-14 02:30:00" duration="2700">
      <short_event_descriptor lang="alb" name="How it's Made.">Documentary</short_event_descriptor>
      <extended_event_descriptor lang="alb">
        <text>More everyday items go under the microscope as we find out how carpets, drinking water and acoustic guitars are made.
</text>
      </extended_event_descriptor>
    </event>
    <event id="109" start_time="2021-12-14 03:15:00" duration="2700">
      <short_event_descriptor lang="alb" name="Carfellas">Documentary</short_event_descriptor>
      <extended_event_descriptor lang="alb">
        <text>Meet Mikey, Tommy and Mario: three loud, passionate New York Italians who run their used car business, Broadway Motors. Watch the trio try to make a profit buying and fixing cars.</text>
      </extended_event_descriptor>
    </event>
    <event id="110" start_time="2021-12-14 04:00:00" duration="1200">
      <short_event_descriptor lang="alb" name="Car Fix">Documentary</short_event_descriptor>
      <extended_event_descriptor lang="alb">
        <text>Jared and Lou work on their first Dodge Viper. Why not start with a bolt-on supercharger with long tube headers and exhaust? It's the Car Fix way go big, or go home.</text>
      </extended_event_descriptor>
    </event>
    <event id="111" start_time="2021-12-14 04:20:00" duration="5400">
      <short_event_descriptor lang="alb" name="Wheeler Dealers ">Documentary</short_event_descriptor>
      <extended_event_descriptor lang="alb">
        <text>Car legends Mike Brewer and Edd China are taking the biggest risk of their car careers. They're opening a shop in the extremely competitive West Coast of America...
</text>
      </extended_event_descriptor>
    </event>
    <event id="112" start_time="2021-12-14 05:50:00" duration="7800">
      <short_event_descriptor lang="alb" name="Kindig Customs">Documentary</short_event_descriptor>
      <extended_event_descriptor lang="alb">
        <text>From his sprawling custom fabrication shop, Dave Kindig and his team use vehicles as their canvases to create extraordinary works of art for car lovers.</text>
      </extended_event_descriptor>
    </event>
    <event id="113" start_time="2021-12-14 08:00:00" duration="5400">
      <short_event_descriptor lang="alb" name="Iron Resurrection">Documentary</short_event_descriptor>
      <extended_event_descriptor lang="alb">
        <text>Biker Build-Off winner Joe Martin brings new life to old iron at his shop Joe Martin Customs</text>
      </extended_event_descriptor>
    </event>
    <event id="114" start_time="2021-12-14 09:30:00" duration="5400">
      <short_event_descriptor lang="alb" name="Texas Metal">Documentary</short_event_descriptor>
      <extended_event_descriptor lang="alb">
        <text>Bill and the team customise a brand-new F350 with less than 600 miles on it. They lower it with a handmade air-ride and add a one-of-a-kind hitch.</text>
      </extended_event_descriptor>
    </event>
    <event id="115" start_time="2021-12-14 11:00:00" duration="2400">
      <short_event_descriptor lang="alb" name="Diesel Brothers">Documentary</short_event_descriptor>
      <extended_event_descriptor lang="alb">
        <text>When The Muscle buys a battered El Camino to fix and sell on, the size of the job gets the better of them. Plus, how will they get on with a Ford F650? </text>
      </extended_event_descriptor>
    </event>
    <event id="116" start_time="2021-12-14 11:40:00" duration="5400">
      <short_event_descriptor lang="alb" name="Wheeler Dealers ">Documentary</short_event_descriptor>
      <extended_event_descriptor lang="alb">
        <text>Car legends Mike Brewer and Edd China are taking the biggest risk of their car careers. They're opening a shop in the extremely competitive West Coast of America...
</text>
      </extended_event_descriptor>
    </event>
    <event id="117" start_time="2021-12-14 13:10:00" duration="5400">
      <short_event_descriptor lang="alb" name="Kindig Customs">Documentary</short_event_descriptor>
      <extended_event_descriptor lang="alb">
        <text>Dave turns an outdated 1953 Chevy into a modern badass hotrod. Later, Kevin and Dave take a 1965 Ford Galaxie for a major burn.</text>
      </extended_event_descriptor>
    </event>
    <event id="118" start_time="2021-12-14 14:40:00" duration="2700">
      <short_event_descriptor lang="alb" name="How it's Made.">Documentary</short_event_descriptor>
      <extended_event_descriptor lang="alb">
        <text>More everyday items go under the microscope as we find out how carpets, drinking water and acoustic guitars are made.
</text>
      </extended_event_descriptor>
    </event>
    <event id="119" start_time="2021-12-14 15:25:00" duration="2400">
      <short_event_descriptor lang="alb" name="Diesel Brothers">Documentary</short_event_descriptor>
      <extended_event_descriptor lang="alb">
        <text>When The Muscle buys a battered El Camino to fix and sell on, the size of the job gets the better of them. Plus, how will they get on with a Ford F650? </text>
      </extended_event_descriptor>
    </event>
    <event id="120" start_time="2021-12-14 16:05:00" duration="5400">
      <short_event_descriptor lang="alb" name="Wheeler Dealers ">Documentary</short_event_descriptor>
      <extended_event_descriptor lang="alb">
        <text>Car legends Mike Brewer and Edd China are taking the biggest risk of their car careers. They're opening a shop in the extremely competitive West Coast of America...
</text>
      </extended_event_descriptor>
    </event>
    <event id="121" start_time="2021-12-14 17:35:00" duration="5100">
      <short_event_descriptor lang="alb" name="Kindig Customs">Documentary</short_event_descriptor>
      <extended_event_descriptor lang="alb">
        <text>Dave turns an outdated 1953 Chevy into a modern badass hotrod. Later, Kevin and Dave take a 1965 Ford Galaxie for a major burn.</text>
      </extended_event_descriptor>
    </event>
    <event id="122" start_time="2021-12-14 19:00:00" duration="2400">
      <short_event_descriptor lang="alb" name="Misfit Garage ">Documentary</short_event_descriptor>
      <extended_event_descriptor lang="alb">
        <text>Misfit Garage features four mechanics who have all done business with Richard Rawling's Gas Monkey Garage and join forces to create their own hot rod shop to rival Gas Monkey...</text>
      </extended_event_descriptor>
    </event>
    <event id="123" start_time="2021-12-14 19:40:00" duration="5400">
      <short_event_descriptor lang="alb" name="Iron Resurrection">Documentary</short_event_descriptor>
      <extended_event_descriptor lang="alb">
        <text>Biker Build-Off winner Joe Martin brings new life to old iron at his shop Joe Martin Customs</text>
      </extended_event_descriptor>
    </event>
    <event id="124" start_time="2021-12-14 21:10:00" duration="5700">
      <short_event_descriptor lang="alb" name="Texas Metal">Documentary</short_event_descriptor>
      <extended_event_descriptor lang="alb">
        <text>Bill and the team customise a brand-new F350 with less than 600 miles on it. They lower it with a handmade air-ride and add a one-of-a-kind hitch.</text>
      </extended_event_descriptor>
    </event>
    <event id="125" start_time="2021-12-14 22:45:00" duration="2700">
      <short_event_descriptor lang="alb" name="Misfit Garage ">Documentary</short_event_descriptor>
      <extended_event_descriptor lang="alb">
        <text>Misfit Garage features four mechanics who have all done business with Richard Rawling's Gas Monkey Garage and join forces to create their own hot rod shop to rival Gas Monkey...</text>
      </extended_event_descriptor>
    </event>
  </channel>
</WIDECAST_DVB>