<?xml version="1.0" encoding="ISO-8859-1"?>
<WIDECAST_DVB>
  <channel name="Discovery Channel">
    <event id="0" start_time="2021-12-08 11:00:00" duration="3600">
      <short_event_descriptor lang="alb" name="Wheeler Dealers ">Documentary.</short_event_descriptor>
      <extended_event_descriptor lang="alb">
        <text>Car legends Mike Brewer and Edd China are taking the biggest risk of their car careers. They're opening a shop in the extremely competitive West Coast of America.
</text>
      </extended_event_descriptor>
    </event>
    <event id="1" start_time="2021-12-08 12:00:00" duration="10800">
      <short_event_descriptor lang="alb" name="Wheeler Dealers ">Documentary.</short_event_descriptor>
      <extended_event_descriptor lang="alb">
        <text>Car legends Mike Brewer and Edd China are taking the biggest risk of their car careers. They're opening a shop in the extremely competitive West Coast of America.
</text>
      </extended_event_descriptor>
    </event>
    <event id="2" start_time="2021-12-08 15:00:00" duration="3600">
      <short_event_descriptor lang="alb" name="Shed and Buried">Documentary</short_event_descriptor>
      <extended_event_descriptor lang="alb">
        <text>Henry and Sam are in Bodmin Moor rummaging through a collection built up over 25 years. It includes amphibious craft, motorbikes, nuts and bolts.</text>
      </extended_event_descriptor>
    </event>
    <event id="3" start_time="2021-12-08 16:00:00" duration="3600">
      <short_event_descriptor lang="alb" name="How Do They Do It? ">Documentary</short_event_descriptor>
      <extended_event_descriptor lang="alb">
        <text>How are millions of parcels delivered around the world every day? How do they make cricket bats that can hit a ball at 150kmph? And what are the secrets of the Tokyo fish market? </text>
      </extended_event_descriptor>
    </event>
    <event id="4" start_time="2021-12-08 17:00:00" duration="3600">
      <short_event_descriptor lang="alb" name="How It's Made ">Documentary</short_event_descriptor>
      <extended_event_descriptor lang="alb">
        <text>Top and bowler hats, solar water heaters, sticky buns and electrostatic speakers go under the microscope. </text>
      </extended_event_descriptor>
    </event>
    <event id="5" start_time="2021-12-08 18:00:00" duration="3600">
      <short_event_descriptor lang="alb" name="Wheeler Dealers ">Documentary.</short_event_descriptor>
      <extended_event_descriptor lang="alb">
        <text>Car legends Mike Brewer and Edd China are taking the biggest risk of their car careers. They're opening a shop in the extremely competitive West Coast of America.
</text>
      </extended_event_descriptor>
    </event>
    <event id="6" start_time="2021-12-08 19:00:00" duration="3600">
      <short_event_descriptor lang="alb" name="Wheeler Dealers: Dream Car ">Documentary</short_event_descriptor>
      <extended_event_descriptor lang="alb">
        <text>Car dealer supremo Mike Brewer and mechanic Marc 'Elvis' Priestley trade up to iconic Japanese sports car, the Nissan Skyline, for photographer Harlen. </text>
      </extended_event_descriptor>
    </event>
    <event id="7" start_time="2021-12-08 20:00:00" duration="3600">
      <short_event_descriptor lang="alb" name="Wheeler Dealers ">Documentary.</short_event_descriptor>
      <extended_event_descriptor lang="alb">
        <text>Car legends Mike Brewer and Edd China are taking the biggest risk of their car careers. They're opening a shop in the extremely competitive West Coast of America.
</text>
      </extended_event_descriptor>
    </event>
    <event id="8" start_time="2021-12-08 21:00:00" duration="3600">
      <short_event_descriptor lang="alb" name="Goblin Works Garage ">Documentary</short_event_descriptor>
      <extended_event_descriptor lang="alb">
        <text>Jimmy deVille works on a motorsport legend, the Escort Mk2 rally car. When he finds a rust-free South African import, the team take this custom build sideways!

</text>
      </extended_event_descriptor>
    </event>
    <event id="9" start_time="2021-12-08 22:00:00" duration="3600">
      <short_event_descriptor lang="alb" name="Salvage Hunters">Documentary</short_event_descriptor>
      <extended_event_descriptor lang="alb">
        <text>Always on the hunt for that elusive gem, Drew travels the length and breadth of the country in search of weird and wonderful objects.</text>
      </extended_event_descriptor>
    </event>
    <event id="10" start_time="2021-12-08 23:00:00" duration="3600">
      <short_event_descriptor lang="alb" name="Expedition Unknown">Documentary</short_event_descriptor>
      <extended_event_descriptor lang="alb">
        <text>Josh Gates travels to the remote and landmine-riddled jungles of Cambodia to investigate the lost city of the Khmer Empire and search for a mystical relic that gave its God King the power to incinerate his enemies...
</text>
      </extended_event_descriptor>
    </event>
    <event id="11" start_time="2021-12-09 00:00:00" duration="3600">
      <short_event_descriptor lang="alb" name="Wheeler Dealers: Dream Car ">Documentary</short_event_descriptor>
      <extended_event_descriptor lang="alb">
        <text>Car dealer supremo Mike Brewer and mechanic Marc 'Elvis' Priestley trade up to iconic Japanese sports car, the Nissan Skyline, for photographer Harlen. </text>
      </extended_event_descriptor>
    </event>
    <event id="12" start_time="2021-12-09 01:00:00" duration="3600">
      <short_event_descriptor lang="alb" name="Wheeler Dealers ">Documentary.</short_event_descriptor>
      <extended_event_descriptor lang="alb">
        <text>Car legends Mike Brewer and Edd China are taking the biggest risk of their car careers. They're opening a shop in the extremely competitive West Coast of America.
</text>
      </extended_event_descriptor>
    </event>
    <event id="13" start_time="2021-12-09 02:00:00" duration="3600">
      <short_event_descriptor lang="alb" name="Goblin Works Garage ">Documentary</short_event_descriptor>
      <extended_event_descriptor lang="alb">
        <text>Jimmy deVille works on a motorsport legend, the Escort Mk2 rally car. When he finds a rust-free South African import, the team take this custom build sideways!

</text>
      </extended_event_descriptor>
    </event>
    <event id="14" start_time="2021-12-09 03:00:00" duration="14400">
      <short_event_descriptor lang="alb" name="Wheeler Dealers ">Documentary</short_event_descriptor>
      <extended_event_descriptor lang="alb">
        <text>Car legends Mike Brewer and Edd China are taking the biggest risk of their car careers. They're opening a shop in the extremely competitive West Coast of America.
</text>
      </extended_event_descriptor>
    </event>
    <event id="15" start_time="2021-12-09 07:00:00" duration="3600">
      <short_event_descriptor lang="alb" name="How It's Made ">Documentary</short_event_descriptor>
      <extended_event_descriptor lang="alb">
        <text>Top and bowler hats, solar water heaters, sticky buns and electrostatic speakers go under the microscope. </text>
      </extended_event_descriptor>
    </event>
    <event id="16" start_time="2021-12-09 08:00:00" duration="3600">
      <short_event_descriptor lang="alb" name="Shed and Buried">Documentary</short_event_descriptor>
      <extended_event_descriptor lang="alb">
        <text>Henry and Sam are in Bodmin Moor rummaging through a collection built up over 25 years. It includes amphibious craft, motorbikes, nuts and bolts.</text>
      </extended_event_descriptor>
    </event>
    <event id="17" start_time="2021-12-09 09:00:00" duration="3600">
      <short_event_descriptor lang="alb" name="Gold Rush">Documentary</short_event_descriptor>
      <extended_event_descriptor lang="alb">
        <text>GOLD RUSH follows miners who have risked it all for a chance at the American Dream</text>
      </extended_event_descriptor>
    </event>
    <event id="18" start_time="2021-12-09 10:00:00" duration="3600">
      <short_event_descriptor lang="alb" name="Salvage Hunters">Documentary</short_event_descriptor>
      <extended_event_descriptor lang="alb">
        <text>Always on the hunt for that elusive gem, Drew travels the length and breadth of the country in search of weird and wonderful objects.</text>
      </extended_event_descriptor>
    </event>
    <event id="19" start_time="2021-12-09 11:00:00" duration="3600">
      <short_event_descriptor lang="alb" name="Wheeler Dealers ">Documentary.</short_event_descriptor>
      <extended_event_descriptor lang="alb">
        <text>Car legends Mike Brewer and Edd China are taking the biggest risk of their car careers. They're opening a shop in the extremely competitive West Coast of America.
</text>
      </extended_event_descriptor>
    </event>
    <event id="20" start_time="2021-12-09 12:00:00" duration="10800">
      <short_event_descriptor lang="alb" name="Blowing up History">Documentary</short_event_descriptor>
      <extended_event_descriptor lang="alb">
        <text>Blowing up History investigates new evidence that reveals the myths and mysteries behind ancient civilisations and the iconic megastructures they built.</text>
      </extended_event_descriptor>
    </event>
    <event id="21" start_time="2021-12-09 15:00:00" duration="3600">
      <short_event_descriptor lang="alb" name="Shed and Buried">Documentary</short_event_descriptor>
      <extended_event_descriptor lang="alb">
        <text>Henry and Sam are in Bodmin Moor rummaging through a collection built up over 25 years. It includes amphibious craft, motorbikes, nuts and bolts.</text>
      </extended_event_descriptor>
    </event>
    <event id="22" start_time="2021-12-09 16:00:00" duration="3600">
      <short_event_descriptor lang="alb" name="How Do They Do It? ">Documentary</short_event_descriptor>
      <extended_event_descriptor lang="alb">
        <text>How are millions of parcels delivered around the world every day? How do they make cricket bats that can hit a ball at 150kmph? And what are the secrets of the Tokyo fish market? </text>
      </extended_event_descriptor>
    </event>
    <event id="23" start_time="2021-12-09 17:00:00" duration="3600">
      <short_event_descriptor lang="alb" name="How It's Made ">Documentary</short_event_descriptor>
      <extended_event_descriptor lang="alb">
        <text>Top and bowler hats, solar water heaters, sticky buns and electrostatic speakers go under the microscope. </text>
      </extended_event_descriptor>
    </event>
    <event id="24" start_time="2021-12-09 18:00:00" duration="3600">
      <short_event_descriptor lang="alb" name="Wheeler Dealers ">Documentary</short_event_descriptor>
      <extended_event_descriptor lang="alb">
        <text>Car legends Mike Brewer and Edd China are taking the biggest risk of their car careers. They're opening a shop in the extremely competitive West Coast of America.
</text>
      </extended_event_descriptor>
    </event>
    <event id="25" start_time="2021-12-09 19:00:00" duration="3600">
      <short_event_descriptor lang="alb" name="Billy Buys Brooklyn ">Documentary</short_event_descriptor>
      <extended_event_descriptor lang="alb">
        <text>Hip hop producer Dane offers Billy a rare Roland TR-808 Rhythm Composer. Plus, Billy sees potential in a 19th century cane gun and a vintage trick bike</text>
      </extended_event_descriptor>
    </event>
    <event id="26" start_time="2021-12-09 20:00:00" duration="7200">
      <short_event_descriptor lang="alb" name="Salvage Hunters">Documentary</short_event_descriptor>
      <extended_event_descriptor lang="alb">
        <text>Always on the hunt for that elusive gem, Drew travels the length and breadth of the country in search of weird and wonderful objects.</text>
      </extended_event_descriptor>
    </event>
    <event id="27" start_time="2021-12-09 22:00:00" duration="3600">
      <short_event_descriptor lang="alb" name="Salvage Hunters">Documentary</short_event_descriptor>
      <extended_event_descriptor lang="alb">
        <text>Always on the hunt for that elusive gem, Drew travels the length and breadth of the country in search of weird and wonderful objects.</text>
      </extended_event_descriptor>
    </event>
    <event id="28" start_time="2021-12-09 23:00:00" duration="3600">
      <short_event_descriptor lang="alb" name="Expedition Unknown">Documentary</short_event_descriptor>
      <extended_event_descriptor lang="alb">
        <text>Josh Gates travels to the remote and landmine-riddled jungles of Cambodia to investigate the lost city of the Khmer Empire and search for a mystical relic that gave its God King the power to incinerate his enemies...
</text>
      </extended_event_descriptor>
    </event>
    <event id="29" start_time="2021-12-10 00:00:00" duration="3600">
      <short_event_descriptor lang="alb" name="Billy Buys Brooklyn ">Documentary</short_event_descriptor>
      <extended_event_descriptor lang="alb">
        <text>Hip hop producer Dane offers Billy a rare Roland TR-808 Rhythm Composer. Plus, Billy sees potential in a 19th century cane gun and a vintage trick bike</text>
      </extended_event_descriptor>
    </event>
    <event id="30" start_time="2021-12-10 01:00:00" duration="7200">
      <short_event_descriptor lang="alb" name="Salvage Hunters">Documentary</short_event_descriptor>
      <extended_event_descriptor lang="alb">
        <text>Always on the hunt for that elusive gem, Drew travels the length and breadth of the country in search of weird and wonderful objects.</text>
      </extended_event_descriptor>
    </event>
    <event id="31" start_time="2021-12-10 03:00:00" duration="14400">
      <short_event_descriptor lang="alb" name="Wheeler Dealers ">Documentary</short_event_descriptor>
      <extended_event_descriptor lang="alb">
        <text>Car legends Mike Brewer and Edd China are taking the biggest risk of their car careers. They're opening a shop in the extremely competitive West Coast of America.
</text>
      </extended_event_descriptor>
    </event>
    <event id="32" start_time="2021-12-10 07:00:00" duration="3600">
      <short_event_descriptor lang="alb" name="How It's Made ">Documentary</short_event_descriptor>
      <extended_event_descriptor lang="alb">
        <text>Top and bowler hats, solar water heaters, sticky buns and electrostatic speakers go under the microscope. </text>
      </extended_event_descriptor>
    </event>
    <event id="33" start_time="2021-12-10 08:00:00" duration="3600">
      <short_event_descriptor lang="alb" name="Shed and Buried">Documentary</short_event_descriptor>
      <extended_event_descriptor lang="alb">
        <text>Henry and Sam are in Bodmin Moor rummaging through a collection built up over 25 years. It includes amphibious craft, motorbikes, nuts and bolts.</text>
      </extended_event_descriptor>
    </event>
    <event id="34" start_time="2021-12-10 09:00:00" duration="3600">
      <short_event_descriptor lang="alb" name="Gold Rush">Documentary</short_event_descriptor>
      <extended_event_descriptor lang="alb">
        <text>GOLD RUSH follows miners who have risked it all for a chance at the American Dream</text>
      </extended_event_descriptor>
    </event>
    <event id="35" start_time="2021-12-10 10:00:00" duration="3600">
      <short_event_descriptor lang="alb" name="Salvage Hunters">Documentary</short_event_descriptor>
      <extended_event_descriptor lang="alb">
        <text>Always on the hunt for that elusive gem, Drew travels the length and breadth of the country in search of weird and wonderful objects.</text>
      </extended_event_descriptor>
    </event>
    <event id="36" start_time="2021-12-10 11:00:00" duration="3600">
      <short_event_descriptor lang="alb" name="Wheeler Dealers ">Documentary</short_event_descriptor>
      <extended_event_descriptor lang="alb">
        <text>Car legends Mike Brewer and Edd China are taking the biggest risk of their car careers. They're opening a shop in the extremely competitive West Coast of America.
</text>
      </extended_event_descriptor>
    </event>
    <event id="37" start_time="2021-12-10 12:00:00" duration="10800">
      <short_event_descriptor lang="alb" name="Salvage Hunters">Documentary</short_event_descriptor>
      <extended_event_descriptor lang="alb">
        <text>Always on the hunt for that elusive gem, Drew travels the length and breadth of the country in search of weird and wonderful objects.</text>
      </extended_event_descriptor>
    </event>
    <event id="38" start_time="2021-12-10 15:00:00" duration="3600">
      <short_event_descriptor lang="alb" name="Shed and Buried">Documentary</short_event_descriptor>
      <extended_event_descriptor lang="alb">
        <text>Henry and Sam are in Bodmin Moor rummaging through a collection built up over 25 years. It includes amphibious craft, motorbikes, nuts and bolts.</text>
      </extended_event_descriptor>
    </event>
    <event id="39" start_time="2021-12-10 16:00:00" duration="3600">
      <short_event_descriptor lang="alb" name="How Do They Do It? ">Documentary</short_event_descriptor>
      <extended_event_descriptor lang="alb">
        <text>How are millions of parcels delivered around the world every day? How do they make cricket bats that can hit a ball at 150kmph? And what are the secrets of the Tokyo fish market? </text>
      </extended_event_descriptor>
    </event>
    <event id="40" start_time="2021-12-10 17:00:00" duration="3600">
      <short_event_descriptor lang="alb" name="How It's Made ">Documentary</short_event_descriptor>
      <extended_event_descriptor lang="alb">
        <text>Top and bowler hats, solar water heaters, sticky buns and electrostatic speakers go under the microscope. </text>
      </extended_event_descriptor>
    </event>
    <event id="41" start_time="2021-12-10 18:00:00" duration="3600">
      <short_event_descriptor lang="alb" name="Wheeler Dealers ">Documentary</short_event_descriptor>
      <extended_event_descriptor lang="alb">
        <text>Car legends Mike Brewer and Edd China are taking the biggest risk of their car careers. They're opening a shop in the extremely competitive West Coast of America.
</text>
      </extended_event_descriptor>
    </event>
    <event id="42" start_time="2021-12-10 19:00:00" duration="3600">
      <short_event_descriptor lang="alb" name="Alaskan Bush People ">Documentary</short_event_descriptor>
      <extended_event_descriptor lang="alb">
        <text>Head to the Alaskan Bush with the Browns - a family of seven children who live off the grid and depend on each other to survive in the wilderness.
</text>
      </extended_event_descriptor>
    </event>
    <event id="43" start_time="2021-12-10 20:00:00" duration="3600">
      <short_event_descriptor lang="alb" name="Expedition X">Documentary</short_event_descriptor>
      <extended_event_descriptor lang="alb">
        <text>The team investigate bizarre cattle mutilations. The baffling deaths make Jessica and Phil question if the cattle were victims of newly arrived predators. </text>
      </extended_event_descriptor>
    </event>
    <event id="44" start_time="2021-12-10 21:00:00" duration="3600">
      <short_event_descriptor lang="alb" name="Gold Divers ">Documentary</short_event_descriptor>
      <extended_event_descriptor lang="alb">
        <text>Gold Divers illustrates a world like none seen before - one where the danger is palpable, and the stakes are high. Success in the waters will give the dredgers the hope and means to continue, and maybe even make them rich. </text>
      </extended_event_descriptor>
    </event>
    <event id="45" start_time="2021-12-10 22:00:00" duration="3600">
      <short_event_descriptor lang="alb" name="Salvage Hunters">Documentary</short_event_descriptor>
      <extended_event_descriptor lang="alb">
        <text>Always on the hunt for that elusive gem, Drew travels the length and breadth of the country in search of weird and wonderful objects.</text>
      </extended_event_descriptor>
    </event>
    <event id="46" start_time="2021-12-10 23:00:00" duration="3600">
      <short_event_descriptor lang="alb" name="Expedition Unknown">Documentary</short_event_descriptor>
      <extended_event_descriptor lang="alb">
        <text>Josh Gates travels to the remote and landmine-riddled jungles of Cambodia to investigate the lost city of the Khmer Empire and search for a mystical relic that gave its God King the power to incinerate his enemies...
</text>
      </extended_event_descriptor>
    </event>
    <event id="47" start_time="2021-12-11 00:00:00" duration="3600">
      <short_event_descriptor lang="alb" name="Alaskan Bush People ">Documentary</short_event_descriptor>
      <extended_event_descriptor lang="alb">
        <text>Head to the Alaskan Bush with the Browns - a family of seven children who live off the grid and depend on each other to survive in the wilderness.
</text>
      </extended_event_descriptor>
    </event>
    <event id="48" start_time="2021-12-11 01:00:00" duration="3600">
      <short_event_descriptor lang="alb" name="Expedition X">Documentary</short_event_descriptor>
      <extended_event_descriptor lang="alb">
        <text>The team investigate bizarre cattle mutilations. The baffling deaths make Jessica and Phil question if the cattle were victims of newly arrived predators. </text>
      </extended_event_descriptor>
    </event>
    <event id="49" start_time="2021-12-11 02:00:00" duration="3600">
      <short_event_descriptor lang="alb" name="Gold Divers ">Documentary</short_event_descriptor>
      <extended_event_descriptor lang="alb">
        <text>Gold Divers illustrates a world like none seen before - one where the danger is palpable, and the stakes are high. Success in the waters will give the dredgers the hope and means to continue, and maybe even make them rich. </text>
      </extended_event_descriptor>
    </event>
    <event id="50" start_time="2021-12-11 03:00:00" duration="7200">
      <short_event_descriptor lang="alb" name="Wheeler Dealers ">Documentary</short_event_descriptor>
      <extended_event_descriptor lang="alb">
        <text>Car legends Mike Brewer and Edd China are taking the biggest risk of their car careers. They're opening a shop in the extremely competitive West Coast of America.
</text>
      </extended_event_descriptor>
    </event>
    <event id="51" start_time="2021-12-11 05:00:00" duration="7200">
      <short_event_descriptor lang="alb" name="How It's Made ">Documentary</short_event_descriptor>
      <extended_event_descriptor lang="alb">
        <text>Top and bowler hats, solar water heaters, sticky buns and electrostatic speakers go under the microscope. </text>
      </extended_event_descriptor>
    </event>
    <event id="52" start_time="2021-12-11 07:00:00" duration="7200">
      <short_event_descriptor lang="alb" name="Extreme enginnering">Documentary</short_event_descriptor>
      <extended_event_descriptor lang="alb">
        <text>Architect Danny Forster travels around the world to "deconstruct" such ultimate construction projects as warships, public works structures, cruise liners and extreme thrill rides... </text>
      </extended_event_descriptor>
    </event>
    <event id="53" start_time="2021-12-11 09:00:00" duration="7200">
      <short_event_descriptor lang="alb" name="Wheeler Dealers ">Documentary</short_event_descriptor>
      <extended_event_descriptor lang="alb">
        <text>Car legends Mike Brewer and Edd China are taking the biggest risk of their car careers. They're opening a shop in the extremely competitive West Coast of America.
</text>
      </extended_event_descriptor>
    </event>
    <event id="54" start_time="2021-12-11 11:00:00" duration="7200">
      <short_event_descriptor lang="alb" name="Salvage Hunters">Documentary</short_event_descriptor>
      <extended_event_descriptor lang="alb">
        <text>Always on the hunt for that elusive gem, Drew travels the length and breadth of the country in search of weird and wonderful objects.</text>
      </extended_event_descriptor>
    </event>
    <event id="55" start_time="2021-12-11 13:00:00" duration="7200">
      <short_event_descriptor lang="alb" name="How it's Made">Documentary</short_event_descriptor>
      <extended_event_descriptor lang="alb">
        <text>More everyday items go under the microscope as we find out how carpets, drinking water and acoustic guitars are made...
</text>
      </extended_event_descriptor>
    </event>
    <event id="56" start_time="2021-12-11 15:00:00" duration="10800">
      <short_event_descriptor lang="alb" name="Salvage Hunters">Documentary</short_event_descriptor>
      <extended_event_descriptor lang="alb">
        <text>Always on the hunt for that elusive gem, Drew travels the length and breadth of the country in search of weird and wonderful objects.</text>
      </extended_event_descriptor>
    </event>
    <event id="57" start_time="2021-12-11 18:00:00" duration="3600">
      <short_event_descriptor lang="alb" name="Salvage Hunters">Documentary</short_event_descriptor>
      <extended_event_descriptor lang="alb">
        <text>Always on the hunt for that elusive gem, Drew travels the length and breadth of the country in search of weird and wonderful objects.</text>
      </extended_event_descriptor>
    </event>
    <event id="58" start_time="2021-12-11 19:00:00" duration="3600">
      <short_event_descriptor lang="alb" name="Billy Buys Brooklyn ">Documentary</short_event_descriptor>
      <extended_event_descriptor lang="alb">
        <text>Hip hop producer Dane offers Billy a rare Roland TR-808 Rhythm Composer. Plus, Billy sees potential in a 19th century cane gun and a vintage trick bike</text>
      </extended_event_descriptor>
    </event>
    <event id="59" start_time="2021-12-11 20:00:00" duration="7200">
      <short_event_descriptor lang="alb" name="Hunting Atlantis ">Documentary</short_event_descriptor>
      <extended_event_descriptor lang="alb">
        <text>Stel Pavlou and Jess Phoenix begin their search for the lost city of Atlantis. In Bulgaria, they uncover mysterious gold treasure and evidence of an ancient catastrophe. </text>
      </extended_event_descriptor>
    </event>
    <event id="60" start_time="2021-12-11 22:00:00" duration="3600">
      <short_event_descriptor lang="alb" name="Gold Divers ">Documentary</short_event_descriptor>
      <extended_event_descriptor lang="alb">
        <text>Gold Divers illustrates a world like none seen before - one where the danger is palpable, and the stakes are high. Success in the waters will give the dredgers the hope and means to continue, and maybe even make them rich. </text>
      </extended_event_descriptor>
    </event>
    <event id="61" start_time="2021-12-11 23:00:00" duration="3600">
      <short_event_descriptor lang="alb" name="Salvage Hunters">Documentary</short_event_descriptor>
      <extended_event_descriptor lang="alb">
        <text>Always on the hunt for that elusive gem, Drew travels the length and breadth of the country in search of weird and wonderful objects.</text>
      </extended_event_descriptor>
    </event>
    <event id="62" start_time="2021-12-12 00:00:00" duration="3600">
      <short_event_descriptor lang="alb" name="Billy Buys Brooklyn ">Documentary</short_event_descriptor>
      <extended_event_descriptor lang="alb">
        <text>Hip hop producer Dane offers Billy a rare Roland TR-808 Rhythm Composer. Plus, Billy sees potential in a 19th century cane gun and a vintage trick bike</text>
      </extended_event_descriptor>
    </event>
    <event id="63" start_time="2021-12-12 01:00:00" duration="7200">
      <short_event_descriptor lang="alb" name="Hunting Atlantis ">Documentary</short_event_descriptor>
      <extended_event_descriptor lang="alb">
        <text>In Turkey, Stel and Jess investigate ancient cave paintings that could be connected to Atlantis. And, they examine a shifted shoreline and ruins of a lost city</text>
      </extended_event_descriptor>
    </event>
    <event id="64" start_time="2021-12-12 03:00:00" duration="7200">
      <short_event_descriptor lang="alb" name="Wheeler Dealers ">Documentary</short_event_descriptor>
      <extended_event_descriptor lang="alb">
        <text>Car legends Mike Brewer and Edd China are taking the biggest risk of their car careers. They're opening a shop in the extremely competitive West Coast of America.
</text>
      </extended_event_descriptor>
    </event>
    <event id="65" start_time="2021-12-12 05:00:00" duration="7200">
      <short_event_descriptor lang="alb" name="How It's Made ">Documentary</short_event_descriptor>
      <extended_event_descriptor lang="alb">
        <text>Top and bowler hats, solar water heaters, sticky buns and electrostatic speakers go under the microscope. </text>
      </extended_event_descriptor>
    </event>
    <event id="66" start_time="2021-12-12 07:00:00" duration="3600">
      <short_event_descriptor lang="alb" name="Diesel Brothers">Documentary</short_event_descriptor>
      <extended_event_descriptor lang="alb">
        <text>Diesel Brothers follows Diesel Dave, Heavy D and the crew from DieselSellerz as they build and restore mega diesel trucks to flip them for profit</text>
      </extended_event_descriptor>
    </event>
    <event id="67" start_time="2021-12-12 08:00:00" duration="3600">
      <short_event_descriptor lang="alb" name="How It's Made ">Documentary</short_event_descriptor>
      <extended_event_descriptor lang="alb">
        <text>Top and bowler hats, solar water heaters, sticky buns and electrostatic speakers go under the microscope. </text>
      </extended_event_descriptor>
    </event>
    <event id="68" start_time="2021-12-12 09:00:00" duration="3600">
      <short_event_descriptor lang="alb" name="Salvage Hunters">Documentary</short_event_descriptor>
      <extended_event_descriptor lang="alb">
        <text>Always on the hunt for that elusive gem, Drew travels the length and breadth of the country in search of weird and wonderful objects.</text>
      </extended_event_descriptor>
    </event>
    <event id="69" start_time="2021-12-12 10:00:00" duration="3600">
      <short_event_descriptor lang="alb" name="Shed and Buried">Documentary</short_event_descriptor>
      <extended_event_descriptor lang="alb">
        <text>Henry and Sam are in Bodmin Moor rummaging through a collection built up over 25 years. It includes amphibious craft, motorbikes, nuts and bolts.</text>
      </extended_event_descriptor>
    </event>
    <event id="70" start_time="2021-12-12 11:00:00" duration="3600">
      <short_event_descriptor lang="alb" name="Billy Buys Brooklyn ">Documentary</short_event_descriptor>
      <extended_event_descriptor lang="alb">
        <text>Hip hop producer Dane offers Billy a rare Roland TR-808 Rhythm Composer. Plus, Billy sees potential in a 19th century cane gun and a vintage trick bike</text>
      </extended_event_descriptor>
    </event>
    <event id="71" start_time="2021-12-12 12:00:00" duration="3600">
      <short_event_descriptor lang="alb" name="Baggage Battles">Documentary</short_event_descriptor>
      <extended_event_descriptor lang="alb">
        <text>The program is related to lost baggage auctions, and police auctions, in which participants Laurence and Sally Martin, Mark Meyer, Billy Leroy and Traci Lombardo buy items to resell... </text>
      </extended_event_descriptor>
    </event>
    <event id="72" start_time="2021-12-12 13:00:00" duration="3600">
      <short_event_descriptor lang="alb" name="Salvage Hunters">Documentary</short_event_descriptor>
      <extended_event_descriptor lang="alb">
        <text>Always on the hunt for that elusive gem, Drew travels the length and breadth of the country in search of weird and wonderful objects.</text>
      </extended_event_descriptor>
    </event>
    <event id="73" start_time="2021-12-12 14:00:00" duration="3600">
      <short_event_descriptor lang="alb" name="Salvage Dawgs ">Documentary</short_event_descriptor>
      <extended_event_descriptor lang="alb">
        <text>Mike, Robert and the Black Dog crew salvage the Washington Mill, an old cotton mill from the late 1800s.</text>
      </extended_event_descriptor>
    </event>
    <event id="74" start_time="2021-12-12 15:00:00" duration="3600">
      <short_event_descriptor lang="alb" name="Salvage Hunters">Documentary</short_event_descriptor>
      <extended_event_descriptor lang="alb">
        <text>Always on the hunt for that elusive gem, Drew travels the length and breadth of the country in search of weird and wonderful objects.</text>
      </extended_event_descriptor>
    </event>
    <event id="75" start_time="2021-12-12 16:00:00" duration="3600">
      <short_event_descriptor lang="alb" name="Wheeler Dealers ">Documentary</short_event_descriptor>
      <extended_event_descriptor lang="alb">
        <text>Car legends Mike Brewer and Edd China are taking the biggest risk of their car careers. They're opening a shop in the extremely competitive West Coast of America.
</text>
      </extended_event_descriptor>
    </event>
    <event id="76" start_time="2021-12-12 17:00:00" duration="3600">
      <short_event_descriptor lang="alb" name="Billy Buys Brooklyn ">Documentary</short_event_descriptor>
      <extended_event_descriptor lang="alb">
        <text>Hip hop producer Dane offers Billy a rare Roland TR-808 Rhythm Composer. Plus, Billy sees potential in a 19th century cane gun and a vintage trick bike</text>
      </extended_event_descriptor>
    </event>
    <event id="77" start_time="2021-12-12 18:00:00" duration="3600">
      <short_event_descriptor lang="alb" name="Gold Rush">Documentary</short_event_descriptor>
      <extended_event_descriptor lang="alb">
        <text>GOLD RUSH follows miners who have risked it all for a chance at the American Dream</text>
      </extended_event_descriptor>
    </event>
    <event id="78" start_time="2021-12-12 19:00:00" duration="7200">
      <short_event_descriptor lang="alb" name="The Earthshot Prize">Documentary</short_event_descriptor>
      <extended_event_descriptor lang="alb">
        <text>Prince William, the Duke of Cambridge and his team of high-profile innovators explain the ambitious project aiming to change the fate of our planet in a spectacular how-to guide.</text>
      </extended_event_descriptor>
    </event>
    <event id="79" start_time="2021-12-12 21:00:00" duration="3600">
      <short_event_descriptor lang="alb" name="Gold Rush">Documentary</short_event_descriptor>
      <extended_event_descriptor lang="alb">
        <text>GOLD RUSH follows miners who have risked it all for a chance at the American Dream</text>
      </extended_event_descriptor>
    </event>
    <event id="80" start_time="2021-12-12 22:00:00" duration="7200">
      <short_event_descriptor lang="alb" name="Naked and Afraid XL">Documentary</short_event_descriptor>
      <extended_event_descriptor lang="alb">
        <text>Nine series veterans try to survive the deadly jungles of Ecuador's Amazon basin for 40 days and 40 nights. Hit by injury and hunger, they're pushed to the edge. [9-A]</text>
      </extended_event_descriptor>
    </event>
    <event id="81" start_time="2021-12-13 00:00:00" duration="7200">
      <short_event_descriptor lang="alb" name="The Earthshot Prize">Documentary</short_event_descriptor>
      <extended_event_descriptor lang="alb">
        <text>Prince William, the Duke of Cambridge and his team of high-profile innovators explain the ambitious project aiming to change the fate of our planet in a spectacular how-to guide.</text>
      </extended_event_descriptor>
    </event>
    <event id="82" start_time="2021-12-13 02:00:00" duration="3600">
      <short_event_descriptor lang="alb" name="Gold Rush">Documentary</short_event_descriptor>
      <extended_event_descriptor lang="alb">
        <text>GOLD RUSH follows miners who have risked it all for a chance at the American Dream</text>
      </extended_event_descriptor>
    </event>
    <event id="83" start_time="2021-12-13 03:00:00" duration="14400">
      <short_event_descriptor lang="alb" name="Wheeler Dealers ">Documentary</short_event_descriptor>
      <extended_event_descriptor lang="alb">
        <text>Car legends Mike Brewer and Edd China are taking the biggest risk of their car careers. They're opening a shop in the extremely competitive West Coast of America.
</text>
      </extended_event_descriptor>
    </event>
    <event id="84" start_time="2021-12-13 07:00:00" duration="3600">
      <short_event_descriptor lang="alb" name="How It's Made ">Documentary</short_event_descriptor>
      <extended_event_descriptor lang="alb">
        <text>Top and bowler hats, solar water heaters, sticky buns and electrostatic speakers go under the microscope. </text>
      </extended_event_descriptor>
    </event>
    <event id="85" start_time="2021-12-13 08:00:00" duration="3600">
      <short_event_descriptor lang="alb" name="Shed and Buried">Documentary</short_event_descriptor>
      <extended_event_descriptor lang="alb">
        <text>Henry and Sam are in Bodmin Moor rummaging through a collection built up over 25 years. It includes amphibious craft, motorbikes, nuts and bolts.</text>
      </extended_event_descriptor>
    </event>
    <event id="86" start_time="2021-12-13 09:00:00" duration="3600">
      <short_event_descriptor lang="alb" name="Gold Rush">Documentary</short_event_descriptor>
      <extended_event_descriptor lang="alb">
        <text>GOLD RUSH follows miners who have risked it all for a chance at the American Dream</text>
      </extended_event_descriptor>
    </event>
    <event id="87" start_time="2021-12-13 10:00:00" duration="3600">
      <short_event_descriptor lang="alb" name="Salvage Hunters">Documentary</short_event_descriptor>
      <extended_event_descriptor lang="alb">
        <text>Always on the hunt for that elusive gem, Drew travels the length and breadth of the country in search of weird and wonderful objects.</text>
      </extended_event_descriptor>
    </event>
    <event id="88" start_time="2021-12-13 11:00:00" duration="3600">
      <short_event_descriptor lang="alb" name="Wheeler Dealers ">Documentary.</short_event_descriptor>
      <extended_event_descriptor lang="alb">
        <text>Car legends Mike Brewer and Edd China are taking the biggest risk of their car careers. They're opening a shop in the extremely competitive West Coast of America.
</text>
      </extended_event_descriptor>
    </event>
    <event id="89" start_time="2021-12-13 12:00:00" duration="10800">
      <short_event_descriptor lang="alb" name="Expedition Unknown">Documentary</short_event_descriptor>
      <extended_event_descriptor lang="alb">
        <text>Josh Gates travels to the remote and landmine-riddled jungles of Cambodia to investigate the lost city of the Khmer Empire and search for a mystical relic that gave its God King the power to incinerate his enemies...
</text>
      </extended_event_descriptor>
    </event>
    <event id="90" start_time="2021-12-13 15:00:00" duration="3600">
      <short_event_descriptor lang="alb" name="Shed and Buried">Documentary</short_event_descriptor>
      <extended_event_descriptor lang="alb">
        <text>Henry and Sam are in Bodmin Moor rummaging through a collection built up over 25 years. It includes amphibious craft, motorbikes, nuts and bolts.</text>
      </extended_event_descriptor>
    </event>
    <event id="91" start_time="2021-12-13 16:00:00" duration="3600">
      <short_event_descriptor lang="alb" name="How Do They Do It? ">Documentary</short_event_descriptor>
      <extended_event_descriptor lang="alb">
        <text>How are millions of parcels delivered around the world every day? How do they make cricket bats that can hit a ball at 150kmph? And what are the secrets of the Tokyo fish market? </text>
      </extended_event_descriptor>
    </event>
    <event id="92" start_time="2021-12-13 17:00:00" duration="3600">
      <short_event_descriptor lang="alb" name="How It's Made ">Documentary</short_event_descriptor>
      <extended_event_descriptor lang="alb">
        <text>Top and bowler hats, solar water heaters, sticky buns and electrostatic speakers go under the microscope. </text>
      </extended_event_descriptor>
    </event>
    <event id="93" start_time="2021-12-13 18:00:00" duration="3600">
      <short_event_descriptor lang="alb" name="Wheeler Dealers ">Documentary</short_event_descriptor>
      <extended_event_descriptor lang="alb">
        <text>Car legends Mike Brewer and Edd China are taking the biggest risk of their car careers. They're opening a shop in the extremely competitive West Coast of America.
</text>
      </extended_event_descriptor>
    </event>
    <event id="94" start_time="2021-12-13 19:00:00" duration="7200">
      <short_event_descriptor lang="alb" name="Naked and Afraid">Documentary</short_event_descriptor>
      <extended_event_descriptor lang="alb">
        <text>Naked And Afraid is the ultimate survival challenge. One man, one woman, 21 days with no food, water, shelter, or clothes...</text>
      </extended_event_descriptor>
    </event>
    <event id="95" start_time="2021-12-13 21:00:00" duration="7200">
      <short_event_descriptor lang="alb" name="Naked and Afraid XL">Documentary</short_event_descriptor>
      <extended_event_descriptor lang="alb">
        <text>Nine series veterans try to survive the deadly jungles of Ecuador's Amazon basin for 40 days and 40 nights. Hit by injury and hunger, they're pushed to the edge. [9-A]</text>
      </extended_event_descriptor>
    </event>
    <event id="96" start_time="2021-12-13 23:00:00" duration="3600">
      <short_event_descriptor lang="alb" name="Expedition Unknown">Documentary</short_event_descriptor>
      <extended_event_descriptor lang="alb">
        <text>Josh Gates travels to the remote and landmine-riddled jungles of Cambodia to investigate the lost city of the Khmer Empire and search for a mystical relic that gave its God King the power to incinerate his enemies...
</text>
      </extended_event_descriptor>
    </event>
    <event id="97" start_time="2021-12-14 00:00:00" duration="7200">
      <short_event_descriptor lang="alb" name="Naked and Afraid XL">Documentary</short_event_descriptor>
      <extended_event_descriptor lang="alb">
        <text>Nine series veterans try to survive the deadly jungles of Ecuador's Amazon basin for 40 days and 40 nights. Hit by injury and hunger, they're pushed to the edge. [9-A]</text>
      </extended_event_descriptor>
    </event>
    <event id="98" start_time="2021-12-14 02:00:00" duration="3600">
      <short_event_descriptor lang="alb" name="Naked and Afraid">Documentary</short_event_descriptor>
      <extended_event_descriptor lang="alb">
        <text>Naked And Afraid is the ultimate survival challenge. One man, one woman, 21 days with no food, water, shelter, or clothes...</text>
      </extended_event_descriptor>
    </event>
    <event id="99" start_time="2021-12-14 03:00:00" duration="14400">
      <short_event_descriptor lang="alb" name="Wheeler Dealers ">Documentary</short_event_descriptor>
      <extended_event_descriptor lang="alb">
        <text>Car legends Mike Brewer and Edd China are taking the biggest risk of their car careers. They're opening a shop in the extremely competitive West Coast of America.
</text>
      </extended_event_descriptor>
    </event>
    <event id="100" start_time="2021-12-14 07:00:00" duration="3600">
      <short_event_descriptor lang="alb" name="How It's Made ">Documentary</short_event_descriptor>
      <extended_event_descriptor lang="alb">
        <text>Top and bowler hats, solar water heaters, sticky buns and electrostatic speakers go under the microscope. </text>
      </extended_event_descriptor>
    </event>
    <event id="101" start_time="2021-12-14 08:00:00" duration="3600">
      <short_event_descriptor lang="alb" name="Shed and Buried">Documentary</short_event_descriptor>
      <extended_event_descriptor lang="alb">
        <text>Henry and Sam are in Bodmin Moor rummaging through a collection built up over 25 years. It includes amphibious craft, motorbikes, nuts and bolts.</text>
      </extended_event_descriptor>
    </event>
    <event id="102" start_time="2021-12-14 09:00:00" duration="3600">
      <short_event_descriptor lang="alb" name="Gold Rush">Documentary</short_event_descriptor>
      <extended_event_descriptor lang="alb">
        <text>GOLD RUSH follows miners who have risked it all for a chance at the American Dream</text>
      </extended_event_descriptor>
    </event>
    <event id="103" start_time="2021-12-14 10:00:00" duration="3600">
      <short_event_descriptor lang="alb" name="Salvage Hunters">Documentary</short_event_descriptor>
      <extended_event_descriptor lang="alb">
        <text>Always on the hunt for that elusive gem, Drew travels the length and breadth of the country in search of weird and wonderful objects.</text>
      </extended_event_descriptor>
    </event>
    <event id="104" start_time="2021-12-14 11:00:00" duration="3600">
      <short_event_descriptor lang="alb" name="Wheeler Dealers ">Documentary.</short_event_descriptor>
      <extended_event_descriptor lang="alb">
        <text>Car legends Mike Brewer and Edd China are taking the biggest risk of their car careers. They're opening a shop in the extremely competitive West Coast of America.
</text>
      </extended_event_descriptor>
    </event>
    <event id="105" start_time="2021-12-14 12:00:00" duration="10800">
      <short_event_descriptor lang="alb" name="Expedition Unknown">Documentary</short_event_descriptor>
      <extended_event_descriptor lang="alb">
        <text>Josh Gates travels to the remote and landmine-riddled jungles of Cambodia to investigate the lost city of the Khmer Empire and search for a mystical relic that gave its God King the power to incinerate his enemies...
</text>
      </extended_event_descriptor>
    </event>
    <event id="106" start_time="2021-12-14 15:00:00" duration="3600">
      <short_event_descriptor lang="alb" name="Shed and Buried">Documentary</short_event_descriptor>
      <extended_event_descriptor lang="alb">
        <text>Henry and Sam are in Bodmin Moor rummaging through a collection built up over 25 years. It includes amphibious craft, motorbikes, nuts and bolts.</text>
      </extended_event_descriptor>
    </event>
    <event id="107" start_time="2021-12-14 16:00:00" duration="3600">
      <short_event_descriptor lang="alb" name="How Do They Do It? ">Documentary</short_event_descriptor>
      <extended_event_descriptor lang="alb">
        <text>How are millions of parcels delivered around the world every day? How do they make cricket bats that can hit a ball at 150kmph? And what are the secrets of the Tokyo fish market? </text>
      </extended_event_descriptor>
    </event>
    <event id="108" start_time="2021-12-14 17:00:00" duration="3600">
      <short_event_descriptor lang="alb" name="How It's Made ">Documentary</short_event_descriptor>
      <extended_event_descriptor lang="alb">
        <text>Top and bowler hats, solar water heaters, sticky buns and electrostatic speakers go under the microscope. </text>
      </extended_event_descriptor>
    </event>
    <event id="109" start_time="2021-12-14 18:00:00" duration="3600">
      <short_event_descriptor lang="alb" name="Wheeler Dealers ">Documentary.</short_event_descriptor>
      <extended_event_descriptor lang="alb">
        <text>Car legends Mike Brewer and Edd China are taking the biggest risk of their car careers. They're opening a shop in the extremely competitive West Coast of America.
</text>
      </extended_event_descriptor>
    </event>
    <event id="110" start_time="2021-12-14 19:00:00" duration="3600">
      <short_event_descriptor lang="alb" name="Gold Rush">Documentary</short_event_descriptor>
      <extended_event_descriptor lang="alb">
        <text>GOLD RUSH follows miners who have risked it all for a chance at the American Dream</text>
      </extended_event_descriptor>
    </event>
    <event id="111" start_time="2021-12-14 20:00:00" duration="3600">
      <short_event_descriptor lang="alb" name="Gold Rush: White Water ">Documentary</short_event_descriptor>
      <extended_event_descriptor lang="alb">
        <text>The series follows placer gold miners Dustin Hurt and his father "Dakota" Fred Hurt, returning to McKinley Creek in Haines Borough, Alaska, seeking their fortune by suction dredge diving within its raging waters. </text>
      </extended_event_descriptor>
    </event>
    <event id="112" start_time="2021-12-14 21:00:00" duration="3600">
      <short_event_descriptor lang="alb" name="Gold Rush-Parker's Trail ">Documentary</short_event_descriptor>
      <extended_event_descriptor lang="alb">
        <text>Parker Schnabel takes his hunt for gold to Australia. He and the team explore and prospect the country in an adventure that could change Parker as a miner forever.</text>
      </extended_event_descriptor>
    </event>
    <event id="113" start_time="2021-12-14 22:00:00" duration="3600">
      <short_event_descriptor lang="alb" name="Salvage Hunters">Documentary</short_event_descriptor>
      <extended_event_descriptor lang="alb">
        <text>Always on the hunt for that elusive gem, Drew travels the length and breadth of the country in search of weird and wonderful objects.</text>
      </extended_event_descriptor>
    </event>
  </channel>
</WIDECAST_DVB>