<?xml version="1.0" encoding="ISO-8859-1"?>
<WIDECAST_DVB>
  <channel name="Era TV">
    <event id="0" start_time="2016-01-31 15:00:00" duration="28800">
      <short_event_descriptor lang="alb" name="Era TV">Programe.</short_event_descriptor>
      <extended_event_descriptor lang="alb">
        <text />
      </extended_event_descriptor>
    </event>
    <event id="1" start_time="2016-01-31 23:00:00" duration="28800">
      <short_event_descriptor lang="alb" name="Era TV">Programe.</short_event_descriptor>
      <extended_event_descriptor lang="alb">
        <text />
      </extended_event_descriptor>
    </event>
    <event id="2" start_time="2016-02-01 07:00:00" duration="28800">
      <short_event_descriptor lang="alb" name="Era TV">Programe.</short_event_descriptor>
      <extended_event_descriptor lang="alb">
        <text />
      </extended_event_descriptor>
    </event>
    <event id="3" start_time="2016-02-01 15:00:00" duration="28800">
      <short_event_descriptor lang="alb" name="Era TV">Programe.</short_event_descriptor>
      <extended_event_descriptor lang="alb">
        <text />
      </extended_event_descriptor>
    </event>
    <event id="4" start_time="2016-02-01 23:00:00" duration="28800">
      <short_event_descriptor lang="alb" name="Era TV">Programe.</short_event_descriptor>
      <extended_event_descriptor lang="alb">
        <text />
      </extended_event_descriptor>
    </event>
    <event id="5" start_time="2016-02-02 07:00:00" duration="28800">
      <short_event_descriptor lang="alb" name="Era TV">Programe.</short_event_descriptor>
      <extended_event_descriptor lang="alb">
        <text />
      </extended_event_descriptor>
    </event>
    <event id="6" start_time="2016-02-02 15:00:00" duration="28800">
      <short_event_descriptor lang="alb" name="Era TV">Programe.</short_event_descriptor>
      <extended_event_descriptor lang="alb">
        <text />
      </extended_event_descriptor>
    </event>
    <event id="7" start_time="2016-02-02 23:00:00" duration="28800">
      <short_event_descriptor lang="alb" name="Era TV">Programe.</short_event_descriptor>
      <extended_event_descriptor lang="alb">
        <text />
      </extended_event_descriptor>
    </event>
    <event id="8" start_time="2016-02-03 07:00:00" duration="28800">
      <short_event_descriptor lang="alb" name="Era TV">Programe.</short_event_descriptor>
      <extended_event_descriptor lang="alb">
        <text />
      </extended_event_descriptor>
    </event>
    <event id="9" start_time="2016-02-03 15:00:00" duration="28800">
      <short_event_descriptor lang="alb" name="Era TV">Programe.</short_event_descriptor>
      <extended_event_descriptor lang="alb">
        <text />
      </extended_event_descriptor>
    </event>
    <event id="10" start_time="2016-02-03 23:00:00" duration="28800">
      <short_event_descriptor lang="alb" name="Era TV">Programe.</short_event_descriptor>
      <extended_event_descriptor lang="alb">
        <text />
      </extended_event_descriptor>
    </event>
    <event id="11" start_time="2016-02-04 07:00:00" duration="28800">
      <short_event_descriptor lang="alb" name="Era TV">Programe.</short_event_descriptor>
      <extended_event_descriptor lang="alb">
        <text />
      </extended_event_descriptor>
    </event>
    <event id="12" start_time="2016-02-04 15:00:00" duration="28800">
      <short_event_descriptor lang="alb" name="Era TV">Programe.</short_event_descriptor>
      <extended_event_descriptor lang="alb">
        <text />
      </extended_event_descriptor>
    </event>
    <event id="13" start_time="2016-02-04 23:00:00" duration="28800">
      <short_event_descriptor lang="alb" name="Era TV">Programe.</short_event_descriptor>
      <extended_event_descriptor lang="alb">
        <text />
      </extended_event_descriptor>
    </event>
    <event id="14" start_time="2016-02-05 07:00:00" duration="28800">
      <short_event_descriptor lang="alb" name="Era TV">Programe.</short_event_descriptor>
      <extended_event_descriptor lang="alb">
        <text />
      </extended_event_descriptor>
    </event>
    <event id="15" start_time="2016-02-05 15:00:00" duration="28800">
      <short_event_descriptor lang="alb" name="Era TV">Programe.</short_event_descriptor>
      <extended_event_descriptor lang="alb">
        <text />
      </extended_event_descriptor>
    </event>
    <event id="16" start_time="2016-02-05 23:00:00" duration="28800">
      <short_event_descriptor lang="alb" name="Era TV">Programe.</short_event_descriptor>
      <extended_event_descriptor lang="alb">
        <text />
      </extended_event_descriptor>
    </event>
    <event id="17" start_time="2016-02-06 07:00:00" duration="28800">
      <short_event_descriptor lang="alb" name="Era TV">Programe.</short_event_descriptor>
      <extended_event_descriptor lang="alb">
        <text />
      </extended_event_descriptor>
    </event>
    <event id="18" start_time="2016-02-06 15:00:00" duration="28800">
      <short_event_descriptor lang="alb" name="Era TV">Programe.</short_event_descriptor>
      <extended_event_descriptor lang="alb">
        <text />
      </extended_event_descriptor>
    </event>
    <event id="19" start_time="2016-02-06 23:00:00" duration="28800">
      <short_event_descriptor lang="alb" name="Era TV">Programe.</short_event_descriptor>
      <extended_event_descriptor lang="alb">
        <text />
      </extended_event_descriptor>
    </event>
    <event id="20" start_time="2016-02-07 07:00:00" duration="28800">
      <short_event_descriptor lang="alb" name="Era TV">Programe.</short_event_descriptor>
      <extended_event_descriptor lang="alb">
        <text />
      </extended_event_descriptor>
    </event>
    <event id="21" start_time="2016-02-07 15:00:00" duration="28800">
      <short_event_descriptor lang="alb" name="Era TV">Programe.</short_event_descriptor>
      <extended_event_descriptor lang="alb">
        <text />
      </extended_event_descriptor>
    </event>
    <event id="22" start_time="2016-02-07 23:00:00" duration="28800">
      <short_event_descriptor lang="alb" name="Era TV">Programe.</short_event_descriptor>
      <extended_event_descriptor lang="alb">
        <text />
      </extended_event_descriptor>
    </event>
    <event id="23" start_time="2016-02-08 07:00:00" duration="28800">
      <short_event_descriptor lang="alb" name="Era TV">Programe.</short_event_descriptor>
      <extended_event_descriptor lang="alb">
        <text />
      </extended_event_descriptor>
    </event>
    <event id="24" start_time="2016-02-08 15:00:00" duration="28800">
      <short_event_descriptor lang="alb" name="Era TV">Programe.</short_event_descriptor>
      <extended_event_descriptor lang="alb">
        <text />
      </extended_event_descriptor>
    </event>
    <event id="25" start_time="2016-02-08 23:00:00" duration="28800">
      <short_event_descriptor lang="alb" name="Era TV">Programe.</short_event_descriptor>
      <extended_event_descriptor lang="alb">
        <text />
      </extended_event_descriptor>
    </event>
    <event id="26" start_time="2016-02-09 07:00:00" duration="28800">
      <short_event_descriptor lang="alb" name="Era TV">Programe.</short_event_descriptor>
      <extended_event_descriptor lang="alb">
        <text />
      </extended_event_descriptor>
    </event>
    <event id="27" start_time="2016-02-09 15:00:00" duration="28800">
      <short_event_descriptor lang="alb" name="Era TV">Programe.</short_event_descriptor>
      <extended_event_descriptor lang="alb">
        <text />
      </extended_event_descriptor>
    </event>
    <event id="28" start_time="2016-02-09 23:00:00" duration="28800">
      <short_event_descriptor lang="alb" name="Era TV">Programe.</short_event_descriptor>
      <extended_event_descriptor lang="alb">
        <text />
      </extended_event_descriptor>
    </event>
    <event id="29" start_time="2016-02-10 07:00:00" duration="28800">
      <short_event_descriptor lang="alb" name="Era TV">Programe.</short_event_descriptor>
      <extended_event_descriptor lang="alb">
        <text />
      </extended_event_descriptor>
    </event>
    <event id="30" start_time="2016-02-10 15:00:00" duration="28800">
      <short_event_descriptor lang="alb" name="Era TV">Programe.</short_event_descriptor>
      <extended_event_descriptor lang="alb">
        <text />
      </extended_event_descriptor>
    </event>
    <event id="31" start_time="2016-02-10 23:00:00" duration="28800">
      <short_event_descriptor lang="alb" name="Era TV">Programe.</short_event_descriptor>
      <extended_event_descriptor lang="alb">
        <text />
      </extended_event_descriptor>
    </event>
    <event id="32" start_time="2016-02-11 07:00:00" duration="28800">
      <short_event_descriptor lang="alb" name="Era TV">Programe.</short_event_descriptor>
      <extended_event_descriptor lang="alb">
        <text />
      </extended_event_descriptor>
    </event>
    <event id="33" start_time="2016-02-11 15:00:00" duration="28800">
      <short_event_descriptor lang="alb" name="Era TV">Programe.</short_event_descriptor>
      <extended_event_descriptor lang="alb">
        <text />
      </extended_event_descriptor>
    </event>
    <event id="34" start_time="2016-02-11 23:00:00" duration="28800">
      <short_event_descriptor lang="alb" name="Era TV">Programe.</short_event_descriptor>
      <extended_event_descriptor lang="alb">
        <text />
      </extended_event_descriptor>
    </event>
    <event id="35" start_time="2016-02-12 07:00:00" duration="28800">
      <short_event_descriptor lang="alb" name="Era TV">Programe.</short_event_descriptor>
      <extended_event_descriptor lang="alb">
        <text />
      </extended_event_descriptor>
    </event>
    <event id="36" start_time="2016-02-12 15:00:00" duration="28800">
      <short_event_descriptor lang="alb" name="Era TV">Programe.</short_event_descriptor>
      <extended_event_descriptor lang="alb">
        <text />
      </extended_event_descriptor>
    </event>
    <event id="37" start_time="2016-02-12 23:00:00" duration="28800">
      <short_event_descriptor lang="alb" name="Era TV">Programe.</short_event_descriptor>
      <extended_event_descriptor lang="alb">
        <text />
      </extended_event_descriptor>
    </event>
    <event id="38" start_time="2016-02-13 07:00:00" duration="28800">
      <short_event_descriptor lang="alb" name="Era TV">Programe.</short_event_descriptor>
      <extended_event_descriptor lang="alb">
        <text />
      </extended_event_descriptor>
    </event>
    <event id="39" start_time="2016-02-13 15:00:00" duration="28800">
      <short_event_descriptor lang="alb" name="Era TV">Programe.</short_event_descriptor>
      <extended_event_descriptor lang="alb">
        <text />
      </extended_event_descriptor>
    </event>
    <event id="40" start_time="2016-02-13 23:00:00" duration="28800">
      <short_event_descriptor lang="alb" name="Era TV">Programe.</short_event_descriptor>
      <extended_event_descriptor lang="alb">
        <text />
      </extended_event_descriptor>
    </event>
    <event id="41" start_time="2016-02-14 07:00:00" duration="28800">
      <short_event_descriptor lang="alb" name="Era TV">Programe.</short_event_descriptor>
      <extended_event_descriptor lang="alb">
        <text />
      </extended_event_descriptor>
    </event>
    <event id="42" start_time="2016-02-14 15:00:00" duration="28800">
      <short_event_descriptor lang="alb" name="Era TV">Programe.</short_event_descriptor>
      <extended_event_descriptor lang="alb">
        <text />
      </extended_event_descriptor>
    </event>
    <event id="43" start_time="2016-02-14 23:00:00" duration="28800">
      <short_event_descriptor lang="alb" name="Era TV">Programe.</short_event_descriptor>
      <extended_event_descriptor lang="alb">
        <text />
      </extended_event_descriptor>
    </event>
    <event id="44" start_time="2016-02-15 07:00:00" duration="28800">
      <short_event_descriptor lang="alb" name="Era TV">Programe.</short_event_descriptor>
      <extended_event_descriptor lang="alb">
        <text />
      </extended_event_descriptor>
    </event>
    <event id="45" start_time="2016-02-15 15:00:00" duration="28800">
      <short_event_descriptor lang="alb" name="Era TV">Programe.</short_event_descriptor>
      <extended_event_descriptor lang="alb">
        <text />
      </extended_event_descriptor>
    </event>
    <event id="46" start_time="2016-02-15 23:00:00" duration="28800">
      <short_event_descriptor lang="alb" name="Era TV">Programe.</short_event_descriptor>
      <extended_event_descriptor lang="alb">
        <text />
      </extended_event_descriptor>
    </event>
    <event id="47" start_time="2016-02-16 07:00:00" duration="28800">
      <short_event_descriptor lang="alb" name="Era TV">Programe.</short_event_descriptor>
      <extended_event_descriptor lang="alb">
        <text />
      </extended_event_descriptor>
    </event>
    <event id="48" start_time="2016-02-16 15:00:00" duration="28800">
      <short_event_descriptor lang="alb" name="Era TV">Programe.</short_event_descriptor>
      <extended_event_descriptor lang="alb">
        <text />
      </extended_event_descriptor>
    </event>
    <event id="49" start_time="2016-02-16 23:00:00" duration="28800">
      <short_event_descriptor lang="alb" name="Era TV">Programe.</short_event_descriptor>
      <extended_event_descriptor lang="alb">
        <text />
      </extended_event_descriptor>
    </event>
    <event id="50" start_time="2016-02-17 07:00:00" duration="28800">
      <short_event_descriptor lang="alb" name="Era TV">Programe.</short_event_descriptor>
      <extended_event_descriptor lang="alb">
        <text />
      </extended_event_descriptor>
    </event>
    <event id="51" start_time="2016-02-17 15:00:00" duration="28800">
      <short_event_descriptor lang="alb" name="Era TV">Programe.</short_event_descriptor>
      <extended_event_descriptor lang="alb">
        <text />
      </extended_event_descriptor>
    </event>
    <event id="52" start_time="2016-02-17 23:00:00" duration="28800">
      <short_event_descriptor lang="alb" name="Era TV">Programe.</short_event_descriptor>
      <extended_event_descriptor lang="alb">
        <text />
      </extended_event_descriptor>
    </event>
    <event id="53" start_time="2016-02-18 07:00:00" duration="28800">
      <short_event_descriptor lang="alb" name="Era TV">Programe.</short_event_descriptor>
      <extended_event_descriptor lang="alb">
        <text />
      </extended_event_descriptor>
    </event>
    <event id="54" start_time="2016-02-18 15:00:00" duration="28800">
      <short_event_descriptor lang="alb" name="Era TV">Programe.</short_event_descriptor>
      <extended_event_descriptor lang="alb">
        <text />
      </extended_event_descriptor>
    </event>
    <event id="55" start_time="2016-02-18 23:00:00" duration="28800">
      <short_event_descriptor lang="alb" name="Era TV">Programe.</short_event_descriptor>
      <extended_event_descriptor lang="alb">
        <text />
      </extended_event_descriptor>
    </event>
    <event id="56" start_time="2016-02-19 07:00:00" duration="28800">
      <short_event_descriptor lang="alb" name="Era TV">Programe.</short_event_descriptor>
      <extended_event_descriptor lang="alb">
        <text />
      </extended_event_descriptor>
    </event>
    <event id="57" start_time="2016-02-19 15:00:00" duration="28800">
      <short_event_descriptor lang="alb" name="Era TV">Programe.</short_event_descriptor>
      <extended_event_descriptor lang="alb">
        <text />
      </extended_event_descriptor>
    </event>
    <event id="58" start_time="2016-02-19 23:00:00" duration="28800">
      <short_event_descriptor lang="alb" name="Era TV">Programe.</short_event_descriptor>
      <extended_event_descriptor lang="alb">
        <text />
      </extended_event_descriptor>
    </event>
    <event id="59" start_time="2016-02-20 07:00:00" duration="28800">
      <short_event_descriptor lang="alb" name="Era TV">Programe.</short_event_descriptor>
      <extended_event_descriptor lang="alb">
        <text />
      </extended_event_descriptor>
    </event>
    <event id="60" start_time="2016-02-20 15:00:00" duration="28800">
      <short_event_descriptor lang="alb" name="Era TV">Programe.</short_event_descriptor>
      <extended_event_descriptor lang="alb">
        <text />
      </extended_event_descriptor>
    </event>
    <event id="61" start_time="2016-02-20 23:00:00" duration="28800">
      <short_event_descriptor lang="alb" name="Era TV">Programe.</short_event_descriptor>
      <extended_event_descriptor lang="alb">
        <text />
      </extended_event_descriptor>
    </event>
    <event id="62" start_time="2016-02-21 07:00:00" duration="28800">
      <short_event_descriptor lang="alb" name="Era TV">Programe.</short_event_descriptor>
      <extended_event_descriptor lang="alb">
        <text />
      </extended_event_descriptor>
    </event>
    <event id="63" start_time="2016-02-21 15:00:00" duration="28800">
      <short_event_descriptor lang="alb" name="Era TV">Programe.</short_event_descriptor>
      <extended_event_descriptor lang="alb">
        <text />
      </extended_event_descriptor>
    </event>
    <event id="64" start_time="2016-02-21 23:00:00" duration="28800">
      <short_event_descriptor lang="alb" name="Era TV">Programe.</short_event_descriptor>
      <extended_event_descriptor lang="alb">
        <text />
      </extended_event_descriptor>
    </event>
    <event id="65" start_time="2016-02-22 07:00:00" duration="28800">
      <short_event_descriptor lang="alb" name="Era TV">Programe.</short_event_descriptor>
      <extended_event_descriptor lang="alb">
        <text />
      </extended_event_descriptor>
    </event>
    <event id="66" start_time="2016-02-22 15:00:00" duration="28800">
      <short_event_descriptor lang="alb" name="Era TV">Programe.</short_event_descriptor>
      <extended_event_descriptor lang="alb">
        <text />
      </extended_event_descriptor>
    </event>
  </channel>
</WIDECAST_DVB>