<?xml version="1.0" encoding="ISO-8859-1"?>
<WIDECAST_DVB>
  <channel name="EuroSport">
    <event id="0" start_time="2019-08-11 06:00:00" duration="43200">
      <short_event_descriptor lang="alb" name="Programet e Eurosport">Programe dhe emisione</short_event_descriptor>
      <extended_event_descriptor lang="alb">
        <text>Programet dhe emisionet e kanalit Eurosport.</text>
      </extended_event_descriptor>
    </event>
    <event id="1" start_time="2019-08-11 18:00:00" duration="43200">
      <short_event_descriptor lang="alb" name="Programet e Eurosport">Programe dhe emisione</short_event_descriptor>
      <extended_event_descriptor lang="alb">
        <text>Programet dhe emisionet e kanalit Eurosport.</text>
      </extended_event_descriptor>
    </event>
    <event id="2" start_time="2019-08-12 06:00:00" duration="43200">
      <short_event_descriptor lang="alb" name="Programet e Eurosport">Programe dhe emisione</short_event_descriptor>
      <extended_event_descriptor lang="alb">
        <text>Programet dhe emisionet e kanalit Eurosport.</text>
      </extended_event_descriptor>
    </event>
    <event id="3" start_time="2019-08-12 18:00:00" duration="43200">
      <short_event_descriptor lang="alb" name="Programet e Eurosport">Programe dhe emisione</short_event_descriptor>
      <extended_event_descriptor lang="alb">
        <text>Programet dhe emisionet e kanalit Eurosport.</text>
      </extended_event_descriptor>
    </event>
    <event id="4" start_time="2019-08-13 06:00:00" duration="43200">
      <short_event_descriptor lang="alb" name="Programet e Eurosport">Programe dhe emisione</short_event_descriptor>
      <extended_event_descriptor lang="alb">
        <text>Programet dhe emisionet e kanalit Eurosport.</text>
      </extended_event_descriptor>
    </event>
    <event id="5" start_time="2019-08-13 18:00:00" duration="43200">
      <short_event_descriptor lang="alb" name="Programet e Eurosport">Programe dhe emisione</short_event_descriptor>
      <extended_event_descriptor lang="alb">
        <text>Programet dhe emisionet e kanalit Eurosport.</text>
      </extended_event_descriptor>
    </event>
    <event id="6" start_time="2019-08-14 06:00:00" duration="43200">
      <short_event_descriptor lang="alb" name="Programet e Eurosport">Programe dhe emisione</short_event_descriptor>
      <extended_event_descriptor lang="alb">
        <text>Programet dhe emisionet e kanalit Eurosport.</text>
      </extended_event_descriptor>
    </event>
    <event id="7" start_time="2019-08-14 18:00:00" duration="43200">
      <short_event_descriptor lang="alb" name="Programet e Eurosport">Programe dhe emisione</short_event_descriptor>
      <extended_event_descriptor lang="alb">
        <text>Programet dhe emisionet e kanalit Eurosport.</text>
      </extended_event_descriptor>
    </event>
    <event id="8" start_time="2019-08-15 06:00:00" duration="43200">
      <short_event_descriptor lang="alb" name="Programet e Eurosport">Programe dhe emisione</short_event_descriptor>
      <extended_event_descriptor lang="alb">
        <text>Programet dhe emisionet e kanalit Eurosport.</text>
      </extended_event_descriptor>
    </event>
    <event id="9" start_time="2019-08-15 18:00:00" duration="43200">
      <short_event_descriptor lang="alb" name="Programet e Eurosport">Programe dhe emisione</short_event_descriptor>
      <extended_event_descriptor lang="alb">
        <text>Programet dhe emisionet e kanalit Eurosport.</text>
      </extended_event_descriptor>
    </event>
    <event id="10" start_time="2019-08-16 06:00:00" duration="43200">
      <short_event_descriptor lang="alb" name="Programet e Eurosport">Programe dhe emisione</short_event_descriptor>
      <extended_event_descriptor lang="alb">
        <text>Programet dhe emisionet e kanalit Eurosport.</text>
      </extended_event_descriptor>
    </event>
    <event id="11" start_time="2019-08-16 18:00:00" duration="43200">
      <short_event_descriptor lang="alb" name="Programet e Eurosport">Programe dhe emisione</short_event_descriptor>
      <extended_event_descriptor lang="alb">
        <text>Programet dhe emisionet e kanalit Eurosport.</text>
      </extended_event_descriptor>
    </event>
    <event id="12" start_time="2019-08-17 06:00:00" duration="43200">
      <short_event_descriptor lang="alb" name="Programet e Eurosport">Programe dhe emisione</short_event_descriptor>
      <extended_event_descriptor lang="alb">
        <text>Programet dhe emisionet e kanalit Eurosport.</text>
      </extended_event_descriptor>
    </event>
    <event id="13" start_time="2019-08-17 18:00:00" duration="43200">
      <short_event_descriptor lang="alb" name="Programet e Eurosport">Programe dhe emisione</short_event_descriptor>
      <extended_event_descriptor lang="alb">
        <text>Programet dhe emisionet e kanalit Eurosport.</text>
      </extended_event_descriptor>
    </event>
    <event id="14" start_time="2019-08-18 06:00:00" duration="43200">
      <short_event_descriptor lang="alb" name="Programet e Eurosport">Programe dhe emisione</short_event_descriptor>
      <extended_event_descriptor lang="alb">
        <text>Programet dhe emisionet e kanalit Eurosport.</text>
      </extended_event_descriptor>
    </event>
    <event id="15" start_time="2019-08-18 18:00:00" duration="43200">
      <short_event_descriptor lang="alb" name="Programet e Eurosport">Programe dhe emisione</short_event_descriptor>
      <extended_event_descriptor lang="alb">
        <text>Programet dhe emisionet e kanalit Eurosport.</text>
      </extended_event_descriptor>
    </event>
    <event id="16" start_time="2019-08-19 06:00:00" duration="43200">
      <short_event_descriptor lang="alb" name="Programet e Eurosport">Programe dhe emisione</short_event_descriptor>
      <extended_event_descriptor lang="alb">
        <text>Programet dhe emisionet e kanalit Eurosport.</text>
      </extended_event_descriptor>
    </event>
    <event id="17" start_time="2019-08-19 18:00:00" duration="43200">
      <short_event_descriptor lang="alb" name="Programet e Eurosport">Programe dhe emisione</short_event_descriptor>
      <extended_event_descriptor lang="alb">
        <text>Programet dhe emisionet e kanalit Eurosport.</text>
      </extended_event_descriptor>
    </event>
    <event id="18" start_time="2019-08-20 06:00:00" duration="43200">
      <short_event_descriptor lang="alb" name="Programet e Eurosport">Programe dhe emisione</short_event_descriptor>
      <extended_event_descriptor lang="alb">
        <text>Programet dhe emisionet e kanalit Eurosport.</text>
      </extended_event_descriptor>
    </event>
    <event id="19" start_time="2019-08-20 18:00:00" duration="43200">
      <short_event_descriptor lang="alb" name="Programet e Eurosport">Programe dhe emisione</short_event_descriptor>
      <extended_event_descriptor lang="alb">
        <text>Programet dhe emisionet e kanalit Eurosport.</text>
      </extended_event_descriptor>
    </event>
    <event id="20" start_time="2019-08-21 06:00:00" duration="43200">
      <short_event_descriptor lang="alb" name="Programet e Eurosport">Programe dhe emisione</short_event_descriptor>
      <extended_event_descriptor lang="alb">
        <text>Programet dhe emisionet e kanalit Eurosport.</text>
      </extended_event_descriptor>
    </event>
    <event id="21" start_time="2019-08-21 18:00:00" duration="43200">
      <short_event_descriptor lang="alb" name="Programet e Eurosport">Programe dhe emisione</short_event_descriptor>
      <extended_event_descriptor lang="alb">
        <text>Programet dhe emisionet e kanalit Eurosport.</text>
      </extended_event_descriptor>
    </event>
    <event id="22" start_time="2019-08-22 06:00:00" duration="43200">
      <short_event_descriptor lang="alb" name="Programet e Eurosport">Programe dhe emisione</short_event_descriptor>
      <extended_event_descriptor lang="alb">
        <text>Programet dhe emisionet e kanalit Eurosport.</text>
      </extended_event_descriptor>
    </event>
    <event id="23" start_time="2019-08-22 18:00:00" duration="43200">
      <short_event_descriptor lang="alb" name="Programet e Eurosport">Programe dhe emisione</short_event_descriptor>
      <extended_event_descriptor lang="alb">
        <text>Programet dhe emisionet e kanalit Eurosport.</text>
      </extended_event_descriptor>
    </event>
    <event id="24" start_time="2019-08-23 06:00:00" duration="43200">
      <short_event_descriptor lang="alb" name="Programet e Eurosport">Programe dhe emisione</short_event_descriptor>
      <extended_event_descriptor lang="alb">
        <text>Programet dhe emisionet e kanalit Eurosport.</text>
      </extended_event_descriptor>
    </event>
    <event id="25" start_time="2019-08-23 18:00:00" duration="43200">
      <short_event_descriptor lang="alb" name="Programet e Eurosport">Programe dhe emisione</short_event_descriptor>
      <extended_event_descriptor lang="alb">
        <text>Programet dhe emisionet e kanalit Eurosport.</text>
      </extended_event_descriptor>
    </event>
    <event id="26" start_time="2019-08-24 06:00:00" duration="43200">
      <short_event_descriptor lang="alb" name="Programet e Eurosport">Programe dhe emisione</short_event_descriptor>
      <extended_event_descriptor lang="alb">
        <text>Programet dhe emisionet e kanalit Eurosport.</text>
      </extended_event_descriptor>
    </event>
    <event id="27" start_time="2019-08-24 18:00:00" duration="43200">
      <short_event_descriptor lang="alb" name="Programet e Eurosport">Programe dhe emisione</short_event_descriptor>
      <extended_event_descriptor lang="alb">
        <text>Programet dhe emisionet e kanalit Eurosport.</text>
      </extended_event_descriptor>
    </event>
    <event id="28" start_time="2019-08-25 06:00:00" duration="43200">
      <short_event_descriptor lang="alb" name="Programet e Eurosport">Programe dhe emisione</short_event_descriptor>
      <extended_event_descriptor lang="alb">
        <text>Programet dhe emisionet e kanalit Eurosport.</text>
      </extended_event_descriptor>
    </event>
    <event id="29" start_time="2019-08-25 18:00:00" duration="43200">
      <short_event_descriptor lang="alb" name="Programet e Eurosport">Programe dhe emisione</short_event_descriptor>
      <extended_event_descriptor lang="alb">
        <text>Programet dhe emisionet e kanalit Eurosport.</text>
      </extended_event_descriptor>
    </event>
    <event id="30" start_time="2019-08-26 06:00:00" duration="43200">
      <short_event_descriptor lang="alb" name="Programet e Eurosport">Programe dhe emisione</short_event_descriptor>
      <extended_event_descriptor lang="alb">
        <text>Programet dhe emisionet e kanalit Eurosport.</text>
      </extended_event_descriptor>
    </event>
    <event id="31" start_time="2019-08-26 18:00:00" duration="43200">
      <short_event_descriptor lang="alb" name="Programet e Eurosport">Programe dhe emisione</short_event_descriptor>
      <extended_event_descriptor lang="alb">
        <text>Programet dhe emisionet e kanalit Eurosport.</text>
      </extended_event_descriptor>
    </event>
    <event id="32" start_time="2019-08-27 06:00:00" duration="43200">
      <short_event_descriptor lang="alb" name="Programet e Eurosport">Programe dhe emisione</short_event_descriptor>
      <extended_event_descriptor lang="alb">
        <text>Programet dhe emisionet e kanalit Eurosport.</text>
      </extended_event_descriptor>
    </event>
    <event id="33" start_time="2019-08-27 18:00:00" duration="43200">
      <short_event_descriptor lang="alb" name="Programet e Eurosport">Programe dhe emisione</short_event_descriptor>
      <extended_event_descriptor lang="alb">
        <text>Programet dhe emisionet e kanalit Eurosport.</text>
      </extended_event_descriptor>
    </event>
    <event id="34" start_time="2019-08-28 06:00:00" duration="43200">
      <short_event_descriptor lang="alb" name="Programet e Eurosport">Programe dhe emisione</short_event_descriptor>
      <extended_event_descriptor lang="alb">
        <text>Programet dhe emisionet e kanalit Eurosport.</text>
      </extended_event_descriptor>
    </event>
    <event id="35" start_time="2019-08-28 18:00:00" duration="43200">
      <short_event_descriptor lang="alb" name="Programet e Eurosport">Programe dhe emisione</short_event_descriptor>
      <extended_event_descriptor lang="alb">
        <text>Programet dhe emisionet e kanalit Eurosport.</text>
      </extended_event_descriptor>
    </event>
    <event id="36" start_time="2019-08-29 06:00:00" duration="43200">
      <short_event_descriptor lang="alb" name="Programet e Eurosport">Programe dhe emisione</short_event_descriptor>
      <extended_event_descriptor lang="alb">
        <text>Programet dhe emisionet e kanalit Eurosport.</text>
      </extended_event_descriptor>
    </event>
    <event id="37" start_time="2019-08-29 18:00:00" duration="43200">
      <short_event_descriptor lang="alb" name="Programet e Eurosport">Programe dhe emisione</short_event_descriptor>
      <extended_event_descriptor lang="alb">
        <text>Programet dhe emisionet e kanalit Eurosport.</text>
      </extended_event_descriptor>
    </event>
    <event id="38" start_time="2019-08-30 06:00:00" duration="43200">
      <short_event_descriptor lang="alb" name="Programet e Eurosport">Programe dhe emisione</short_event_descriptor>
      <extended_event_descriptor lang="alb">
        <text>Programet dhe emisionet e kanalit Eurosport.</text>
      </extended_event_descriptor>
    </event>
    <event id="39" start_time="2019-08-30 18:00:00" duration="43200">
      <short_event_descriptor lang="alb" name="Programet e Eurosport">Programe dhe emisione</short_event_descriptor>
      <extended_event_descriptor lang="alb">
        <text>Programet dhe emisionet e kanalit Eurosport.</text>
      </extended_event_descriptor>
    </event>
    <event id="40" start_time="2019-08-31 06:00:00" duration="43200">
      <short_event_descriptor lang="alb" name="Programet e Eurosport">Programe dhe emisione</short_event_descriptor>
      <extended_event_descriptor lang="alb">
        <text>Programet dhe emisionet e kanalit Eurosport.</text>
      </extended_event_descriptor>
    </event>
    <event id="41" start_time="2019-08-31 18:00:00" duration="43200">
      <short_event_descriptor lang="alb" name="Programet e Eurosport">Programe dhe emisione</short_event_descriptor>
      <extended_event_descriptor lang="alb">
        <text>Programet dhe emisionet e kanalit Eurosport.</text>
      </extended_event_descriptor>
    </event>
  </channel>
</WIDECAST_DVB>