<?xml version="1.0" encoding="utf-8"?>
<WIDECAST_DVB>
<channel name="EuroSport 2 HD A1">
<event id="0" start_time="2018-02-09 22:00:00" duration="1800">
<short_event_descriptor lang="bul" name="Freestyle Skiing: Winter Olympic Games in Pyeong Chang, South">
</short_event_descriptor>
<extended_event_descriptor lang="bul">
<text>Men's Moguls Qualifying</text>
</extended_event_descriptor>
</event>
<event id="1" start_time="2018-02-09 22:30:00" duration="5400">
<short_event_descriptor lang="bul" name="Olympic Games: Winter Olympic Games">
</short_event_descriptor>
<extended_event_descriptor lang="bul">
<text>Opening Ceremony</text>
</extended_event_descriptor>
</event>
<event id="2" start_time="2018-02-10 00:00:00" duration="3600">
<short_event_descriptor lang="bul" name="Ski Jumping: Winter Olympic Games in Pyeong Chang, South Korea">
</short_event_descriptor>
<extended_event_descriptor lang="bul">
<text>Men's HS. 106 Qualifying</text>
</extended_event_descriptor>
</event>
<event id="3" start_time="2018-02-10 01:00:00" duration="1800">
<short_event_descriptor lang="bul" name="Ski Jumping: Kamil Stoch, The Untold Story">
</short_event_descriptor>
<extended_event_descriptor lang="bul">
</extended_event_descriptor>
</event>
<event id="4" start_time="2018-02-10 01:30:00" duration="1800">
<short_event_descriptor lang="bul" name="Freestyle Skiing: Winter Olympic Games in Pyeong Chang, South">
</short_event_descriptor>
<extended_event_descriptor lang="bul">
<text>Men's Moguls Qualifying</text>
</extended_event_descriptor>
</event>
<event id="5" start_time="2018-02-10 02:00:00" duration="7200">
<short_event_descriptor lang="bul" name="Olympic Games: Winter Olympic Games">
</short_event_descriptor>
<extended_event_descriptor lang="bul">
<text>Opening Ceremony</text>
</extended_event_descriptor>
</event>
<event id="6" start_time="2018-02-10 04:00:00" duration="3600">
<short_event_descriptor lang="bul" name="Figure Skating: Winter Olympic Games in Pyeong Chang, South Korea">
</short_event_descriptor>
<extended_event_descriptor lang="bul">
<text>Team Pairs Short Program</text>
</extended_event_descriptor>
</event>
<event id="7" start_time="2018-02-10 05:00:00" duration="3600">
<short_event_descriptor lang="bul" name="Ski Jumping: Winter Olympic Games in Pyeong Chang, South Korea">
</short_event_descriptor>
<extended_event_descriptor lang="bul">
<text>Men's HS. 106 Qualifying</text>
</extended_event_descriptor>
</event>
<event id="8" start_time="2018-02-10 06:00:00" duration="5400">
<short_event_descriptor lang="bul" name="Snowboard: Winter Olympic Games in Pyeong Chang, South Korea">
</short_event_descriptor>
<extended_event_descriptor lang="bul">
<text>Men's Slopestyle Qualifying</text>
</extended_event_descriptor>
</event>
<event id="9" start_time="2018-02-10 07:30:00" duration="9000">
<short_event_descriptor lang="bul" name="Ice Hockey: Winter Olympic Games in Pyeong Chang, South Korea">
</short_event_descriptor>
<extended_event_descriptor lang="bul">
<text>Women's Preliminary round: Japan - Sweden</text>
</extended_event_descriptor>
</event>
<event id="10" start_time="2018-02-10 10:00:00" duration="900">
<short_event_descriptor lang="bul" name="Olympic Games: Winter Olympic Games">
</short_event_descriptor>
<extended_event_descriptor lang="bul">
<text>Medal Ceremony</text>
</extended_event_descriptor>
</event>
<event id="11" start_time="2018-02-10 10:15:00" duration="2700">
<short_event_descriptor lang="bul" name="Alpine Skiing: Winter Olympic Games in Pyeong Chang, South Korea">
</short_event_descriptor>
<extended_event_descriptor lang="bul">
<text>Men's Downhill Training</text>
</extended_event_descriptor>
</event>
<event id="12" start_time="2018-02-10 11:00:00" duration="3600">
<short_event_descriptor lang="bul" name="Snowboard: Winter Olympic Games in Pyeong Chang, South Korea">
</short_event_descriptor>
<extended_event_descriptor lang="bul">
<text>Men's Slopestyle Qualifying</text>
</extended_event_descriptor>
</event>
<event id="13" start_time="2018-02-10 12:00:00" duration="9000">
<short_event_descriptor lang="bul" name="Ice Hockey: Winter Olympic Games in Pyeong Chang, South Korea">
</short_event_descriptor>
<extended_event_descriptor lang="bul">
<text>Women's Preliminary round: Switzerland - Korea</text>
</extended_event_descriptor>
</event>
<event id="14" start_time="2018-02-10 14:30:00" duration="7200">
<short_event_descriptor lang="bul" name="Football: Bundesliga">
</short_event_descriptor>
<extended_event_descriptor lang="bul">
<text>Day 22: Dortmund (Germany) - Hamburger SV (Germany)</text>
</extended_event_descriptor>
</event>
<event id="15" start_time="2018-02-10 16:30:00" duration="3600">
<short_event_descriptor lang="bul" name="Football: Bundesliga">
</short_event_descriptor>
<extended_event_descriptor lang="bul">
<text>Day 22: Bayer Leverkusen (Germany) - Hertha Berlin (Germany)</text>
</extended_event_descriptor>
</event>
<event id="16" start_time="2018-02-10 17:30:00" duration="7200">
<short_event_descriptor lang="bul" name="Football: Bundesliga">
</short_event_descriptor>
<extended_event_descriptor lang="bul">
<text>Day 22: Bayern Munich (Germany) - Schalke 04 (Germany)</text>
</extended_event_descriptor>
</event>
<event id="17" start_time="2018-02-10 19:30:00" duration="1800">
<short_event_descriptor lang="bul" name="Ice Hockey: Winter Olympic Games in Pyeong Chang, South Korea">
</short_event_descriptor>
<extended_event_descriptor lang="bul">
</extended_event_descriptor>
</event>
<event id="18" start_time="2018-02-10 20:00:00" duration="1800">
<short_event_descriptor lang="bul" name="Olympic Games: Olympic Extra">
</short_event_descriptor>
<extended_event_descriptor lang="bul">
</extended_event_descriptor>
</event>
<event id="19" start_time="2018-02-10 20:30:00" duration="3600">
<short_event_descriptor lang="bul" name="Ski Jumping: Winter Olympic Games in Pyeong Chang, South Korea">
</short_event_descriptor>
<extended_event_descriptor lang="bul">
<text>Men's HS. 106 Final</text>
</extended_event_descriptor>
</event>
<event id="20" start_time="2018-02-10 21:30:00" duration="3600">
<short_event_descriptor lang="bul" name="Biathlon: Winter Olympic Games in Pyeong Chang, South Korea">
</short_event_descriptor>
<extended_event_descriptor lang="bul">
<text>Women's 7.5km Sprint</text>
</extended_event_descriptor>
</event>
<event id="21" start_time="2018-02-10 22:30:00" duration="3600">
<short_event_descriptor lang="bul" name="Ski Jumping: Winter Olympic Games in Pyeong Chang, South Korea">
</short_event_descriptor>
<extended_event_descriptor lang="bul">
<text>Men's HS. 106 Final</text>
</extended_event_descriptor>
</event>
<event id="22" start_time="2018-02-10 23:30:00" duration="1800">
<short_event_descriptor lang="bul" name="Ice Hockey: Winter Olympic Games in Pyeong Chang, South Korea">
</short_event_descriptor>
<extended_event_descriptor lang="bul">
</extended_event_descriptor>
</event>
<event id="23" start_time="2018-02-11 00:00:00" duration="1800">
<short_event_descriptor lang="bul" name="Nordic Skiing: Winter Olympic Games in Pyeong Chang, South Korea">
</short_event_descriptor>
<extended_event_descriptor lang="bul">
</extended_event_descriptor>
</event>
<event id="24" start_time="2018-02-11 00:30:00" duration="5400">
<short_event_descriptor lang="bul" name="Ice Hockey: Winter Olympic Games in Pyeong Chang, South Korea">
</short_event_descriptor>
<extended_event_descriptor lang="bul">
<text>Women's Preliminary round: Switzerland - Korea</text>
</extended_event_descriptor>
</event>
<event id="25" start_time="2018-02-11 02:00:00" duration="5400">
<short_event_descriptor lang="bul" name="Ice Hockey: Winter Olympic Games in Pyeong Chang, South Korea">
</short_event_descriptor>
<extended_event_descriptor lang="bul">
<text>Women's Preliminary round: Japan - Sweden</text>
</extended_event_descriptor>
</event>
<event id="26" start_time="2018-02-11 03:30:00" duration="1800">
<short_event_descriptor lang="bul" name="Ice Hockey: Winter Olympic Games in Pyeong Chang, South Korea">
</short_event_descriptor>
<extended_event_descriptor lang="bul">
</extended_event_descriptor>
</event>
<event id="27" start_time="2018-02-11 04:00:00" duration="5400">
<short_event_descriptor lang="bul" name="Alpine Skiing: Winter Olympic Games in Pyeong Chang, South Korea">
</short_event_descriptor>
<extended_event_descriptor lang="bul">
<text>Men's Downhill</text>
</extended_event_descriptor>
</event>
<event id="28" start_time="2018-02-11 05:30:00" duration="5400">
<short_event_descriptor lang="bul" name="Ice Hockey: Winter Olympic Games in Pyeong Chang, South Korea">
</short_event_descriptor>
<extended_event_descriptor lang="bul">
<text>Women's Preliminary round: Switzerland - Korea</text>
</extended_event_descriptor>
</event>
<event id="29" start_time="2018-02-11 07:00:00" duration="1800">
<short_event_descriptor lang="bul" name="Ice Hockey: Winter Olympic Games in Pyeong Chang, South Korea">
</short_event_descriptor>
<extended_event_descriptor lang="bul">
</extended_event_descriptor>
</event>
<event id="30" start_time="2018-02-11 07:30:00" duration="9000">
<short_event_descriptor lang="bul" name="Ice Hockey: Winter Olympic Games in Pyeong Chang, South Korea">
</short_event_descriptor>
<extended_event_descriptor lang="bul">
<text>Women's Preliminary round: Finland - USA</text>
</extended_event_descriptor>
</event>
<event id="31" start_time="2018-02-11 10:00:00" duration="4800">
<short_event_descriptor lang="bul" name="Olympic Games: Winter Olympic Games">
</short_event_descriptor>
<extended_event_descriptor lang="bul">
<text>Medal Ceremony</text>
</extended_event_descriptor>
</event>
<event id="32" start_time="2018-02-11 11:20:00" duration="2400">
<short_event_descriptor lang="bul" name="Ice Hockey: Winter Olympic Games in Pyeong Chang, South Korea">
</short_event_descriptor>
<extended_event_descriptor lang="bul">
<text>Women's Preliminary round: Japan - Sweden</text>
</extended_event_descriptor>
</event>
<event id="33" start_time="2018-02-11 12:00:00" duration="9000">
<short_event_descriptor lang="bul" name="Ice Hockey: Winter Olympic Games in Pyeong Chang, South Korea">
</short_event_descriptor>
<extended_event_descriptor lang="bul">
<text>Women's Preliminary round: Canada - Olympic Athlete from Russia</text>
</extended_event_descriptor>
</event>
<event id="34" start_time="2018-02-11 14:30:00" duration="7200">
<short_event_descriptor lang="bul" name="Football: Bundesliga">
</short_event_descriptor>
<extended_event_descriptor lang="bul">
<text>Day 22: Stuttgart (Germany) - Monchengladbach (Germany)</text>
</extended_event_descriptor>
</event>
<event id="35" start_time="2018-02-11 16:30:00" duration="1800">
<short_event_descriptor lang="bul" name="Olympic Games: Olympic Extra">
</short_event_descriptor>
<extended_event_descriptor lang="bul">
</extended_event_descriptor>
</event>
<event id="36" start_time="2018-02-11 17:00:00" duration="7200">
<short_event_descriptor lang="bul" name="Football: Bundesliga">
</short_event_descriptor>
<extended_event_descriptor lang="bul">
<text>Day 22: Werder Bremen (Germany) - Wolfsburg (Germany)</text>
</extended_event_descriptor>
</event>
<event id="37" start_time="2018-02-11 19:00:00" duration="4500">
<short_event_descriptor lang="bul" name="Football: Bundesliga Highlights">
</short_event_descriptor>
<extended_event_descriptor lang="bul">
</extended_event_descriptor>
</event>
<event id="38" start_time="2018-02-11 20:15:00" duration="3600">
<short_event_descriptor lang="bul" name="Cycling: Tour of Dubai">
</short_event_descriptor>
<extended_event_descriptor lang="bul">
<text>Highlights</text>
</extended_event_descriptor>
</event>
<event id="39" start_time="2018-02-11 21:15:00" duration="2700">
<short_event_descriptor lang="bul" name="Biathlon: Winter Olympic Games in Pyeong Chang, South Korea">
</short_event_descriptor>
<extended_event_descriptor lang="bul">
<text>Men's 10, km Sprint</text>
</extended_event_descriptor>
</event>
<event id="40" start_time="2018-02-11 22:00:00" duration="3600">
<short_event_descriptor lang="bul" name="Alpine Skiing: Winter Olympic Games in Pyeong Chang, South Korea">
</short_event_descriptor>
<extended_event_descriptor lang="bul">
<text>Men's Downhill</text>
</extended_event_descriptor>
</event>
<event id="41" start_time="2018-02-11 23:00:00" duration="1800">
<short_event_descriptor lang="bul" name="Olympic Games: Olympic Extra">
</short_event_descriptor>
<extended_event_descriptor lang="bul">
</extended_event_descriptor>
</event>
<event id="42" start_time="2018-02-11 23:30:00" duration="1800">
<short_event_descriptor lang="bul" name="Ice Hockey: Winter Olympic Games in Pyeong Chang, South Korea">
</short_event_descriptor>
<extended_event_descriptor lang="bul">
</extended_event_descriptor>
</event>
<event id="43" start_time="2018-02-12 00:00:00" duration="1800">
<short_event_descriptor lang="bul" name="Nordic Skiing: Winter Olympic Games in Pyeong Chang, South Korea">
</short_event_descriptor>
<extended_event_descriptor lang="bul">
</extended_event_descriptor>
</event>
<event id="44" start_time="2018-02-12 00:30:00" duration="5400">
<short_event_descriptor lang="bul" name="Ice Hockey: Winter Olympic Games in Pyeong Chang, South Korea">
</short_event_descriptor>
<extended_event_descriptor lang="bul">
<text>Women's Preliminary round: Canada - Olympic Athlete from Russia</text>
</extended_event_descriptor>
</event>
<event id="45" start_time="2018-02-12 02:00:00" duration="5400">
<short_event_descriptor lang="bul" name="Ice Hockey: Winter Olympic Games in Pyeong Chang, South Korea">
</short_event_descriptor>
<extended_event_descriptor lang="bul">
<text>Women's Preliminary round: Finland - USA</text>
</extended_event_descriptor>
</event>
<event id="46" start_time="2018-02-12 03:30:00" duration="1800">
<short_event_descriptor lang="bul" name="Nordic Skiing: Winter Olympic Games in Pyeong Chang, South Korea">
</short_event_descriptor>
<extended_event_descriptor lang="bul">
</extended_event_descriptor>
</event>
<event id="47" start_time="2018-02-12 04:00:00" duration="1800">
<short_event_descriptor lang="bul" name="Ice Hockey: Winter Olympic Games in Pyeong Chang, South Korea">
</short_event_descriptor>
<extended_event_descriptor lang="bul">
</extended_event_descriptor>
</event>
<event id="48" start_time="2018-02-12 04:30:00" duration="7200">
<short_event_descriptor lang="bul" name="Ice Hockey: Winter Olympic Games in Pyeong Chang, South Korea">
</short_event_descriptor>
<extended_event_descriptor lang="bul">
<text>Women's Preliminary round: Canada - Olympic Athlete from Russia</text>
</extended_event_descriptor>
</event>
<event id="49" start_time="2018-02-12 06:30:00" duration="1800">
<short_event_descriptor lang="bul" name="Nordic Skiing: Winter Olympic Games in Pyeong Chang, South Korea">
</short_event_descriptor>
<extended_event_descriptor lang="bul">
</extended_event_descriptor>
</event>
<event id="50" start_time="2018-02-12 07:00:00" duration="1800">
<short_event_descriptor lang="bul" name="Ice Hockey: Winter Olympic Games in Pyeong Chang, South Korea">
</short_event_descriptor>
<extended_event_descriptor lang="bul">
</extended_event_descriptor>
</event>
<event id="51" start_time="2018-02-12 07:30:00" duration="9000">
<short_event_descriptor lang="bul" name="Ice Hockey: Winter Olympic Games in Pyeong Chang, South Korea">
</short_event_descriptor>
<extended_event_descriptor lang="bul">
<text>Women's Preliminary round: Switzerland - Japan</text>
</extended_event_descriptor>
</event>
<event id="52" start_time="2018-02-12 10:00:00" duration="4800">
<short_event_descriptor lang="bul" name="Olympic Games: Winter Olympic Games">
</short_event_descriptor>
<extended_event_descriptor lang="bul">
<text>Medal Ceremony</text>
</extended_event_descriptor>
</event>
<event id="53" start_time="2018-02-12 11:20:00" duration="2400">
<short_event_descriptor lang="bul" name="Alpine Skiing: Winter Olympic Games in Pyeong Chang, South Korea">
</short_event_descriptor>
<extended_event_descriptor lang="bul">
<text>Women's Giant Slalom 2nd Leg</text>
</extended_event_descriptor>
</event>
<event id="54" start_time="2018-02-12 12:00:00" duration="9000">
<short_event_descriptor lang="bul" name="Ice Hockey: Winter Olympic Games in Pyeong Chang, South Korea">
</short_event_descriptor>
<extended_event_descriptor lang="bul">
<text>Women's Preliminary round: Sweden - Korea</text>
</extended_event_descriptor>
</event>
<event id="55" start_time="2018-02-12 14:30:00" duration="5400">
<short_event_descriptor lang="bul" name="Ice Hockey: Winter Olympic Games in Pyeong Chang, South Korea">
</short_event_descriptor>
<extended_event_descriptor lang="bul">
<text>Women's Preliminary round: Switzerland - Japan</text>
</extended_event_descriptor>
</event>
<event id="56" start_time="2018-02-12 16:00:00" duration="1800">
<short_event_descriptor lang="bul" name="Olympic Games: Olympic Extra">
</short_event_descriptor>
<extended_event_descriptor lang="bul">
</extended_event_descriptor>
</event>
<event id="57" start_time="2018-02-12 16:30:00" duration="1800">
<short_event_descriptor lang="bul" name="Biathlon: Winter Olympic Games in Pyeong Chang, South Korea">
</short_event_descriptor>
<extended_event_descriptor lang="bul">
<text>Women's 10, km Pursuit</text>
</extended_event_descriptor>
</event>
<event id="58" start_time="2018-02-12 17:00:00" duration="1800">
<short_event_descriptor lang="bul" name="Biathlon: Winter Olympic Games in Pyeong Chang, South Korea">
</short_event_descriptor>
<extended_event_descriptor lang="bul">
<text>Men's 12.5km Pursuit</text>
</extended_event_descriptor>
</event>
<event id="59" start_time="2018-02-12 17:30:00" duration="1800">
<short_event_descriptor lang="bul" name="Alpine Skiing: Winter Olympic Games in Pyeong Chang, South Korea">
</short_event_descriptor>
<extended_event_descriptor lang="bul">
<text>Women's Giant Slalom 1st Leg</text>
</extended_event_descriptor>
</event>
<event id="60" start_time="2018-02-12 18:00:00" duration="1800">
<short_event_descriptor lang="bul" name="Alpine Skiing: Winter Olympic Games in Pyeong Chang, South Korea">
</short_event_descriptor>
<extended_event_descriptor lang="bul">
<text>Women's Giant Slalom 2nd Leg</text>
</extended_event_descriptor>
</event>
<event id="61" start_time="2018-02-12 18:30:00" duration="1800">
<short_event_descriptor lang="bul" name="Biathlon: Winter Olympic Games in Pyeong Chang, South Korea">
</short_event_descriptor>
<extended_event_descriptor lang="bul">
<text>Men's 12.5km Pursuit</text>
</extended_event_descriptor>
</event>
<event id="62" start_time="2018-02-12 19:00:00" duration="1800">
<short_event_descriptor lang="bul" name="Ice Hockey: Winter Olympic Games in Pyeong Chang, South Korea">
</short_event_descriptor>
<extended_event_descriptor lang="bul">
</extended_event_descriptor>
</event>
<event id="63" start_time="2018-02-12 19:30:00" duration="1800">
<short_event_descriptor lang="bul" name="Nordic Skiing: Winter Olympic Games in Pyeong Chang, South Korea">
</short_event_descriptor>
<extended_event_descriptor lang="bul">
</extended_event_descriptor>
</event>
<event id="64" start_time="2018-02-12 20:00:00" duration="1800">
<short_event_descriptor lang="bul" name="Alpine Skiing: Winter Olympic Games in Pyeong Chang, South Korea">
</short_event_descriptor>
<extended_event_descriptor lang="bul">
<text>Women's Giant Slalom 2nd Leg</text>
</extended_event_descriptor>
</event>
<event id="65" start_time="2018-02-12 20:30:00" duration="1800">
<short_event_descriptor lang="bul" name="Olympic Games: Olympic Extra">
</short_event_descriptor>
<extended_event_descriptor lang="bul">
</extended_event_descriptor>
</event>
<event id="66" start_time="2018-02-12 21:00:00" duration="1800">
<short_event_descriptor lang="bul" name="Biathlon: Winter Olympic Games in Pyeong Chang, South Korea">
</short_event_descriptor>
<extended_event_descriptor lang="bul">
<text>Women's 10, km Pursuit</text>
</extended_event_descriptor>
</event>
<event id="67" start_time="2018-02-12 21:30:00" duration="1800">
<short_event_descriptor lang="bul" name="Biathlon: Winter Olympic Games in Pyeong Chang, South Korea">
</short_event_descriptor>
<extended_event_descriptor lang="bul">
<text>Men's 12.5km Pursuit</text>
</extended_event_descriptor>
</event>
<event id="68" start_time="2018-02-12 22:00:00" duration="1800">
<short_event_descriptor lang="bul" name="Ice Hockey: Winter Olympic Games in Pyeong Chang, South Korea">
</short_event_descriptor>
<extended_event_descriptor lang="bul">
</extended_event_descriptor>
</event>
<event id="69" start_time="2018-02-12 22:30:00" duration="1800">
<short_event_descriptor lang="bul" name="Alpine Skiing: Winter Olympic Games in Pyeong Chang, South Korea">
</short_event_descriptor>
<extended_event_descriptor lang="bul">
<text>Women's Giant Slalom 1st Leg</text>
</extended_event_descriptor>
</event>
<event id="70" start_time="2018-02-12 23:00:00" duration="1800">
<short_event_descriptor lang="bul" name="Alpine Skiing: Winter Olympic Games in Pyeong Chang, South Korea">
</short_event_descriptor>
<extended_event_descriptor lang="bul">
<text>Women's Giant Slalom 2nd Leg</text>
</extended_event_descriptor>
</event>
<event id="71" start_time="2018-02-12 23:30:00" duration="1800">
<short_event_descriptor lang="bul" name="Ice Hockey: Winter Olympic Games in Pyeong Chang, South Korea">
</short_event_descriptor>
<extended_event_descriptor lang="bul">
</extended_event_descriptor>
</event>
<event id="72" start_time="2018-02-13 00:00:00" duration="1800">
<short_event_descriptor lang="bul" name="Nordic Skiing: Winter Olympic Games in Pyeong Chang, South Korea">
</short_event_descriptor>
<extended_event_descriptor lang="bul">
</extended_event_descriptor>
</event>
<event id="73" start_time="2018-02-13 00:30:00" duration="5400">
<short_event_descriptor lang="bul" name="Ice Hockey: Winter Olympic Games in Pyeong Chang, South Korea">
</short_event_descriptor>
<extended_event_descriptor lang="bul">
<text>Women's Preliminary round: Sweden - Korea</text>
</extended_event_descriptor>
</event>
<event id="74" start_time="2018-02-13 02:00:00" duration="5400">
<short_event_descriptor lang="bul" name="Ice Hockey: Winter Olympic Games in Pyeong Chang, South Korea">
</short_event_descriptor>
<extended_event_descriptor lang="bul">
<text>Women's Preliminary round: Switzerland - Japan</text>
</extended_event_descriptor>
</event>
<event id="75" start_time="2018-02-13 03:30:00" duration="1800">
<short_event_descriptor lang="bul" name="Nordic Skiing: Winter Olympic Games in Pyeong Chang, South Korea">
</short_event_descriptor>
<extended_event_descriptor lang="bul">
</extended_event_descriptor>
</event>
<event id="76" start_time="2018-02-13 04:00:00" duration="1800">
<short_event_descriptor lang="bul" name="Ice Hockey: Winter Olympic Games in Pyeong Chang, South Korea">
</short_event_descriptor>
<extended_event_descriptor lang="bul">
</extended_event_descriptor>
</event>
<event id="77" start_time="2018-02-13 04:30:00" duration="2700">
<short_event_descriptor lang="bul" name="Biathlon: Winter Olympic Games in Pyeong Chang, South Korea">
</short_event_descriptor>
<extended_event_descriptor lang="bul">
<text>Men's 12.5km Pursuit</text>
</extended_event_descriptor>
</event>
<event id="78" start_time="2018-02-13 05:15:00" duration="3600">
<short_event_descriptor lang="bul" name="Ice Hockey: Winter Olympic Games in Pyeong Chang, South Korea">
</short_event_descriptor>
<extended_event_descriptor lang="bul">
<text>Women's Preliminary round: Sweden - Korea</text>
</extended_event_descriptor>
</event>
<event id="79" start_time="2018-02-13 06:15:00" duration="4500">
<short_event_descriptor lang="bul" name="Ice Hockey: Winter Olympic Games in Pyeong Chang, South Korea">
</short_event_descriptor>
<extended_event_descriptor lang="bul">
<text>Women's Preliminary round: Canada - Olympic Athlete from Russia</text>
</extended_event_descriptor>
</event>
<event id="80" start_time="2018-02-13 07:30:00" duration="9000">
<short_event_descriptor lang="bul" name="Ice Hockey: Winter Olympic Games in Pyeong Chang, South Korea">
</short_event_descriptor>
<extended_event_descriptor lang="bul">
<text>Women's Preliminary round: Canada - Finland</text>
</extended_event_descriptor>
</event>
<event id="81" start_time="2018-02-13 10:00:00" duration="5400">
<short_event_descriptor lang="bul" name="Olympic Games: Winter Olympic Games">
</short_event_descriptor>
<extended_event_descriptor lang="bul">
<text>Medal Ceremony</text>
</extended_event_descriptor>
</event>
<event id="82" start_time="2018-02-13 11:30:00" duration="1800">
<short_event_descriptor lang="bul" name="Alpine Skiing: Winter Olympic Games in Pyeong Chang, South Korea">
</short_event_descriptor>
<extended_event_descriptor lang="bul">
<text>Men's Combined Slalom</text>
</extended_event_descriptor>
</event>
<event id="83" start_time="2018-02-13 12:00:00" duration="9000">
<short_event_descriptor lang="bul" name="Ice Hockey: Winter Olympic Games in Pyeong Chang, South Korea">
</short_event_descriptor>
<extended_event_descriptor lang="bul">
<text>Women's Preliminary round: United States - Olympic Athlete from Russia</text>
</extended_event_descriptor>
</event>
<event id="84" start_time="2018-02-13 14:30:00" duration="5400">
<short_event_descriptor lang="bul" name="Ice Hockey: Winter Olympic Games in Pyeong Chang, South Korea">
</short_event_descriptor>
<extended_event_descriptor lang="bul">
<text>Women's Preliminary round: Canada - Finland</text>
</extended_event_descriptor>
</event>
<event id="85" start_time="2018-02-13 16:00:00" duration="1800">
<short_event_descriptor lang="bul" name="Olympic Games: Olympic Extra">
</short_event_descriptor>
<extended_event_descriptor lang="bul">
</extended_event_descriptor>
</event>
<event id="86" start_time="2018-02-13 16:30:00" duration="3600">
<short_event_descriptor lang="bul" name="Ice Hockey: Winter Olympic Games in Pyeong Chang, South Korea">
</short_event_descriptor>
<extended_event_descriptor lang="bul">
<text>Women's Preliminary round: United States - Olympic Athlete from Russia</text>
</extended_event_descriptor>
</event>
<event id="87" start_time="2018-02-13 17:30:00" duration="1800">
<short_event_descriptor lang="bul" name="Alpine Skiing: Winter Olympic Games in Pyeong Chang, South Korea">
</short_event_descriptor>
<extended_event_descriptor lang="bul">
<text>Men's Combined Downhill</text>
</extended_event_descriptor>
</event>
<event id="88" start_time="2018-02-13 18:00:00" duration="1800">
<short_event_descriptor lang="bul" name="Alpine Skiing: Winter Olympic Games in Pyeong Chang, South Korea">
</short_event_descriptor>
<extended_event_descriptor lang="bul">
<text>Men's Combined Slalom</text>
</extended_event_descriptor>
</event>
<event id="89" start_time="2018-02-13 18:30:00" duration="1800">
<short_event_descriptor lang="bul" name="Ice Hockey: Winter Olympic Games in Pyeong Chang, South Korea">
</short_event_descriptor>
<extended_event_descriptor lang="bul">
</extended_event_descriptor>
</event>
<event id="90" start_time="2018-02-13 19:00:00" duration="1800">
<short_event_descriptor lang="bul" name="Nordic Skiing: Winter Olympic Games in Pyeong Chang, South Korea">
</short_event_descriptor>
<extended_event_descriptor lang="bul">
</extended_event_descriptor>
</event>
<event id="91" start_time="2018-02-13 19:30:00" duration="3600">
<short_event_descriptor lang="bul" name="Ice Hockey: Winter Olympic Games in Pyeong Chang, South Korea">
</short_event_descriptor>
<extended_event_descriptor lang="bul">
<text>Women's Preliminary round: Canada - Finland</text>
</extended_event_descriptor>
</event>
<event id="92" start_time="2018-02-13 20:30:00" duration="1800">
<short_event_descriptor lang="bul" name="Olympic Games: Olympic Extra">
</short_event_descriptor>
<extended_event_descriptor lang="bul">
</extended_event_descriptor>
</event>
<event id="93" start_time="2018-02-13 21:00:00" duration="1800">
<short_event_descriptor lang="bul" name="Alpine Skiing: Winter Olympic Games in Pyeong Chang, South Korea">
</short_event_descriptor>
<extended_event_descriptor lang="bul">
<text>Men's Combined Downhill</text>
</extended_event_descriptor>
</event>
<event id="94" start_time="2018-02-13 21:30:00" duration="1800">
<short_event_descriptor lang="bul" name="Alpine Skiing: Winter Olympic Games in Pyeong Chang, South Korea">
</short_event_descriptor>
<extended_event_descriptor lang="bul">
<text>Men's Combined Slalom</text>
</extended_event_descriptor>
</event>
<event id="95" start_time="2018-02-13 22:00:00" duration="1800">
<short_event_descriptor lang="bul" name="Ice Hockey: Winter Olympic Games in Pyeong Chang, South Korea">
</short_event_descriptor>
<extended_event_descriptor lang="bul">
</extended_event_descriptor>
</event>
<event id="96" start_time="2018-02-13 22:30:00" duration="1800">
<short_event_descriptor lang="bul" name="Nordic Skiing: Winter Olympic Games in Pyeong Chang, South Korea">
</short_event_descriptor>
<extended_event_descriptor lang="bul">
</extended_event_descriptor>
</event>
<event id="97" start_time="2018-02-13 23:00:00" duration="5400">
<short_event_descriptor lang="bul" name="Ice Hockey: Winter Olympic Games in Pyeong Chang, South Korea">
</short_event_descriptor>
<extended_event_descriptor lang="bul">
<text>Women's Preliminary round: Canada - Finland</text>
</extended_event_descriptor>
</event>
<event id="98" start_time="2018-02-14 00:30:00" duration="5400">
<short_event_descriptor lang="bul" name="Ice Hockey: Winter Olympic Games in Pyeong Chang, South Korea">
</short_event_descriptor>
<extended_event_descriptor lang="bul">
<text>Women's Preliminary round: United States - Olympic Athlete from Russia</text>
</extended_event_descriptor>
</event>
<event id="99" start_time="2018-02-14 02:00:00" duration="1800">
<short_event_descriptor lang="bul" name="Ice Hockey: Winter Olympic Games in Pyeong Chang, South Korea">
</short_event_descriptor>
<extended_event_descriptor lang="bul">
</extended_event_descriptor>
</event>
<event id="100" start_time="2018-02-14 02:30:00" duration="1800">
<short_event_descriptor lang="bul" name="Nordic Skiing: Winter Olympic Games in Pyeong Chang, South Korea">
</short_event_descriptor>
<extended_event_descriptor lang="bul">
</extended_event_descriptor>
</event>
<event id="101" start_time="2018-02-14 03:00:00" duration="9000">
<short_event_descriptor lang="bul" name="Ice Hockey: Winter Olympic Games in Pyeong Chang, South Korea">
</short_event_descriptor>
<extended_event_descriptor lang="bul">
<text>Women's Preliminary round: Sweden - Switzerland</text>
</extended_event_descriptor>
</event>
<event id="102" start_time="2018-02-14 05:30:00" duration="3600">
<short_event_descriptor lang="bul" name="Cross-country Skiing: Winter Olympic Games in Pyeong Chang">
</short_event_descriptor>
<extended_event_descriptor lang="bul">
<text>Sprint Classic</text>
</extended_event_descriptor>
</event>
<event id="103" start_time="2018-02-14 06:30:00" duration="3600">
<short_event_descriptor lang="bul" name="Alpine Skiing: Winter Olympic Games in Pyeong Chang, South Korea">
</short_event_descriptor>
<extended_event_descriptor lang="bul">
<text>Women's Slalom 2nd Leg</text>
</extended_event_descriptor>
</event>
<event id="104" start_time="2018-02-14 07:30:00" duration="9000">
<short_event_descriptor lang="bul" name="Ice Hockey: Winter Olympic Games in Pyeong Chang, South Korea">
</short_event_descriptor>
<extended_event_descriptor lang="bul">
<text>Women's Preliminary round: Korea - Japan</text>
</extended_event_descriptor>
</event>
<event id="105" start_time="2018-02-14 10:00:00" duration="5400">
<short_event_descriptor lang="bul" name="Olympic Games: Winter Olympic Games">
</short_event_descriptor>
<extended_event_descriptor lang="bul">
<text>Medal Ceremony</text>
</extended_event_descriptor>
</event>
<event id="106" start_time="2018-02-14 11:30:00" duration="1800">
<short_event_descriptor lang="bul" name="Alpine Skiing: Winter Olympic Games in Pyeong Chang, South Korea">
</short_event_descriptor>
<extended_event_descriptor lang="bul">
<text>Women's Slalom 2nd Leg</text>
</extended_event_descriptor>
</event>
<event id="107" start_time="2018-02-14 12:00:00" duration="9000">
<short_event_descriptor lang="bul" name="Ice Hockey: Winter Olympic Games in Pyeong Chang, South Korea">
</short_event_descriptor>
<extended_event_descriptor lang="bul">
<text>Men's Preliminary Round: Slovakia - Olympic Athlete from Russia</text>
</extended_event_descriptor>
</event>
<event id="108" start_time="2018-02-14 14:30:00" duration="5400">
<short_event_descriptor lang="bul" name="Cycling: Tour of Andalusia, Spain">
</short_event_descriptor>
<extended_event_descriptor lang="bul">
<text>Stage 1</text>
</extended_event_descriptor>
</event>
<event id="109" start_time="2018-02-14 16:00:00" duration="3600">
<short_event_descriptor lang="bul" name="Cycling: Tour of the Algarve, Portugal">
</short_event_descriptor>
<extended_event_descriptor lang="bul">
<text>Stage 1</text>
</extended_event_descriptor>
</event>
<event id="110" start_time="2018-02-14 17:00:00" duration="1800">
<short_event_descriptor lang="bul" name="Olympic Games: Olympic Extra">
</short_event_descriptor>
<extended_event_descriptor lang="bul">
</extended_event_descriptor>
</event>
<event id="111" start_time="2018-02-14 17:30:00" duration="1800">
<short_event_descriptor lang="bul" name="Alpine Skiing: Winter Olympic Games in Pyeong Chang, South Korea">
</short_event_descriptor>
<extended_event_descriptor lang="bul">
<text>Women's Slalom 2nd Leg</text>
</extended_event_descriptor>
</event>
<event id="112" start_time="2018-02-14 18:00:00" duration="3600">
<short_event_descriptor lang="bul" name="Ice Hockey: Winter Olympic Games in Pyeong Chang, South Korea">
</short_event_descriptor>
<extended_event_descriptor lang="bul">
<text>Women's Preliminary round: Korea - Japan</text>
</extended_event_descriptor>
</event>
<event id="113" start_time="2018-02-14 19:00:00" duration="1800">
<short_event_descriptor lang="bul" name="Nordic Skiing: Winter Olympic Games in Pyeong Chang, South Korea">
</short_event_descriptor>
<extended_event_descriptor lang="bul">
</extended_event_descriptor>
</event>
<event id="114" start_time="2018-02-14 19:30:00" duration="1800">
<short_event_descriptor lang="bul" name="Alpine Skiing: Winter Olympic Games in Pyeong Chang, South Korea">
</short_event_descriptor>
<extended_event_descriptor lang="bul">
<text>Women's Slalom 2nd Leg</text>
</extended_event_descriptor>
</event>
<event id="115" start_time="2018-02-14 20:00:00" duration="1800">
<short_event_descriptor lang="bul" name="Ice Hockey: Winter Olympic Games in Pyeong Chang, South Korea">
</short_event_descriptor>
<extended_event_descriptor lang="bul">
</extended_event_descriptor>
</event>
<event id="116" start_time="2018-02-14 20:30:00" duration="1800">
<short_event_descriptor lang="bul" name="Olympic Games: Olympic Extra">
</short_event_descriptor>
<extended_event_descriptor lang="bul">
</extended_event_descriptor>
</event>
<event id="117" start_time="2018-02-14 21:00:00" duration="5400">
<short_event_descriptor lang="bul" name="Ice Hockey: Winter Olympic Games in Pyeong Chang, South Korea">
</short_event_descriptor>
<extended_event_descriptor lang="bul">
<text>Men's Preliminary Round: Slovakia - Olympic Athlete from Russia</text>
</extended_event_descriptor>
</event>
<event id="118" start_time="2018-02-14 22:30:00" duration="1800">
<short_event_descriptor lang="bul" name="Alpine Skiing: Winter Olympic Games in Pyeong Chang, South Korea">
</short_event_descriptor>
<extended_event_descriptor lang="bul">
<text>Women's Slalom 1st Leg</text>
</extended_event_descriptor>
</event>
<event id="119" start_time="2018-02-14 23:00:00" duration="1800">
<short_event_descriptor lang="bul" name="Alpine Skiing: Winter Olympic Games in Pyeong Chang, South Korea">
</short_event_descriptor>
<extended_event_descriptor lang="bul">
<text>Women's Slalom 2nd Leg</text>
</extended_event_descriptor>
</event>
<event id="120" start_time="2018-02-14 23:30:00" duration="1800">
<short_event_descriptor lang="bul" name="Ice Hockey: Winter Olympic Games in Pyeong Chang, South Korea">
</short_event_descriptor>
<extended_event_descriptor lang="bul">
</extended_event_descriptor>
</event>
<event id="121" start_time="2018-02-15 00:00:00" duration="1800">
<short_event_descriptor lang="bul" name="Nordic Skiing: Winter Olympic Games in Pyeong Chang, South Korea">
</short_event_descriptor>
<extended_event_descriptor lang="bul">
</extended_event_descriptor>
</event>
<event id="122" start_time="2018-02-15 00:30:00" duration="5400">
<short_event_descriptor lang="bul" name="Ice Hockey: Winter Olympic Games in Pyeong Chang, South Korea">
</short_event_descriptor>
<extended_event_descriptor lang="bul">
<text>Men's Preliminary Round: Slovakia - Olympic Athlete from Russia</text>
</extended_event_descriptor>
</event>
<event id="123" start_time="2018-02-15 02:00:00" duration="1800">
<short_event_descriptor lang="bul" name="Ice Hockey: Winter Olympic Games in Pyeong Chang, South Korea">
</short_event_descriptor>
<extended_event_descriptor lang="bul">
</extended_event_descriptor>
</event>
<event id="124" start_time="2018-02-15 02:30:00" duration="1800">
<short_event_descriptor lang="bul" name="Nordic Skiing: Winter Olympic Games in Pyeong Chang, South Korea">
</short_event_descriptor>
<extended_event_descriptor lang="bul">
</extended_event_descriptor>
</event>
<event id="125" start_time="2018-02-15 03:00:00" duration="9000">
<short_event_descriptor lang="bul" name="Ice Hockey: Winter Olympic Games in Pyeong Chang, South Korea">
</short_event_descriptor>
<extended_event_descriptor lang="bul">
<text>Men's Preliminary Round: Finland - Germany</text>
</extended_event_descriptor>
</event>
<event id="126" start_time="2018-02-15 05:30:00" duration="3600">
<short_event_descriptor lang="bul" name="Ice Hockey: Winter Olympic Games in Pyeong Chang, South Korea">
</short_event_descriptor>
<extended_event_descriptor lang="bul">
<text>Women's Preliminary round</text>
</extended_event_descriptor>
</event>
<event id="127" start_time="2018-02-15 06:30:00" duration="3600">
<short_event_descriptor lang="bul" name="Ice Hockey: Winter Olympic Games in Pyeong Chang, South Korea">
</short_event_descriptor>
<extended_event_descriptor lang="bul">
<text>Men's Preliminary Round: Finland - Germany</text>
</extended_event_descriptor>
</event>
<event id="128" start_time="2018-02-15 07:30:00" duration="9000">
<short_event_descriptor lang="bul" name="Ice Hockey: Winter Olympic Games in Pyeong Chang, South Korea">
</short_event_descriptor>
<extended_event_descriptor lang="bul">
<text>Men's Preliminary Round: Norway - Sweden</text>
</extended_event_descriptor>
</event>
<event id="129" start_time="2018-02-15 10:00:00" duration="5100">
<short_event_descriptor lang="bul" name="Olympic Games: Winter Olympic Games">
</short_event_descriptor>
<extended_event_descriptor lang="bul">
<text>Medal Ceremony</text>
</extended_event_descriptor>
</event>
<event id="130" start_time="2018-02-15 11:25:00" duration="2100">
<short_event_descriptor lang="bul" name="Alpine Skiing: Winter Olympic Games in Pyeong Chang, South Korea">
</short_event_descriptor>
<extended_event_descriptor lang="bul">
<text>Men's Super-G</text>
</extended_event_descriptor>
</event>
<event id="131" start_time="2018-02-15 12:00:00" duration="9000">
<short_event_descriptor lang="bul" name="Ice Hockey: Winter Olympic Games in Pyeong Chang, South Korea">
</short_event_descriptor>
<extended_event_descriptor lang="bul">
<text>Men's Preliminary Round: Czech Republic - South Korea</text>
</extended_event_descriptor>
</event>
<event id="132" start_time="2018-02-15 14:30:00" duration="5400">
<short_event_descriptor lang="bul" name="Cycling: Tour of Andalusia, Spain">
</short_event_descriptor>
<extended_event_descriptor lang="bul">
<text>Stage 2</text>
</extended_event_descriptor>
</event>
<event id="133" start_time="2018-02-15 16:00:00" duration="3600">
<short_event_descriptor lang="bul" name="Cycling: Tour of the Algarve, Portugal">
</short_event_descriptor>
<extended_event_descriptor lang="bul">
<text>Stage 2</text>
</extended_event_descriptor>
</event>
<event id="134" start_time="2018-02-15 17:00:00" duration="1800">
<short_event_descriptor lang="bul" name="Olympic Games: Olympic Extra">
</short_event_descriptor>
<extended_event_descriptor lang="bul">
</extended_event_descriptor>
</event>
<event id="135" start_time="2018-02-15 17:30:00" duration="1800">
<short_event_descriptor lang="bul" name="Alpine Skiing: Winter Olympic Games in Pyeong Chang, South Korea">
</short_event_descriptor>
<extended_event_descriptor lang="bul">
<text>Men's Super-G</text>
</extended_event_descriptor>
</event>
<event id="136" start_time="2018-02-15 18:00:00" duration="3600">
<short_event_descriptor lang="bul" name="Ice Hockey: Winter Olympic Games in Pyeong Chang, South Korea">
</short_event_descriptor>
<extended_event_descriptor lang="bul">
<text>Men's Preliminary Round: Norway - Sweden</text>
</extended_event_descriptor>
</event>
<event id="137" start_time="2018-02-15 19:00:00" duration="1800">
<short_event_descriptor lang="bul" name="Ice Hockey: Winter Olympic Games in Pyeong Chang, South Korea">
</short_event_descriptor>
<extended_event_descriptor lang="bul">
</extended_event_descriptor>
</event>
<event id="138" start_time="2018-02-15 19:30:00" duration="1800">
<short_event_descriptor lang="bul" name="Nordic Skiing: Winter Olympic Games in Pyeong Chang, South Korea">
</short_event_descriptor>
<extended_event_descriptor lang="bul">
</extended_event_descriptor>
</event>
<event id="139" start_time="2018-02-15 20:00:00" duration="1800">
<short_event_descriptor lang="bul" name="Biathlon: Winter Olympic Games in Pyeong Chang, South Korea">
</short_event_descriptor>
<extended_event_descriptor lang="bul">
<text>Men's 20, km Individual</text>
</extended_event_descriptor>
</event>
<event id="140" start_time="2018-02-15 20:30:00" duration="1800">
<short_event_descriptor lang="bul" name="Olympic Games: Olympic Extra">
</short_event_descriptor>
<extended_event_descriptor lang="bul">
</extended_event_descriptor>
</event>
<event id="141" start_time="2018-02-15 21:00:00" duration="5400">
<short_event_descriptor lang="bul" name="Ice Hockey: Winter Olympic Games in Pyeong Chang, South Korea">
</short_event_descriptor>
<extended_event_descriptor lang="bul">
<text>Men's Preliminary Round: Czech Republic - South Korea</text>
</extended_event_descriptor>
</event>
<event id="142" start_time="2018-02-15 22:30:00" duration="3600">
<short_event_descriptor lang="bul" name="Alpine Skiing: Winter Olympic Games in Pyeong Chang, South Korea">
</short_event_descriptor>
<extended_event_descriptor lang="bul">
<text>Men's Super-G</text>
</extended_event_descriptor>
</event>
<event id="143" start_time="2018-02-15 23:30:00" duration="1800">
<short_event_descriptor lang="bul" name="Ice Hockey: Winter Olympic Games in Pyeong Chang, South Korea">
</short_event_descriptor>
<extended_event_descriptor lang="bul">
</extended_event_descriptor>
</event>
<event id="144" start_time="2018-02-16 00:00:00" duration="1800">
<short_event_descriptor lang="bul" name="Nordic Skiing: Winter Olympic Games in Pyeong Chang, South Korea">
</short_event_descriptor>
<extended_event_descriptor lang="bul">
</extended_event_descriptor>
</event>
<event id="145" start_time="2018-02-16 00:30:00" duration="5400">
<short_event_descriptor lang="bul" name="Ice Hockey: Winter Olympic Games in Pyeong Chang, South Korea">
</short_event_descriptor>
<extended_event_descriptor lang="bul">
<text>Men's Preliminary Round: Czech Republic - South Korea</text>
</extended_event_descriptor>
</event>
<event id="146" start_time="2018-02-16 02:00:00" duration="1800">
<short_event_descriptor lang="bul" name="Ice Hockey: Winter Olympic Games in Pyeong Chang, South Korea">
</short_event_descriptor>
<extended_event_descriptor lang="bul">
</extended_event_descriptor>
</event>
<event id="147" start_time="2018-02-16 02:30:00" duration="1800">
<short_event_descriptor lang="bul" name="Nordic Skiing: Winter Olympic Games in Pyeong Chang, South Korea">
</short_event_descriptor>
<extended_event_descriptor lang="bul">
</extended_event_descriptor>
</event>
<event id="148" start_time="2018-02-16 03:00:00" duration="9000">
<short_event_descriptor lang="bul" name="Ice Hockey: Winter Olympic Games in Pyeong Chang, South Korea">
</short_event_descriptor>
<extended_event_descriptor lang="bul">
<text>Men's Preliminary Round: USA - Slovakia</text>
</extended_event_descriptor>
</event>
<event id="149" start_time="2018-02-16 05:30:00" duration="2700">
<short_event_descriptor lang="bul" name="Biathlon: Winter Olympic Games in Pyeong Chang, South Korea">
</short_event_descriptor>
<extended_event_descriptor lang="bul">
<text>Men's 20, km Individual</text>
</extended_event_descriptor>
</event>
<event id="150" start_time="2018-02-16 06:15:00" duration="4500">
<short_event_descriptor lang="bul" name="Ice Hockey: Winter Olympic Games in Pyeong Chang, South Korea">
</short_event_descriptor>
<extended_event_descriptor lang="bul">
<text>Men's Preliminary Round: USA - Slovakia</text>
</extended_event_descriptor>
</event>
<event id="151" start_time="2018-02-16 07:30:00" duration="9000">
<short_event_descriptor lang="bul" name="Ice Hockey: Winter Olympic Games in Pyeong Chang, South Korea">
</short_event_descriptor>
<extended_event_descriptor lang="bul">
<text>Men's Preliminary Round: Olympic Athlete from Russia - Slovenia</text>
</extended_event_descriptor>
</event>
<event id="152" start_time="2018-02-16 10:00:00" duration="5400">
<short_event_descriptor lang="bul" name="Olympic Games: Winter Olympic Games">
</short_event_descriptor>
<extended_event_descriptor lang="bul">
<text>Medal Ceremony</text>
</extended_event_descriptor>
</event>
<event id="153" start_time="2018-02-16 11:30:00" duration="1800">
<short_event_descriptor lang="bul" name="Ice Hockey: Winter Olympic Games in Pyeong Chang, South Korea">
</short_event_descriptor>
<extended_event_descriptor lang="bul">
<text>Men's Preliminary Round: Olympic Athlete from Russia - Slovenia</text>
</extended_event_descriptor>
</event>
<event id="154" start_time="2018-02-16 12:00:00" duration="9000">
<short_event_descriptor lang="bul" name="Ice Hockey: Winter Olympic Games in Pyeong Chang, South Korea">
</short_event_descriptor>
<extended_event_descriptor lang="bul">
<text>Men's Preliminary Round: Finland - Norway</text>
</extended_event_descriptor>
</event>
<event id="155" start_time="2018-02-16 14:30:00" duration="5400">
<short_event_descriptor lang="bul" name="Cycling: Tour of Andalusia, Spain">
</short_event_descriptor>
<extended_event_descriptor lang="bul">
<text>Stage 3</text>
</extended_event_descriptor>
</event>
<event id="156" start_time="2018-02-16 16:00:00" duration="3600">
<short_event_descriptor lang="bul" name="Cycling: Tour of the Algarve, Portugal">
</short_event_descriptor>
<extended_event_descriptor lang="bul">
<text>Stage 3</text>
</extended_event_descriptor>
</event>
<event id="157" start_time="2018-02-16 17:00:00" duration="1800">
<short_event_descriptor lang="bul" name="Olympic Games: Olympic Extra">
</short_event_descriptor>
<extended_event_descriptor lang="bul">
</extended_event_descriptor>
</event>
<event id="158" start_time="2018-02-16 17:30:00" duration="2700">
<short_event_descriptor lang="bul" name="Biathlon: Winter Olympic Games in Pyeong Chang, South Korea">
</short_event_descriptor>
<extended_event_descriptor lang="bul">
<text>Men's 20, km Individual</text>
</extended_event_descriptor>
</event>
<event id="159" start_time="2018-02-16 18:15:00" duration="1800">
<short_event_descriptor lang="bul" name="Ice Hockey: Winter Olympic Games in Pyeong Chang, South Korea">
</short_event_descriptor>
<extended_event_descriptor lang="bul">
</extended_event_descriptor>
</event>
<event id="160" start_time="2018-02-16 18:45:00" duration="900">
<short_event_descriptor lang="bul" name="Football: Fifa Football">
</short_event_descriptor>
<extended_event_descriptor lang="bul">
</extended_event_descriptor>
</event>
<event id="161" start_time="2018-02-16 19:00:00" duration="1800">
<short_event_descriptor lang="bul" name="Football: Bundesliga Preview">
</short_event_descriptor>
<extended_event_descriptor lang="bul">
</extended_event_descriptor>
</event>
<event id="162" start_time="2018-02-16 19:30:00" duration="7200">
<short_event_descriptor lang="bul" name="Football: Bundesliga">
</short_event_descriptor>
<extended_event_descriptor lang="bul">
<text>Day 23: Hertha Berlin (Germany) - Mainz (Germany)</text>
</extended_event_descriptor>
</event>
</channel>
</WIDECAST_DVB>

