<?xml version="1.0" encoding="ISO-8859-1"?>
<WIDECAST_DVB>
  <channel name="FilmBox">
    <event id="0" start_time="2021-03-31 22:00:00" duration="28800">
      <short_event_descriptor lang="alb" name="FilmBox">FilmBox</short_event_descriptor>
      <extended_event_descriptor lang="alb">
        <text />
      </extended_event_descriptor>
    </event>
    <event id="1" start_time="2021-04-01 06:00:00" duration="28800">
      <short_event_descriptor lang="alb" name="FilmBox">FilmBox</short_event_descriptor>
      <extended_event_descriptor lang="alb">
        <text />
      </extended_event_descriptor>
    </event>
    <event id="2" start_time="2021-04-01 14:00:00" duration="28800">
      <short_event_descriptor lang="alb" name="FilmBox">FilmBox</short_event_descriptor>
      <extended_event_descriptor lang="alb">
        <text />
      </extended_event_descriptor>
    </event>
    <event id="3" start_time="2021-04-01 22:00:00" duration="28800">
      <short_event_descriptor lang="alb" name="FilmBox">FilmBox</short_event_descriptor>
      <extended_event_descriptor lang="alb">
        <text />
      </extended_event_descriptor>
    </event>
    <event id="4" start_time="2021-04-02 06:00:00" duration="28800">
      <short_event_descriptor lang="alb" name="FilmBox">FilmBox</short_event_descriptor>
      <extended_event_descriptor lang="alb">
        <text />
      </extended_event_descriptor>
    </event>
    <event id="5" start_time="2021-04-02 14:00:00" duration="28800">
      <short_event_descriptor lang="alb" name="FilmBox">FilmBox</short_event_descriptor>
      <extended_event_descriptor lang="alb">
        <text />
      </extended_event_descriptor>
    </event>
    <event id="6" start_time="2021-04-02 22:00:00" duration="28800">
      <short_event_descriptor lang="alb" name="FilmBox">FilmBox</short_event_descriptor>
      <extended_event_descriptor lang="alb">
        <text />
      </extended_event_descriptor>
    </event>
    <event id="7" start_time="2021-04-03 06:00:00" duration="28800">
      <short_event_descriptor lang="alb" name="FilmBox">FilmBox</short_event_descriptor>
      <extended_event_descriptor lang="alb">
        <text />
      </extended_event_descriptor>
    </event>
    <event id="8" start_time="2021-04-03 14:00:00" duration="28800">
      <short_event_descriptor lang="alb" name="FilmBox">FilmBox</short_event_descriptor>
      <extended_event_descriptor lang="alb">
        <text />
      </extended_event_descriptor>
    </event>
    <event id="9" start_time="2021-04-03 22:00:00" duration="28800">
      <short_event_descriptor lang="alb" name="FilmBox">FilmBox</short_event_descriptor>
      <extended_event_descriptor lang="alb">
        <text />
      </extended_event_descriptor>
    </event>
    <event id="10" start_time="2021-04-04 06:00:00" duration="28800">
      <short_event_descriptor lang="alb" name="FilmBox">FilmBox</short_event_descriptor>
      <extended_event_descriptor lang="alb">
        <text />
      </extended_event_descriptor>
    </event>
    <event id="11" start_time="2021-04-04 14:00:00" duration="28800">
      <short_event_descriptor lang="alb" name="FilmBox">FilmBox</short_event_descriptor>
      <extended_event_descriptor lang="alb">
        <text />
      </extended_event_descriptor>
    </event>
    <event id="12" start_time="2021-04-04 22:00:00" duration="28800">
      <short_event_descriptor lang="alb" name="FilmBox">FilmBox</short_event_descriptor>
      <extended_event_descriptor lang="alb">
        <text />
      </extended_event_descriptor>
    </event>
    <event id="13" start_time="2021-04-05 06:00:00" duration="28800">
      <short_event_descriptor lang="alb" name="FilmBox">FilmBox</short_event_descriptor>
      <extended_event_descriptor lang="alb">
        <text />
      </extended_event_descriptor>
    </event>
    <event id="14" start_time="2021-04-05 14:00:00" duration="28800">
      <short_event_descriptor lang="alb" name="FilmBox">FilmBox</short_event_descriptor>
      <extended_event_descriptor lang="alb">
        <text />
      </extended_event_descriptor>
    </event>
    <event id="15" start_time="2021-04-05 22:00:00" duration="28800">
      <short_event_descriptor lang="alb" name="FilmBox">FilmBox</short_event_descriptor>
      <extended_event_descriptor lang="alb">
        <text />
      </extended_event_descriptor>
    </event>
    <event id="16" start_time="2021-04-06 06:00:00" duration="28800">
      <short_event_descriptor lang="alb" name="FilmBox">FilmBox</short_event_descriptor>
      <extended_event_descriptor lang="alb">
        <text />
      </extended_event_descriptor>
    </event>
    <event id="17" start_time="2021-04-06 14:00:00" duration="28800">
      <short_event_descriptor lang="alb" name="FilmBox">FilmBox</short_event_descriptor>
      <extended_event_descriptor lang="alb">
        <text />
      </extended_event_descriptor>
    </event>
    <event id="18" start_time="2021-04-06 22:00:00" duration="28800">
      <short_event_descriptor lang="alb" name="FilmBox">FilmBox</short_event_descriptor>
      <extended_event_descriptor lang="alb">
        <text />
      </extended_event_descriptor>
    </event>
    <event id="19" start_time="2021-04-07 06:00:00" duration="28800">
      <short_event_descriptor lang="alb" name="FilmBox">FilmBox</short_event_descriptor>
      <extended_event_descriptor lang="alb">
        <text />
      </extended_event_descriptor>
    </event>
    <event id="20" start_time="2021-04-07 14:00:00" duration="28800">
      <short_event_descriptor lang="alb" name="FilmBox">FilmBox</short_event_descriptor>
      <extended_event_descriptor lang="alb">
        <text />
      </extended_event_descriptor>
    </event>
    <event id="21" start_time="2021-04-07 22:00:00" duration="28800">
      <short_event_descriptor lang="alb" name="FilmBox">FilmBox</short_event_descriptor>
      <extended_event_descriptor lang="alb">
        <text />
      </extended_event_descriptor>
    </event>
    <event id="22" start_time="2021-04-08 06:00:00" duration="28800">
      <short_event_descriptor lang="alb" name="FilmBox">FilmBox</short_event_descriptor>
      <extended_event_descriptor lang="alb">
        <text />
      </extended_event_descriptor>
    </event>
    <event id="23" start_time="2021-04-08 14:00:00" duration="28800">
      <short_event_descriptor lang="alb" name="FilmBox">FilmBox</short_event_descriptor>
      <extended_event_descriptor lang="alb">
        <text />
      </extended_event_descriptor>
    </event>
    <event id="24" start_time="2021-04-08 22:00:00" duration="28800">
      <short_event_descriptor lang="alb" name="FilmBox">FilmBox</short_event_descriptor>
      <extended_event_descriptor lang="alb">
        <text />
      </extended_event_descriptor>
    </event>
    <event id="25" start_time="2021-04-09 06:00:00" duration="28800">
      <short_event_descriptor lang="alb" name="FilmBox">FilmBox</short_event_descriptor>
      <extended_event_descriptor lang="alb">
        <text />
      </extended_event_descriptor>
    </event>
    <event id="26" start_time="2021-04-09 14:00:00" duration="28800">
      <short_event_descriptor lang="alb" name="FilmBox">FilmBox</short_event_descriptor>
      <extended_event_descriptor lang="alb">
        <text />
      </extended_event_descriptor>
    </event>
    <event id="27" start_time="2021-04-09 22:00:00" duration="28800">
      <short_event_descriptor lang="alb" name="FilmBox">FilmBox</short_event_descriptor>
      <extended_event_descriptor lang="alb">
        <text />
      </extended_event_descriptor>
    </event>
    <event id="28" start_time="2021-04-10 06:00:00" duration="28800">
      <short_event_descriptor lang="alb" name="FilmBox">FilmBox</short_event_descriptor>
      <extended_event_descriptor lang="alb">
        <text />
      </extended_event_descriptor>
    </event>
    <event id="29" start_time="2021-04-10 14:00:00" duration="28800">
      <short_event_descriptor lang="alb" name="FilmBox">FilmBox</short_event_descriptor>
      <extended_event_descriptor lang="alb">
        <text />
      </extended_event_descriptor>
    </event>
    <event id="30" start_time="2021-04-10 22:00:00" duration="28800">
      <short_event_descriptor lang="alb" name="FilmBox">FilmBox</short_event_descriptor>
      <extended_event_descriptor lang="alb">
        <text />
      </extended_event_descriptor>
    </event>
    <event id="31" start_time="2021-04-11 06:00:00" duration="28800">
      <short_event_descriptor lang="alb" name="FilmBox">FilmBox</short_event_descriptor>
      <extended_event_descriptor lang="alb">
        <text />
      </extended_event_descriptor>
    </event>
    <event id="32" start_time="2021-04-11 14:00:00" duration="28800">
      <short_event_descriptor lang="alb" name="FilmBox">FilmBox</short_event_descriptor>
      <extended_event_descriptor lang="alb">
        <text />
      </extended_event_descriptor>
    </event>
    <event id="33" start_time="2021-04-11 22:00:00" duration="28800">
      <short_event_descriptor lang="alb" name="FilmBox">FilmBox</short_event_descriptor>
      <extended_event_descriptor lang="alb">
        <text />
      </extended_event_descriptor>
    </event>
    <event id="34" start_time="2021-04-12 06:00:00" duration="28800">
      <short_event_descriptor lang="alb" name="FilmBox">FilmBox</short_event_descriptor>
      <extended_event_descriptor lang="alb">
        <text />
      </extended_event_descriptor>
    </event>
    <event id="35" start_time="2021-04-12 14:00:00" duration="28800">
      <short_event_descriptor lang="alb" name="FilmBox">FilmBox</short_event_descriptor>
      <extended_event_descriptor lang="alb">
        <text />
      </extended_event_descriptor>
    </event>
    <event id="36" start_time="2021-04-12 22:00:00" duration="28800">
      <short_event_descriptor lang="alb" name="FilmBox">FilmBox</short_event_descriptor>
      <extended_event_descriptor lang="alb">
        <text />
      </extended_event_descriptor>
    </event>
  </channel>
</WIDECAST_DVB>