<?xml version="1.0" encoding="ISO-8859-1"?>
<WIDECAST_DVB>
  <channel name="In TV ">
    <event id="0" start_time="2015-12-29 05:00:00" duration="14400">
      <short_event_descriptor lang="alb" name="Morning tunes." />
      <extended_event_descriptor lang="alb">
        <text />
      </extended_event_descriptor>
    </event>
    <event id="1" start_time="2015-12-29 09:00:00" duration="3600">
      <short_event_descriptor lang="alb" name="Balkan" />
      <extended_event_descriptor lang="alb">
        <text />
      </extended_event_descriptor>
    </event>
    <event id="2" start_time="2015-12-29 10:00:00" duration="3600">
      <short_event_descriptor lang="alb" name="Blender." />
      <extended_event_descriptor lang="alb">
        <text />
      </extended_event_descriptor>
    </event>
    <event id="3" start_time="2015-12-29 11:00:00" duration="3600">
      <short_event_descriptor lang="alb" name="Retrovision." />
      <extended_event_descriptor lang="alb">
        <text />
      </extended_event_descriptor>
    </event>
    <event id="4" start_time="2015-12-29 12:00:00" duration="3600">
      <short_event_descriptor lang="alb" name="Fresh" />
      <extended_event_descriptor lang="alb">
        <text />
      </extended_event_descriptor>
    </event>
    <event id="5" start_time="2015-12-29 13:00:00" duration="7200">
      <short_event_descriptor lang="alb" name="Blender" />
      <extended_event_descriptor lang="alb">
        <text />
      </extended_event_descriptor>
    </event>
    <event id="6" start_time="2015-12-29 15:00:00" duration="3600">
      <short_event_descriptor lang="alb" name="Fresh" />
      <extended_event_descriptor lang="alb">
        <text />
      </extended_event_descriptor>
    </event>
    <event id="7" start_time="2015-12-29 16:00:00" duration="3600">
      <short_event_descriptor lang="alb" name="Like Shqip" />
      <extended_event_descriptor lang="alb">
        <text />
      </extended_event_descriptor>
    </event>
    <event id="8" start_time="2015-12-29 17:00:00" duration="3600">
      <short_event_descriptor lang="alb" name="IN 105.7 ON TV" />
      <extended_event_descriptor lang="alb">
        <text />
      </extended_event_descriptor>
    </event>
    <event id="9" start_time="2015-12-29 18:00:00" duration="3600">
      <short_event_descriptor lang="alb" name="Blender" />
      <extended_event_descriptor lang="alb">
        <text />
      </extended_event_descriptor>
    </event>
    <event id="10" start_time="2015-12-29 19:00:00" duration="3600">
      <short_event_descriptor lang="alb" name="Fresh" />
      <extended_event_descriptor lang="alb">
        <text />
      </extended_event_descriptor>
    </event>
    <event id="11" start_time="2015-12-29 20:00:00" duration="3600">
      <short_event_descriptor lang="alb" name="Retrovision." />
      <extended_event_descriptor lang="alb">
        <text />
      </extended_event_descriptor>
    </event>
    <event id="12" start_time="2015-12-29 21:00:00" duration="3600">
      <short_event_descriptor lang="alb" name="Blender" />
      <extended_event_descriptor lang="alb">
        <text />
      </extended_event_descriptor>
    </event>
    <event id="13" start_time="2015-12-29 22:00:00" duration="25200">
      <short_event_descriptor lang="alb" name="Dream Lab" />
      <extended_event_descriptor lang="alb">
        <text />
      </extended_event_descriptor>
    </event>
    <event id="14" start_time="2015-12-30 05:00:00" duration="14400">
      <short_event_descriptor lang="alb" name="Morning tunes" />
      <extended_event_descriptor lang="alb">
        <text />
      </extended_event_descriptor>
    </event>
    <event id="15" start_time="2015-12-30 09:00:00" duration="3600">
      <short_event_descriptor lang="alb" name="Like Shqip" />
      <extended_event_descriptor lang="alb">
        <text />
      </extended_event_descriptor>
    </event>
    <event id="16" start_time="2015-12-30 10:00:00" duration="3600">
      <short_event_descriptor lang="alb" name="Blender" />
      <extended_event_descriptor lang="alb">
        <text />
      </extended_event_descriptor>
    </event>
    <event id="17" start_time="2015-12-30 11:00:00" duration="3600">
      <short_event_descriptor lang="alb" name="Retrovision." />
      <extended_event_descriptor lang="alb">
        <text />
      </extended_event_descriptor>
    </event>
    <event id="18" start_time="2015-12-30 12:00:00" duration="3600">
      <short_event_descriptor lang="alb" name="Fresh" />
      <extended_event_descriptor lang="alb">
        <text />
      </extended_event_descriptor>
    </event>
    <event id="19" start_time="2015-12-30 13:00:00" duration="7200">
      <short_event_descriptor lang="alb" name="Blender" />
      <extended_event_descriptor lang="alb">
        <text />
      </extended_event_descriptor>
    </event>
    <event id="20" start_time="2015-12-30 15:00:00" duration="3600">
      <short_event_descriptor lang="alb" name="Fresh" />
      <extended_event_descriptor lang="alb">
        <text />
      </extended_event_descriptor>
    </event>
    <event id="21" start_time="2015-12-30 16:00:00" duration="3600">
      <short_event_descriptor lang="alb" name="Like Shqip" />
      <extended_event_descriptor lang="alb">
        <text />
      </extended_event_descriptor>
    </event>
    <event id="22" start_time="2015-12-30 17:00:00" duration="3600">
      <short_event_descriptor lang="alb" name="IN 105.7 ON TV" />
      <extended_event_descriptor lang="alb">
        <text />
      </extended_event_descriptor>
    </event>
    <event id="23" start_time="2015-12-30 18:00:00" duration="3600">
      <short_event_descriptor lang="alb" name="Blender" />
      <extended_event_descriptor lang="alb">
        <text />
      </extended_event_descriptor>
    </event>
    <event id="24" start_time="2015-12-30 19:00:00" duration="3600">
      <short_event_descriptor lang="alb" name="Fresh" />
      <extended_event_descriptor lang="alb">
        <text />
      </extended_event_descriptor>
    </event>
    <event id="25" start_time="2015-12-30 20:00:00" duration="3600">
      <short_event_descriptor lang="alb" name="Retrovision." />
      <extended_event_descriptor lang="alb">
        <text />
      </extended_event_descriptor>
    </event>
    <event id="26" start_time="2015-12-30 21:00:00" duration="3600">
      <short_event_descriptor lang="alb" name="Blender" />
      <extended_event_descriptor lang="alb">
        <text />
      </extended_event_descriptor>
    </event>
    <event id="27" start_time="2015-12-30 22:00:00" duration="25200">
      <short_event_descriptor lang="alb" name="Dream Lab" />
      <extended_event_descriptor lang="alb">
        <text />
      </extended_event_descriptor>
    </event>
    <event id="28" start_time="2015-12-31 05:00:00" duration="14400">
      <short_event_descriptor lang="alb" name="Morning tunes" />
      <extended_event_descriptor lang="alb">
        <text />
      </extended_event_descriptor>
    </event>
    <event id="29" start_time="2015-12-31 09:00:00" duration="3600">
      <short_event_descriptor lang="alb" name="Balkan. " />
      <extended_event_descriptor lang="alb">
        <text />
      </extended_event_descriptor>
    </event>
    <event id="30" start_time="2015-12-31 10:00:00" duration="3600">
      <short_event_descriptor lang="alb" name="Blender" />
      <extended_event_descriptor lang="alb">
        <text />
      </extended_event_descriptor>
    </event>
    <event id="31" start_time="2015-12-31 11:00:00" duration="3600">
      <short_event_descriptor lang="alb" name="Retrovision" />
      <extended_event_descriptor lang="alb">
        <text />
      </extended_event_descriptor>
    </event>
    <event id="32" start_time="2015-12-31 12:00:00" duration="3600">
      <short_event_descriptor lang="alb" name="Fresh" />
      <extended_event_descriptor lang="alb">
        <text />
      </extended_event_descriptor>
    </event>
    <event id="33" start_time="2015-12-31 13:00:00" duration="7200">
      <short_event_descriptor lang="alb" name="Blender" />
      <extended_event_descriptor lang="alb">
        <text />
      </extended_event_descriptor>
    </event>
    <event id="34" start_time="2015-12-31 15:00:00" duration="3600">
      <short_event_descriptor lang="alb" name="Fresh" />
      <extended_event_descriptor lang="alb">
        <text />
      </extended_event_descriptor>
    </event>
    <event id="35" start_time="2015-12-31 16:00:00" duration="3600">
      <short_event_descriptor lang="alb" name="Like Shqip" />
      <extended_event_descriptor lang="alb">
        <text />
      </extended_event_descriptor>
    </event>
    <event id="36" start_time="2015-12-31 17:00:00" duration="3600">
      <short_event_descriptor lang="alb" name="IN 105.7 ON TV" />
      <extended_event_descriptor lang="alb">
        <text />
      </extended_event_descriptor>
    </event>
    <event id="37" start_time="2015-12-31 18:00:00" duration="3600">
      <short_event_descriptor lang="alb" name="Blender" />
      <extended_event_descriptor lang="alb">
        <text />
      </extended_event_descriptor>
    </event>
    <event id="38" start_time="2015-12-31 19:00:00" duration="3600">
      <short_event_descriptor lang="alb" name="Fresh" />
      <extended_event_descriptor lang="alb">
        <text />
      </extended_event_descriptor>
    </event>
    <event id="39" start_time="2015-12-31 20:00:00" duration="3600">
      <short_event_descriptor lang="alb" name="Retrovision" />
      <extended_event_descriptor lang="alb">
        <text />
      </extended_event_descriptor>
    </event>
    <event id="40" start_time="2015-12-31 21:00:00" duration="3600">
      <short_event_descriptor lang="alb" name="Blender" />
      <extended_event_descriptor lang="alb">
        <text />
      </extended_event_descriptor>
    </event>
    <event id="41" start_time="2015-12-31 22:00:00" duration="25200">
      <short_event_descriptor lang="alb" name="Dream Lab" />
      <extended_event_descriptor lang="alb">
        <text />
      </extended_event_descriptor>
    </event>
    <event id="42" start_time="2016-01-01 05:00:00" duration="14400">
      <short_event_descriptor lang="alb" name="Morning tunes." />
      <extended_event_descriptor lang="alb">
        <text />
      </extended_event_descriptor>
    </event>
    <event id="43" start_time="2016-01-01 09:00:00" duration="3600">
      <short_event_descriptor lang="alb" name="Like shqip." />
      <extended_event_descriptor lang="alb">
        <text />
      </extended_event_descriptor>
    </event>
    <event id="44" start_time="2016-01-01 10:00:00" duration="3600">
      <short_event_descriptor lang="alb" name="Blender." />
      <extended_event_descriptor lang="alb">
        <text />
      </extended_event_descriptor>
    </event>
    <event id="45" start_time="2016-01-01 11:00:00" duration="3600">
      <short_event_descriptor lang="alb" name="Retrovision.." />
      <extended_event_descriptor lang="alb">
        <text />
      </extended_event_descriptor>
    </event>
    <event id="46" start_time="2016-01-01 12:00:00" duration="3600">
      <short_event_descriptor lang="alb" name="Fresh." />
      <extended_event_descriptor lang="alb">
        <text />
      </extended_event_descriptor>
    </event>
    <event id="47" start_time="2016-01-01 13:00:00" duration="7200">
      <short_event_descriptor lang="alb" name="Blender." />
      <extended_event_descriptor lang="alb">
        <text />
      </extended_event_descriptor>
    </event>
    <event id="48" start_time="2016-01-01 15:00:00" duration="3600">
      <short_event_descriptor lang="alb" name="Fresh." />
      <extended_event_descriptor lang="alb">
        <text />
      </extended_event_descriptor>
    </event>
    <event id="49" start_time="2016-01-01 16:00:00" duration="3600">
      <short_event_descriptor lang="alb" name="Time machine." />
      <extended_event_descriptor lang="alb">
        <text />
      </extended_event_descriptor>
    </event>
    <event id="50" start_time="2016-01-01 17:00:00" duration="3600">
      <short_event_descriptor lang="alb" name="IN 105.7 ON TV." />
      <extended_event_descriptor lang="alb">
        <text />
      </extended_event_descriptor>
    </event>
    <event id="51" start_time="2016-01-01 18:00:00" duration="3600">
      <short_event_descriptor lang="alb" name="Blender." />
      <extended_event_descriptor lang="alb">
        <text />
      </extended_event_descriptor>
    </event>
    <event id="52" start_time="2016-01-01 19:00:00" duration="3600">
      <short_event_descriptor lang="alb" name="Fresh." />
      <extended_event_descriptor lang="alb">
        <text />
      </extended_event_descriptor>
    </event>
    <event id="53" start_time="2016-01-01 20:00:00" duration="3600">
      <short_event_descriptor lang="alb" name="Retrovision." />
      <extended_event_descriptor lang="alb">
        <text />
      </extended_event_descriptor>
    </event>
    <event id="54" start_time="2016-01-01 21:00:00" duration="3600">
      <short_event_descriptor lang="alb" name="Blender." />
      <extended_event_descriptor lang="alb">
        <text />
      </extended_event_descriptor>
    </event>
    <event id="55" start_time="2016-01-01 22:00:00" duration="7200">
      <short_event_descriptor lang="alb" name="Dance" />
      <extended_event_descriptor lang="alb">
        <text />
      </extended_event_descriptor>
    </event>
    <event id="56" start_time="2016-01-02 00:00:00" duration="18000">
      <short_event_descriptor lang="alb" name="Dream Lab." />
      <extended_event_descriptor lang="alb">
        <text />
      </extended_event_descriptor>
    </event>
    <event id="57" start_time="2016-01-02 05:00:00" duration="14400">
      <short_event_descriptor lang="alb" name="Morning tunes." />
      <extended_event_descriptor lang="alb">
        <text />
      </extended_event_descriptor>
    </event>
    <event id="58" start_time="2016-01-02 09:00:00" duration="3600">
      <short_event_descriptor lang="alb" name="Balkan" />
      <extended_event_descriptor lang="alb">
        <text />
      </extended_event_descriptor>
    </event>
    <event id="59" start_time="2016-01-02 10:00:00" duration="7200">
      <short_event_descriptor lang="alb" name="Hangover." />
      <extended_event_descriptor lang="alb">
        <text />
      </extended_event_descriptor>
    </event>
    <event id="60" start_time="2016-01-02 12:00:00" duration="3600">
      <short_event_descriptor lang="alb" name="Fresh." />
      <extended_event_descriptor lang="alb">
        <text />
      </extended_event_descriptor>
    </event>
    <event id="61" start_time="2016-01-02 13:00:00" duration="7200">
      <short_event_descriptor lang="alb" name="Blender." />
      <extended_event_descriptor lang="alb">
        <text />
      </extended_event_descriptor>
    </event>
    <event id="62" start_time="2016-01-02 15:00:00" duration="3600">
      <short_event_descriptor lang="alb" name="Fresh." />
      <extended_event_descriptor lang="alb">
        <text />
      </extended_event_descriptor>
    </event>
    <event id="63" start_time="2016-01-02 16:00:00" duration="3600">
      <short_event_descriptor lang="alb" name="Like shqip" />
      <extended_event_descriptor lang="alb">
        <text />
      </extended_event_descriptor>
    </event>
    <event id="64" start_time="2016-01-02 17:00:00" duration="3600">
      <short_event_descriptor lang="alb" name="IN 105.7 ON TV." />
      <extended_event_descriptor lang="alb">
        <text />
      </extended_event_descriptor>
    </event>
    <event id="65" start_time="2016-01-02 18:00:00" duration="3600">
      <short_event_descriptor lang="alb" name="Blender." />
      <extended_event_descriptor lang="alb">
        <text />
      </extended_event_descriptor>
    </event>
    <event id="66" start_time="2016-01-02 19:00:00" duration="3600">
      <short_event_descriptor lang="alb" name="Fresh." />
      <extended_event_descriptor lang="alb">
        <text />
      </extended_event_descriptor>
    </event>
    <event id="67" start_time="2016-01-02 20:00:00" duration="3600">
      <short_event_descriptor lang="alb" name="Retrovision" />
      <extended_event_descriptor lang="alb">
        <text />
      </extended_event_descriptor>
    </event>
    <event id="68" start_time="2016-01-02 21:00:00" duration="3600">
      <short_event_descriptor lang="alb" name="Blender." />
      <extended_event_descriptor lang="alb">
        <text />
      </extended_event_descriptor>
    </event>
    <event id="69" start_time="2016-01-02 22:00:00" duration="7200">
      <short_event_descriptor lang="alb" name="Dance" />
      <extended_event_descriptor lang="alb">
        <text />
      </extended_event_descriptor>
    </event>
    <event id="70" start_time="2016-01-03 00:00:00" duration="18000">
      <short_event_descriptor lang="alb" name="Dream Lab." />
      <extended_event_descriptor lang="alb">
        <text />
      </extended_event_descriptor>
    </event>
    <event id="71" start_time="2016-01-03 05:00:00" duration="14400">
      <short_event_descriptor lang="alb" name="Morning tunes" />
      <extended_event_descriptor lang="alb">
        <text />
      </extended_event_descriptor>
    </event>
    <event id="72" start_time="2016-01-03 09:00:00" duration="3600">
      <short_event_descriptor lang="alb" name="Like Shqip" />
      <extended_event_descriptor lang="alb">
        <text />
      </extended_event_descriptor>
    </event>
    <event id="73" start_time="2016-01-03 10:00:00" duration="7200">
      <short_event_descriptor lang="alb" name="Hangover." />
      <extended_event_descriptor lang="alb">
        <text />
      </extended_event_descriptor>
    </event>
    <event id="74" start_time="2016-01-03 12:00:00" duration="3600">
      <short_event_descriptor lang="alb" name="Fresh." />
      <extended_event_descriptor lang="alb">
        <text />
      </extended_event_descriptor>
    </event>
    <event id="75" start_time="2016-01-03 13:00:00" duration="7200">
      <short_event_descriptor lang="alb" name="Blender." />
      <extended_event_descriptor lang="alb">
        <text />
      </extended_event_descriptor>
    </event>
    <event id="76" start_time="2016-01-03 15:00:00" duration="3600">
      <short_event_descriptor lang="alb" name="Fresh" />
      <extended_event_descriptor lang="alb">
        <text />
      </extended_event_descriptor>
    </event>
    <event id="77" start_time="2016-01-03 16:00:00" duration="3600">
      <short_event_descriptor lang="alb" name="Time machine." />
      <extended_event_descriptor lang="alb">
        <text />
      </extended_event_descriptor>
    </event>
    <event id="78" start_time="2016-01-03 17:00:00" duration="3600">
      <short_event_descriptor lang="alb" name="IN 105.7 ON TV." />
      <extended_event_descriptor lang="alb">
        <text />
      </extended_event_descriptor>
    </event>
    <event id="79" start_time="2016-01-03 18:00:00" duration="3600">
      <short_event_descriptor lang="alb" name="Blender" />
      <extended_event_descriptor lang="alb">
        <text />
      </extended_event_descriptor>
    </event>
    <event id="80" start_time="2016-01-03 19:00:00" duration="3600">
      <short_event_descriptor lang="alb" name="Fresh" />
      <extended_event_descriptor lang="alb">
        <text />
      </extended_event_descriptor>
    </event>
    <event id="81" start_time="2016-01-03 20:00:00" duration="3600">
      <short_event_descriptor lang="alb" name="Retrovision" />
      <extended_event_descriptor lang="alb">
        <text />
      </extended_event_descriptor>
    </event>
    <event id="82" start_time="2016-01-03 21:00:00" duration="3600">
      <short_event_descriptor lang="alb" name="Blender" />
      <extended_event_descriptor lang="alb">
        <text />
      </extended_event_descriptor>
    </event>
    <event id="83" start_time="2016-01-03 22:00:00" duration="7200">
      <short_event_descriptor lang="alb" name="Dance." />
      <extended_event_descriptor lang="alb">
        <text />
      </extended_event_descriptor>
    </event>
    <event id="84" start_time="2016-01-04 00:00:00" duration="18000">
      <short_event_descriptor lang="alb" name="Dream Lab." />
      <extended_event_descriptor lang="alb">
        <text />
      </extended_event_descriptor>
    </event>
  </channel>
</WIDECAST_DVB>