<?xml version="1.0" encoding="ISO-8859-1"?>
<WIDECAST_DVB>
  <channel name="IN tvott">
    <event id="0" start_time="2018-02-13 12:30:00" duration="1800">
      <short_event_descriptor lang="alb" name="Kripe &amp; Piper " />
      <extended_event_descriptor lang="alb">
        <text />
      </extended_event_descriptor>
    </event>
    <event id="1" start_time="2018-02-13 13:00:00" duration="3600">
      <short_event_descriptor lang="alb" name="R - BRUSKO" />
      <extended_event_descriptor lang="alb">
        <text />
      </extended_event_descriptor>
    </event>
    <event id="2" start_time="2018-02-13 14:00:00" duration="7200">
      <short_event_descriptor lang="alb" name="FUNDAY" />
      <extended_event_descriptor lang="alb">
        <text />
      </extended_event_descriptor>
    </event>
    <event id="3" start_time="2018-02-13 16:00:00" duration="3600">
      <short_event_descriptor lang="alb" name="Gossip girl." />
      <extended_event_descriptor lang="alb">
        <text />
      </extended_event_descriptor>
    </event>
    <event id="4" start_time="2018-02-13 17:00:00" duration="1800">
      <short_event_descriptor lang="alb" name="Kripe &amp; Piper " />
      <extended_event_descriptor lang="alb">
        <text />
      </extended_event_descriptor>
    </event>
    <event id="5" start_time="2018-02-13 17:30:00" duration="1800">
      <short_event_descriptor lang="alb" name="News" />
      <extended_event_descriptor lang="alb">
        <text />
      </extended_event_descriptor>
    </event>
    <event id="6" start_time="2018-02-13 18:00:00" duration="3600">
      <short_event_descriptor lang="alb" name="KOLAUDIM" />
      <extended_event_descriptor lang="alb">
        <text />
      </extended_event_descriptor>
    </event>
    <event id="7" start_time="2018-02-13 19:00:00" duration="3600">
      <short_event_descriptor lang="alb" name="Brusko" />
      <extended_event_descriptor lang="alb">
        <text />
      </extended_event_descriptor>
    </event>
    <event id="8" start_time="2018-02-13 20:00:00" duration="7200">
      <short_event_descriptor lang="alb" name="The Big Bang        " />
      <extended_event_descriptor lang="alb">
        <text />
      </extended_event_descriptor>
    </event>
    <event id="9" start_time="2018-02-13 22:00:00" duration="3600">
      <short_event_descriptor lang="alb" name="Empire" />
      <extended_event_descriptor lang="alb">
        <text />
      </extended_event_descriptor>
    </event>
    <event id="10" start_time="2018-02-13 23:00:00" duration="3600">
      <short_event_descriptor lang="alb" name="R - KOLAUDIM" />
      <extended_event_descriptor lang="alb">
        <text />
      </extended_event_descriptor>
    </event>
    <event id="11" start_time="2018-02-14 00:00:00" duration="18000">
      <short_event_descriptor lang="alb" name="Dream Lab." />
      <extended_event_descriptor lang="alb">
        <text />
      </extended_event_descriptor>
    </event>
    <event id="12" start_time="2018-02-14 05:00:00" duration="12600">
      <short_event_descriptor lang="alb" name="Morning tunes." />
      <extended_event_descriptor lang="alb">
        <text />
      </extended_event_descriptor>
    </event>
    <event id="13" start_time="2018-02-14 08:30:00" duration="3600">
      <short_event_descriptor lang="alb" name="Like shqip." />
      <extended_event_descriptor lang="alb">
        <text />
      </extended_event_descriptor>
    </event>
    <event id="14" start_time="2018-02-14 09:30:00" duration="3600">
      <short_event_descriptor lang="alb" name="Mixtape by you." />
      <extended_event_descriptor lang="alb">
        <text />
      </extended_event_descriptor>
    </event>
    <event id="15" start_time="2018-02-14 10:30:00" duration="3600">
      <short_event_descriptor lang="alb" name="Rock Top." />
      <extended_event_descriptor lang="alb">
        <text />
      </extended_event_descriptor>
    </event>
    <event id="16" start_time="2018-02-14 11:30:00" duration="3600">
      <short_event_descriptor lang="alb" name="Electropop" />
      <extended_event_descriptor lang="alb">
        <text />
      </extended_event_descriptor>
    </event>
    <event id="17" start_time="2018-02-14 12:30:00" duration="1800">
      <short_event_descriptor lang="alb" name="Kripe &amp; Piper " />
      <extended_event_descriptor lang="alb">
        <text />
      </extended_event_descriptor>
    </event>
    <event id="18" start_time="2018-02-14 13:00:00" duration="3600">
      <short_event_descriptor lang="alb" name="R - BRUSKO" />
      <extended_event_descriptor lang="alb">
        <text />
      </extended_event_descriptor>
    </event>
    <event id="19" start_time="2018-02-14 14:00:00" duration="7200">
      <short_event_descriptor lang="alb" name="FUNDAY" />
      <extended_event_descriptor lang="alb">
        <text />
      </extended_event_descriptor>
    </event>
    <event id="20" start_time="2018-02-14 16:00:00" duration="3600">
      <short_event_descriptor lang="alb" name="Dance Moms" />
      <extended_event_descriptor lang="alb">
        <text />
      </extended_event_descriptor>
    </event>
    <event id="21" start_time="2018-02-14 17:00:00" duration="1800">
      <short_event_descriptor lang="alb" name="Kripe &amp; Piper " />
      <extended_event_descriptor lang="alb">
        <text />
      </extended_event_descriptor>
    </event>
    <event id="22" start_time="2018-02-14 17:30:00" duration="1800">
      <short_event_descriptor lang="alb" name="News" />
      <extended_event_descriptor lang="alb">
        <text />
      </extended_event_descriptor>
    </event>
    <event id="23" start_time="2018-02-14 18:00:00" duration="3600">
      <short_event_descriptor lang="alb" name="KOLAUDIM" />
      <extended_event_descriptor lang="alb">
        <text />
      </extended_event_descriptor>
    </event>
    <event id="24" start_time="2018-02-14 19:00:00" duration="3600">
      <short_event_descriptor lang="alb" name="Brusko" />
      <extended_event_descriptor lang="alb">
        <text />
      </extended_event_descriptor>
    </event>
    <event id="25" start_time="2018-02-14 20:00:00" duration="7200">
      <short_event_descriptor lang="alb" name="Wedding Daze" />
      <extended_event_descriptor lang="alb">
        <text />
      </extended_event_descriptor>
    </event>
    <event id="26" start_time="2018-02-14 22:00:00" duration="3600">
      <short_event_descriptor lang="alb" name="Suits." />
      <extended_event_descriptor lang="alb">
        <text />
      </extended_event_descriptor>
    </event>
    <event id="27" start_time="2018-02-14 23:00:00" duration="3600">
      <short_event_descriptor lang="alb" name="R  - KOLAUDIM" />
      <extended_event_descriptor lang="alb">
        <text />
      </extended_event_descriptor>
    </event>
    <event id="28" start_time="2018-02-15 00:00:00" duration="18000">
      <short_event_descriptor lang="alb" name="Dream Lab." />
      <extended_event_descriptor lang="alb">
        <text />
      </extended_event_descriptor>
    </event>
    <event id="29" start_time="2018-02-15 05:00:00" duration="12600">
      <short_event_descriptor lang="alb" name="Morning tunes." />
      <extended_event_descriptor lang="alb">
        <text />
      </extended_event_descriptor>
    </event>
    <event id="30" start_time="2018-02-15 08:30:00" duration="3600">
      <short_event_descriptor lang="alb" name="IN 105.7 ON TV." />
      <extended_event_descriptor lang="alb">
        <text />
      </extended_event_descriptor>
    </event>
    <event id="31" start_time="2018-02-15 09:30:00" duration="3600">
      <short_event_descriptor lang="alb" name="Cool in UK" />
      <extended_event_descriptor lang="alb">
        <text />
      </extended_event_descriptor>
    </event>
    <event id="32" start_time="2018-02-15 10:30:00" duration="3600">
      <short_event_descriptor lang="alb" name="Then and Now. " />
      <extended_event_descriptor lang="alb">
        <text />
      </extended_event_descriptor>
    </event>
    <event id="33" start_time="2018-02-15 11:30:00" duration="3600">
      <short_event_descriptor lang="alb" name="Like shqip." />
      <extended_event_descriptor lang="alb">
        <text />
      </extended_event_descriptor>
    </event>
    <event id="34" start_time="2018-02-15 12:30:00" duration="1800">
      <short_event_descriptor lang="alb" name="Kripe &amp; Piper " />
      <extended_event_descriptor lang="alb">
        <text />
      </extended_event_descriptor>
    </event>
    <event id="35" start_time="2018-02-15 13:00:00" duration="3600">
      <short_event_descriptor lang="alb" name="R - BRUSKO" />
      <extended_event_descriptor lang="alb">
        <text />
      </extended_event_descriptor>
    </event>
    <event id="36" start_time="2018-02-15 14:00:00" duration="7200">
      <short_event_descriptor lang="alb" name="FUNDAY" />
      <extended_event_descriptor lang="alb">
        <text />
      </extended_event_descriptor>
    </event>
    <event id="37" start_time="2018-02-15 16:00:00" duration="3600">
      <short_event_descriptor lang="alb" name="Geek room." />
      <extended_event_descriptor lang="alb">
        <text />
      </extended_event_descriptor>
    </event>
    <event id="38" start_time="2018-02-15 17:00:00" duration="1800">
      <short_event_descriptor lang="alb" name="Kripe &amp; Piper " />
      <extended_event_descriptor lang="alb">
        <text />
      </extended_event_descriptor>
    </event>
    <event id="39" start_time="2018-02-15 17:30:00" duration="1800">
      <short_event_descriptor lang="alb" name="News" />
      <extended_event_descriptor lang="alb">
        <text />
      </extended_event_descriptor>
    </event>
    <event id="40" start_time="2018-02-15 18:00:00" duration="3600">
      <short_event_descriptor lang="alb" name="KOLAUDIM" />
      <extended_event_descriptor lang="alb">
        <text />
      </extended_event_descriptor>
    </event>
    <event id="41" start_time="2018-02-15 19:00:00" duration="3600">
      <short_event_descriptor lang="alb" name="Brusko" />
      <extended_event_descriptor lang="alb">
        <text />
      </extended_event_descriptor>
    </event>
    <event id="42" start_time="2018-02-15 20:00:00" duration="7200">
      <short_event_descriptor lang="alb" name="Alien" />
      <extended_event_descriptor lang="alb">
        <text />
      </extended_event_descriptor>
    </event>
    <event id="43" start_time="2018-02-15 22:00:00" duration="3600">
      <short_event_descriptor lang="alb" name="Bates Motel." />
      <extended_event_descriptor lang="alb">
        <text />
      </extended_event_descriptor>
    </event>
    <event id="44" start_time="2018-02-15 23:00:00" duration="3600">
      <short_event_descriptor lang="alb" name="R - KOLAUDIM" />
      <extended_event_descriptor lang="alb">
        <text />
      </extended_event_descriptor>
    </event>
    <event id="45" start_time="2018-02-16 00:00:00" duration="18000">
      <short_event_descriptor lang="alb" name="Dream Lab." />
      <extended_event_descriptor lang="alb">
        <text />
      </extended_event_descriptor>
    </event>
    <event id="46" start_time="2018-02-16 05:00:00" duration="12600">
      <short_event_descriptor lang="alb" name="Morning tunes." />
      <extended_event_descriptor lang="alb">
        <text />
      </extended_event_descriptor>
    </event>
    <event id="47" start_time="2018-02-16 08:30:00" duration="3600">
      <short_event_descriptor lang="alb" name="Like shqip." />
      <extended_event_descriptor lang="alb">
        <text />
      </extended_event_descriptor>
    </event>
    <event id="48" start_time="2018-02-16 09:30:00" duration="3600">
      <short_event_descriptor lang="alb" name="Fresh." />
      <extended_event_descriptor lang="alb">
        <text />
      </extended_event_descriptor>
    </event>
    <event id="49" start_time="2018-02-16 10:30:00" duration="3600">
      <short_event_descriptor lang="alb" name="Time machine." />
      <extended_event_descriptor lang="alb">
        <text />
      </extended_event_descriptor>
    </event>
    <event id="50" start_time="2018-02-16 11:30:00" duration="3600">
      <short_event_descriptor lang="alb" name="IN 105.7 ON TV." />
      <extended_event_descriptor lang="alb">
        <text />
      </extended_event_descriptor>
    </event>
    <event id="51" start_time="2018-02-16 12:30:00" duration="1800">
      <short_event_descriptor lang="alb" name="Kripe &amp; Piper " />
      <extended_event_descriptor lang="alb">
        <text />
      </extended_event_descriptor>
    </event>
    <event id="52" start_time="2018-02-16 13:00:00" duration="3600">
      <short_event_descriptor lang="alb" name="R - BRUSKO" />
      <extended_event_descriptor lang="alb">
        <text />
      </extended_event_descriptor>
    </event>
    <event id="53" start_time="2018-02-16 14:00:00" duration="7200">
      <short_event_descriptor lang="alb" name="FUNDAY" />
      <extended_event_descriptor lang="alb">
        <text />
      </extended_event_descriptor>
    </event>
    <event id="54" start_time="2018-02-16 16:00:00" duration="1800">
      <short_event_descriptor lang="alb" name=" 2 Broke Girls" />
      <extended_event_descriptor lang="alb">
        <text />
      </extended_event_descriptor>
    </event>
    <event id="55" start_time="2018-02-16 16:30:00" duration="1800">
      <short_event_descriptor lang="alb" name="R - IN Style" />
      <extended_event_descriptor lang="alb">
        <text />
      </extended_event_descriptor>
    </event>
    <event id="56" start_time="2018-02-16 17:00:00" duration="1800">
      <short_event_descriptor lang="alb" name="Kripe &amp; Piper " />
      <extended_event_descriptor lang="alb">
        <text />
      </extended_event_descriptor>
    </event>
    <event id="57" start_time="2018-02-16 17:30:00" duration="1800">
      <short_event_descriptor lang="alb" name="News" />
      <extended_event_descriptor lang="alb">
        <text />
      </extended_event_descriptor>
    </event>
    <event id="58" start_time="2018-02-16 18:00:00" duration="3600">
      <short_event_descriptor lang="alb" name="KOLAUDIM" />
      <extended_event_descriptor lang="alb">
        <text />
      </extended_event_descriptor>
    </event>
    <event id="59" start_time="2018-02-16 19:00:00" duration="3600">
      <short_event_descriptor lang="alb" name="Brusko" />
      <extended_event_descriptor lang="alb">
        <text />
      </extended_event_descriptor>
    </event>
    <event id="60" start_time="2018-02-16 20:00:00" duration="7200">
      <short_event_descriptor lang="alb" name="The Nines" />
      <extended_event_descriptor lang="alb">
        <text />
      </extended_event_descriptor>
    </event>
    <event id="61" start_time="2018-02-16 22:00:00" duration="3600">
      <short_event_descriptor lang="alb" name="Nip Tuck" />
      <extended_event_descriptor lang="alb">
        <text />
      </extended_event_descriptor>
    </event>
    <event id="62" start_time="2018-02-16 23:00:00" duration="3600">
      <short_event_descriptor lang="alb" name="KOLAUDIM-rts" />
      <extended_event_descriptor lang="alb">
        <text />
      </extended_event_descriptor>
    </event>
    <event id="63" start_time="2018-02-17 00:00:00" duration="7200">
      <short_event_descriptor lang="alb" name="Dance" />
      <extended_event_descriptor lang="alb">
        <text />
      </extended_event_descriptor>
    </event>
    <event id="64" start_time="2018-02-17 02:00:00" duration="10800">
      <short_event_descriptor lang="alb" name="Dream Lab." />
      <extended_event_descriptor lang="alb">
        <text />
      </extended_event_descriptor>
    </event>
    <event id="65" start_time="2018-02-17 05:00:00" duration="7200">
      <short_event_descriptor lang="alb" name="Morning tunes." />
      <extended_event_descriptor lang="alb">
        <text />
      </extended_event_descriptor>
    </event>
    <event id="66" start_time="2018-02-17 07:00:00" duration="3600">
      <short_event_descriptor lang="alb" name="Timmy Time &amp; Pingu " />
      <extended_event_descriptor lang="alb">
        <text />
      </extended_event_descriptor>
    </event>
    <event id="67" start_time="2018-02-17 08:00:00" duration="3600">
      <short_event_descriptor lang="alb" name="Tuff Puppy" />
      <extended_event_descriptor lang="alb">
        <text />
      </extended_event_descriptor>
    </event>
    <event id="68" start_time="2018-02-17 09:00:00" duration="1800">
      <short_event_descriptor lang="alb" name="R - iCarly " />
      <extended_event_descriptor lang="alb">
        <text />
      </extended_event_descriptor>
    </event>
    <event id="69" start_time="2018-02-17 09:30:00" duration="1800">
      <short_event_descriptor lang="alb" name="Kurioz" />
      <extended_event_descriptor lang="alb">
        <text />
      </extended_event_descriptor>
    </event>
    <event id="70" start_time="2018-02-17 10:00:00" duration="1800">
      <short_event_descriptor lang="alb" name="DOC   America Facts Vs Fiction" />
      <extended_event_descriptor lang="alb">
        <text />
      </extended_event_descriptor>
    </event>
    <event id="71" start_time="2018-02-17 10:30:00" duration="1800">
      <short_event_descriptor lang="alb" name="DOC   Motorcycle Experience " />
      <extended_event_descriptor lang="alb">
        <text />
      </extended_event_descriptor>
    </event>
    <event id="72" start_time="2018-02-17 11:00:00" duration="3600">
      <short_event_descriptor lang="alb" name="Geek room." />
      <extended_event_descriptor lang="alb">
        <text />
      </extended_event_descriptor>
    </event>
    <event id="73" start_time="2018-02-17 12:00:00" duration="3600">
      <short_event_descriptor lang="alb" name="DOC   Cosmos: A SpaceTime Odys" />
      <extended_event_descriptor lang="alb">
        <text />
      </extended_event_descriptor>
    </event>
    <event id="74" start_time="2018-02-17 13:00:00" duration="3600">
      <short_event_descriptor lang="alb" name="R - BRUSKO  " />
      <extended_event_descriptor lang="alb">
        <text />
      </extended_event_descriptor>
    </event>
    <event id="75" start_time="2018-02-17 14:00:00" duration="1800">
      <short_event_descriptor lang="alb" name="R - IN Style" />
      <extended_event_descriptor lang="alb">
        <text />
      </extended_event_descriptor>
    </event>
    <event id="76" start_time="2018-02-17 14:30:00" duration="1800">
      <short_event_descriptor lang="alb" name="R - 2 Broke Girls" />
      <extended_event_descriptor lang="alb">
        <text />
      </extended_event_descriptor>
    </event>
    <event id="77" start_time="2018-02-17 15:00:00" duration="3600">
      <short_event_descriptor lang="alb" name="Dance Moms-rts" />
      <extended_event_descriptor lang="alb">
        <text />
      </extended_event_descriptor>
    </event>
    <event id="78" start_time="2018-02-17 16:00:00" duration="3600">
      <short_event_descriptor lang="alb" name="Nje kat me lart" />
      <extended_event_descriptor lang="alb">
        <text />
      </extended_event_descriptor>
    </event>
    <event id="79" start_time="2018-02-17 17:00:00" duration="3600">
      <short_event_descriptor lang="alb" name="R - Pretty Little Liars" />
      <extended_event_descriptor lang="alb">
        <text />
      </extended_event_descriptor>
    </event>
    <event id="80" start_time="2018-02-17 18:00:00" duration="3600">
      <short_event_descriptor lang="alb" name="Project Runway " />
      <extended_event_descriptor lang="alb">
        <text />
      </extended_event_descriptor>
    </event>
    <event id="81" start_time="2018-02-17 19:00:00" duration="3600">
      <short_event_descriptor lang="alb" name="Blue Bloods " />
      <extended_event_descriptor lang="alb">
        <text />
      </extended_event_descriptor>
    </event>
    <event id="82" start_time="2018-02-17 20:00:00" duration="3600">
      <short_event_descriptor lang="alb" name="The Client List " />
      <extended_event_descriptor lang="alb">
        <text />
      </extended_event_descriptor>
    </event>
    <event id="83" start_time="2018-02-17 21:00:00" duration="3600">
      <short_event_descriptor lang="alb" name="R - Bates Motel " />
      <extended_event_descriptor lang="alb">
        <text />
      </extended_event_descriptor>
    </event>
    <event id="84" start_time="2018-02-17 22:00:00" duration="3600">
      <short_event_descriptor lang="alb" name="Pablo Escobar. ">Serial</short_event_descriptor>
      <extended_event_descriptor lang="alb">
        <text />
      </extended_event_descriptor>
    </event>
    <event id="85" start_time="2018-02-17 23:00:00" duration="3600">
      <short_event_descriptor lang="alb" name="Nikita.">Serial</short_event_descriptor>
      <extended_event_descriptor lang="alb">
        <text />
      </extended_event_descriptor>
    </event>
    <event id="86" start_time="2018-02-18 00:00:00" duration="7200">
      <short_event_descriptor lang="alb" name="Dance" />
      <extended_event_descriptor lang="alb">
        <text />
      </extended_event_descriptor>
    </event>
    <event id="87" start_time="2018-02-18 02:00:00" duration="10800">
      <short_event_descriptor lang="alb" name="Dream Lab." />
      <extended_event_descriptor lang="alb">
        <text />
      </extended_event_descriptor>
    </event>
    <event id="88" start_time="2018-02-18 05:00:00" duration="7200">
      <short_event_descriptor lang="alb" name="Morning tunes." />
      <extended_event_descriptor lang="alb">
        <text />
      </extended_event_descriptor>
    </event>
    <event id="89" start_time="2018-02-18 07:00:00" duration="3600">
      <short_event_descriptor lang="alb" name="Pingu &amp; Timmy Time " />
      <extended_event_descriptor lang="alb">
        <text />
      </extended_event_descriptor>
    </event>
    <event id="90" start_time="2018-02-18 08:00:00" duration="3600">
      <short_event_descriptor lang="alb" name="Tuff Puppy" />
      <extended_event_descriptor lang="alb">
        <text />
      </extended_event_descriptor>
    </event>
    <event id="91" start_time="2018-02-18 09:00:00" duration="1800">
      <short_event_descriptor lang="alb" name="R - iCarly" />
      <extended_event_descriptor lang="alb">
        <text />
      </extended_event_descriptor>
    </event>
    <event id="92" start_time="2018-02-18 09:30:00" duration="1800">
      <short_event_descriptor lang="alb" name="BEHIND THE MUSIC - BEBE REXHA" />
      <extended_event_descriptor lang="alb">
        <text />
      </extended_event_descriptor>
    </event>
    <event id="93" start_time="2018-02-18 10:00:00" duration="3600">
      <short_event_descriptor lang="alb" name="DOC   Expedition New Guinea / " />
      <extended_event_descriptor lang="alb">
        <text />
      </extended_event_descriptor>
    </event>
    <event id="94" start_time="2018-02-18 11:00:00" duration="3600">
      <short_event_descriptor lang="alb" name="Nje kat me lart - R" />
      <extended_event_descriptor lang="alb">
        <text />
      </extended_event_descriptor>
    </event>
    <event id="95" start_time="2018-02-18 12:00:00" duration="3600">
      <short_event_descriptor lang="alb" name="R - Gossip Girl" />
      <extended_event_descriptor lang="alb">
        <text />
      </extended_event_descriptor>
    </event>
    <event id="96" start_time="2018-02-18 13:00:00" duration="7200">
      <short_event_descriptor lang="alb" name="Singin' in the Rain           " />
      <extended_event_descriptor lang="alb">
        <text />
      </extended_event_descriptor>
    </event>
    <event id="97" start_time="2018-02-18 15:00:00" duration="3600">
      <short_event_descriptor lang="alb" name="DOC   American Experience /   " />
      <extended_event_descriptor lang="alb">
        <text />
      </extended_event_descriptor>
    </event>
    <event id="98" start_time="2018-02-18 16:00:00" duration="3600">
      <short_event_descriptor lang="alb" name="Parenthood_" />
      <extended_event_descriptor lang="alb">
        <text />
      </extended_event_descriptor>
    </event>
    <event id="99" start_time="2018-02-18 17:00:00" duration="3600">
      <short_event_descriptor lang="alb" name="Pretty Little Liars " />
      <extended_event_descriptor lang="alb">
        <text />
      </extended_event_descriptor>
    </event>
    <event id="100" start_time="2018-02-18 18:00:00" duration="3600">
      <short_event_descriptor lang="alb" name="Vampire Diaries " />
      <extended_event_descriptor lang="alb">
        <text />
      </extended_event_descriptor>
    </event>
    <event id="101" start_time="2018-02-18 19:00:00" duration="3600">
      <short_event_descriptor lang="alb" name="R - Suits " />
      <extended_event_descriptor lang="alb">
        <text />
      </extended_event_descriptor>
    </event>
    <event id="102" start_time="2018-02-18 20:00:00" duration="3600">
      <short_event_descriptor lang="alb" name="The Blacklist " />
      <extended_event_descriptor lang="alb">
        <text />
      </extended_event_descriptor>
    </event>
    <event id="103" start_time="2018-02-18 21:00:00" duration="3600">
      <short_event_descriptor lang="alb" name="R - Empire" />
      <extended_event_descriptor lang="alb">
        <text />
      </extended_event_descriptor>
    </event>
    <event id="104" start_time="2018-02-18 22:00:00" duration="3600">
      <short_event_descriptor lang="alb" name="Pablo Escobar " />
      <extended_event_descriptor lang="alb">
        <text />
      </extended_event_descriptor>
    </event>
    <event id="105" start_time="2018-02-18 23:00:00" duration="3600">
      <short_event_descriptor lang="alb" name="Nikita " />
      <extended_event_descriptor lang="alb">
        <text />
      </extended_event_descriptor>
    </event>
    <event id="106" start_time="2018-02-19 00:00:00" duration="18000">
      <short_event_descriptor lang="alb" name="Dream Lab." />
      <extended_event_descriptor lang="alb">
        <text />
      </extended_event_descriptor>
    </event>
    <event id="107" start_time="2018-02-19 05:00:00" duration="12600">
      <short_event_descriptor lang="alb" name="Morning tunes." />
      <extended_event_descriptor lang="alb">
        <text />
      </extended_event_descriptor>
    </event>
    <event id="108" start_time="2018-02-19 08:30:00" duration="3600">
      <short_event_descriptor lang="alb" name="Like shqip." />
      <extended_event_descriptor lang="alb">
        <text />
      </extended_event_descriptor>
    </event>
    <event id="109" start_time="2018-02-19 09:30:00" duration="3600">
      <short_event_descriptor lang="alb" name="Fresh." />
      <extended_event_descriptor lang="alb">
        <text />
      </extended_event_descriptor>
    </event>
    <event id="110" start_time="2018-02-19 10:30:00" duration="3600">
      <short_event_descriptor lang="alb" name="Time machine." />
      <extended_event_descriptor lang="alb">
        <text />
      </extended_event_descriptor>
    </event>
    <event id="111" start_time="2018-02-19 11:30:00" duration="3600">
      <short_event_descriptor lang="alb" name="IN 105.7 ON TV." />
      <extended_event_descriptor lang="alb">
        <text />
      </extended_event_descriptor>
    </event>
    <event id="112" start_time="2018-02-19 12:30:00" duration="1800">
      <short_event_descriptor lang="alb" name="Kripe &amp; Piper " />
      <extended_event_descriptor lang="alb">
        <text />
      </extended_event_descriptor>
    </event>
    <event id="113" start_time="2018-02-19 13:00:00" duration="3600">
      <short_event_descriptor lang="alb" name="R - Parenthood" />
      <extended_event_descriptor lang="alb">
        <text />
      </extended_event_descriptor>
    </event>
    <event id="114" start_time="2018-02-19 14:00:00" duration="7200">
      <short_event_descriptor lang="alb" name="FUNDAY" />
      <extended_event_descriptor lang="alb">
        <text />
      </extended_event_descriptor>
    </event>
    <event id="115" start_time="2018-02-19 16:00:00" duration="3600">
      <short_event_descriptor lang="alb" name=" iCarly" />
      <extended_event_descriptor lang="alb">
        <text />
      </extended_event_descriptor>
    </event>
    <event id="116" start_time="2018-02-19 17:00:00" duration="1800">
      <short_event_descriptor lang="alb" name="Kripe &amp; Piper " />
      <extended_event_descriptor lang="alb">
        <text />
      </extended_event_descriptor>
    </event>
    <event id="117" start_time="2018-02-19 17:30:00" duration="1800">
      <short_event_descriptor lang="alb" name="News" />
      <extended_event_descriptor lang="alb">
        <text />
      </extended_event_descriptor>
    </event>
    <event id="118" start_time="2018-02-19 18:00:00" duration="3600">
      <short_event_descriptor lang="alb" name="KOLAUDIM" />
      <extended_event_descriptor lang="alb">
        <text />
      </extended_event_descriptor>
    </event>
    <event id="119" start_time="2018-02-19 19:00:00" duration="3600">
      <short_event_descriptor lang="alb" name="Brusko" />
      <extended_event_descriptor lang="alb">
        <text />
      </extended_event_descriptor>
    </event>
    <event id="120" start_time="2018-02-19 20:00:00" duration="7200">
      <short_event_descriptor lang="alb" name="Bobby" />
      <extended_event_descriptor lang="alb">
        <text />
      </extended_event_descriptor>
    </event>
    <event id="121" start_time="2018-02-19 22:00:00" duration="1800">
      <short_event_descriptor lang="alb" name="Weeds.">Serial</short_event_descriptor>
      <extended_event_descriptor lang="alb">
        <text />
      </extended_event_descriptor>
    </event>
    <event id="122" start_time="2018-02-19 22:30:00" duration="1800">
      <short_event_descriptor lang="alb" name="R - DOC  Motorcycle Experience" />
      <extended_event_descriptor lang="alb">
        <text />
      </extended_event_descriptor>
    </event>
    <event id="123" start_time="2018-02-19 23:00:00" duration="3600">
      <short_event_descriptor lang="alb" name="R - KOLAUDIM" />
      <extended_event_descriptor lang="alb">
        <text />
      </extended_event_descriptor>
    </event>
    <event id="124" start_time="2018-02-20 00:00:00" duration="18000">
      <short_event_descriptor lang="alb" name="Dream Lab." />
      <extended_event_descriptor lang="alb">
        <text />
      </extended_event_descriptor>
    </event>
    <event id="125" start_time="2018-02-20 05:00:00" duration="12600">
      <short_event_descriptor lang="alb" name="Morning tunes." />
      <extended_event_descriptor lang="alb">
        <text />
      </extended_event_descriptor>
    </event>
    <event id="126" start_time="2018-02-20 08:30:00" duration="3600">
      <short_event_descriptor lang="alb" name="IN 105.7 ON TV." />
      <extended_event_descriptor lang="alb">
        <text />
      </extended_event_descriptor>
    </event>
    <event id="127" start_time="2018-02-20 09:30:00" duration="3600">
      <short_event_descriptor lang="alb" name="Hot in Us" />
      <extended_event_descriptor lang="alb">
        <text />
      </extended_event_descriptor>
    </event>
    <event id="128" start_time="2018-02-20 10:30:00" duration="3600">
      <short_event_descriptor lang="alb" name="Retrovision.." />
      <extended_event_descriptor lang="alb">
        <text />
      </extended_event_descriptor>
    </event>
    <event id="129" start_time="2018-02-20 11:30:00" duration="3600">
      <short_event_descriptor lang="alb" name="Like shqip." />
      <extended_event_descriptor lang="alb">
        <text />
      </extended_event_descriptor>
    </event>
    <event id="130" start_time="2018-02-20 12:30:00" duration="1800">
      <short_event_descriptor lang="alb" name="Kripe &amp; Piper " />
      <extended_event_descriptor lang="alb">
        <text />
      </extended_event_descriptor>
    </event>
    <event id="131" start_time="2018-02-20 13:00:00" duration="3600">
      <short_event_descriptor lang="alb" name="R - BRUSKO" />
      <extended_event_descriptor lang="alb">
        <text />
      </extended_event_descriptor>
    </event>
    <event id="132" start_time="2018-02-20 14:00:00" duration="7200">
      <short_event_descriptor lang="alb" name="FUNDAY" />
      <extended_event_descriptor lang="alb">
        <text />
      </extended_event_descriptor>
    </event>
    <event id="133" start_time="2018-02-20 16:00:00" duration="3600">
      <short_event_descriptor lang="alb" name="Gossip girl." />
      <extended_event_descriptor lang="alb">
        <text />
      </extended_event_descriptor>
    </event>
    <event id="134" start_time="2018-02-20 17:00:00" duration="1800">
      <short_event_descriptor lang="alb" name="Kripe &amp; Piper " />
      <extended_event_descriptor lang="alb">
        <text />
      </extended_event_descriptor>
    </event>
    <event id="135" start_time="2018-02-20 17:30:00" duration="1800">
      <short_event_descriptor lang="alb" name="News" />
      <extended_event_descriptor lang="alb">
        <text />
      </extended_event_descriptor>
    </event>
    <event id="136" start_time="2018-02-20 18:00:00" duration="3600">
      <short_event_descriptor lang="alb" name="KOLAUDIM" />
      <extended_event_descriptor lang="alb">
        <text />
      </extended_event_descriptor>
    </event>
    <event id="137" start_time="2018-02-20 19:00:00" duration="3600">
      <short_event_descriptor lang="alb" name="Brusko" />
      <extended_event_descriptor lang="alb">
        <text />
      </extended_event_descriptor>
    </event>
    <event id="138" start_time="2018-02-20 20:00:00" duration="7200">
      <short_event_descriptor lang="alb" name="The Last Lullaby " />
      <extended_event_descriptor lang="alb">
        <text />
      </extended_event_descriptor>
    </event>
    <event id="139" start_time="2018-02-20 22:00:00" duration="3600">
      <short_event_descriptor lang="alb" name="Empire" />
      <extended_event_descriptor lang="alb">
        <text />
      </extended_event_descriptor>
    </event>
    <event id="140" start_time="2018-02-20 23:00:00" duration="3600">
      <short_event_descriptor lang="alb" name="R  -   KOLAUDIM" />
      <extended_event_descriptor lang="alb">
        <text />
      </extended_event_descriptor>
    </event>
    <event id="141" start_time="2018-02-21 00:00:00" duration="18000">
      <short_event_descriptor lang="alb" name="Dream Lab." />
      <extended_event_descriptor lang="alb">
        <text />
      </extended_event_descriptor>
    </event>
    <event id="142" start_time="2018-02-21 05:00:00" duration="12600">
      <short_event_descriptor lang="alb" name="Morning tunes." />
      <extended_event_descriptor lang="alb">
        <text />
      </extended_event_descriptor>
    </event>
    <event id="143" start_time="2018-02-21 08:30:00" duration="3600">
      <short_event_descriptor lang="alb" name="Like shqip." />
      <extended_event_descriptor lang="alb">
        <text />
      </extended_event_descriptor>
    </event>
    <event id="144" start_time="2018-02-21 09:30:00" duration="3600">
      <short_event_descriptor lang="alb" name="Mixtape by you." />
      <extended_event_descriptor lang="alb">
        <text />
      </extended_event_descriptor>
    </event>
    <event id="145" start_time="2018-02-21 10:30:00" duration="3600">
      <short_event_descriptor lang="alb" name="Rock Top." />
      <extended_event_descriptor lang="alb">
        <text />
      </extended_event_descriptor>
    </event>
    <event id="146" start_time="2018-02-21 11:30:00" duration="3600">
      <short_event_descriptor lang="alb" name="Electropop" />
      <extended_event_descriptor lang="alb">
        <text />
      </extended_event_descriptor>
    </event>
    <event id="147" start_time="2018-02-21 12:30:00" duration="1800">
      <short_event_descriptor lang="alb" name="Kripe &amp; Piper " />
      <extended_event_descriptor lang="alb">
        <text />
      </extended_event_descriptor>
    </event>
    <event id="148" start_time="2018-02-21 13:00:00" duration="3600">
      <short_event_descriptor lang="alb" name="R - BRUSKO" />
      <extended_event_descriptor lang="alb">
        <text />
      </extended_event_descriptor>
    </event>
    <event id="149" start_time="2018-02-21 14:00:00" duration="7200">
      <short_event_descriptor lang="alb" name="FUNDAY" />
      <extended_event_descriptor lang="alb">
        <text />
      </extended_event_descriptor>
    </event>
    <event id="150" start_time="2018-02-21 16:00:00" duration="3600">
      <short_event_descriptor lang="alb" name="Dance Moms" />
      <extended_event_descriptor lang="alb">
        <text />
      </extended_event_descriptor>
    </event>
    <event id="151" start_time="2018-02-21 17:00:00" duration="1800">
      <short_event_descriptor lang="alb" name="Kripe &amp; Piper " />
      <extended_event_descriptor lang="alb">
        <text />
      </extended_event_descriptor>
    </event>
    <event id="152" start_time="2018-02-21 17:30:00" duration="1800">
      <short_event_descriptor lang="alb" name="News" />
      <extended_event_descriptor lang="alb">
        <text />
      </extended_event_descriptor>
    </event>
    <event id="153" start_time="2018-02-21 18:00:00" duration="3600">
      <short_event_descriptor lang="alb" name="KOLAUDIM" />
      <extended_event_descriptor lang="alb">
        <text />
      </extended_event_descriptor>
    </event>
    <event id="154" start_time="2018-02-21 19:00:00" duration="3600">
      <short_event_descriptor lang="alb" name="Brusko" />
      <extended_event_descriptor lang="alb">
        <text />
      </extended_event_descriptor>
    </event>
    <event id="155" start_time="2018-02-21 20:00:00" duration="7200">
      <short_event_descriptor lang="alb" name="Black or White" />
      <extended_event_descriptor lang="alb">
        <text />
      </extended_event_descriptor>
    </event>
    <event id="156" start_time="2018-02-21 22:00:00" duration="3600">
      <short_event_descriptor lang="alb" name="R - Suits" />
      <extended_event_descriptor lang="alb">
        <text />
      </extended_event_descriptor>
    </event>
    <event id="157" start_time="2018-02-21 23:00:00" duration="3600">
      <short_event_descriptor lang="alb" name="R - KOLAUDIM" />
      <extended_event_descriptor lang="alb">
        <text />
      </extended_event_descriptor>
    </event>
    <event id="158" start_time="2018-02-22 00:00:00" duration="18000">
      <short_event_descriptor lang="alb" name="Dream Lab." />
      <extended_event_descriptor lang="alb">
        <text />
      </extended_event_descriptor>
    </event>
    <event id="159" start_time="2018-02-22 05:00:00" duration="12600">
      <short_event_descriptor lang="alb" name="Morning tunes." />
      <extended_event_descriptor lang="alb">
        <text />
      </extended_event_descriptor>
    </event>
    <event id="160" start_time="2018-02-22 08:30:00" duration="3600">
      <short_event_descriptor lang="alb" name="IN 105.7 ON TV." />
      <extended_event_descriptor lang="alb">
        <text />
      </extended_event_descriptor>
    </event>
    <event id="161" start_time="2018-02-22 09:30:00" duration="3600">
      <short_event_descriptor lang="alb" name="Cool in UK" />
      <extended_event_descriptor lang="alb">
        <text />
      </extended_event_descriptor>
    </event>
    <event id="162" start_time="2018-02-22 10:30:00" duration="3600">
      <short_event_descriptor lang="alb" name="Then and Now. " />
      <extended_event_descriptor lang="alb">
        <text />
      </extended_event_descriptor>
    </event>
    <event id="163" start_time="2018-02-22 11:30:00" duration="3600">
      <short_event_descriptor lang="alb" name="Like shqip." />
      <extended_event_descriptor lang="alb">
        <text />
      </extended_event_descriptor>
    </event>
    <event id="164" start_time="2018-02-22 12:30:00" duration="1800">
      <short_event_descriptor lang="alb" name="Kripe &amp; Piper " />
      <extended_event_descriptor lang="alb">
        <text />
      </extended_event_descriptor>
    </event>
    <event id="165" start_time="2018-02-22 13:00:00" duration="3600">
      <short_event_descriptor lang="alb" name="R - BRUSKO" />
      <extended_event_descriptor lang="alb">
        <text />
      </extended_event_descriptor>
    </event>
    <event id="166" start_time="2018-02-22 14:00:00" duration="7200">
      <short_event_descriptor lang="alb" name="FUNDAY" />
      <extended_event_descriptor lang="alb">
        <text />
      </extended_event_descriptor>
    </event>
    <event id="167" start_time="2018-02-22 16:00:00" duration="3600">
      <short_event_descriptor lang="alb" name="Geek room." />
      <extended_event_descriptor lang="alb">
        <text />
      </extended_event_descriptor>
    </event>
    <event id="168" start_time="2018-02-22 17:00:00" duration="1800">
      <short_event_descriptor lang="alb" name="Kripe &amp; Piper " />
      <extended_event_descriptor lang="alb">
        <text />
      </extended_event_descriptor>
    </event>
    <event id="169" start_time="2018-02-22 17:30:00" duration="1800">
      <short_event_descriptor lang="alb" name="News" />
      <extended_event_descriptor lang="alb">
        <text />
      </extended_event_descriptor>
    </event>
    <event id="170" start_time="2018-02-22 18:00:00" duration="3600">
      <short_event_descriptor lang="alb" name="KOLAUDIM" />
      <extended_event_descriptor lang="alb">
        <text />
      </extended_event_descriptor>
    </event>
    <event id="171" start_time="2018-02-22 19:00:00" duration="3600">
      <short_event_descriptor lang="alb" name="Brusko" />
      <extended_event_descriptor lang="alb">
        <text />
      </extended_event_descriptor>
    </event>
    <event id="172" start_time="2018-02-22 20:00:00" duration="7200">
      <short_event_descriptor lang="alb" name="Blade" />
      <extended_event_descriptor lang="alb">
        <text />
      </extended_event_descriptor>
    </event>
    <event id="173" start_time="2018-02-22 22:00:00" duration="3600">
      <short_event_descriptor lang="alb" name="Bates Motel." />
      <extended_event_descriptor lang="alb">
        <text />
      </extended_event_descriptor>
    </event>
    <event id="174" start_time="2018-02-22 23:00:00" duration="3600">
      <short_event_descriptor lang="alb" name="KOLAUDIM-rts" />
      <extended_event_descriptor lang="alb">
        <text />
      </extended_event_descriptor>
    </event>
    <event id="175" start_time="2018-02-23 00:00:00" duration="18000">
      <short_event_descriptor lang="alb" name="Dream Lab." />
      <extended_event_descriptor lang="alb">
        <text />
      </extended_event_descriptor>
    </event>
    <event id="176" start_time="2018-02-23 05:00:00" duration="12600">
      <short_event_descriptor lang="alb" name="Morning tunes." />
      <extended_event_descriptor lang="alb">
        <text />
      </extended_event_descriptor>
    </event>
    <event id="177" start_time="2018-02-23 08:30:00" duration="3600">
      <short_event_descriptor lang="alb" name="Like shqip." />
      <extended_event_descriptor lang="alb">
        <text />
      </extended_event_descriptor>
    </event>
    <event id="178" start_time="2018-02-23 09:30:00" duration="3600">
      <short_event_descriptor lang="alb" name="Fresh." />
      <extended_event_descriptor lang="alb">
        <text />
      </extended_event_descriptor>
    </event>
    <event id="179" start_time="2018-02-23 10:30:00" duration="3600">
      <short_event_descriptor lang="alb" name="Time machine." />
      <extended_event_descriptor lang="alb">
        <text />
      </extended_event_descriptor>
    </event>
    <event id="180" start_time="2018-02-23 11:30:00" duration="3600">
      <short_event_descriptor lang="alb" name="IN 105.7 ON TV." />
      <extended_event_descriptor lang="alb">
        <text />
      </extended_event_descriptor>
    </event>
    <event id="181" start_time="2018-02-23 12:30:00" duration="1800">
      <short_event_descriptor lang="alb" name="Kripe &amp; Piper " />
      <extended_event_descriptor lang="alb">
        <text />
      </extended_event_descriptor>
    </event>
    <event id="182" start_time="2018-02-23 13:00:00" duration="3600">
      <short_event_descriptor lang="alb" name="R - BRUSKO" />
      <extended_event_descriptor lang="alb">
        <text />
      </extended_event_descriptor>
    </event>
    <event id="183" start_time="2018-02-23 14:00:00" duration="7200">
      <short_event_descriptor lang="alb" name="FUNDAY" />
      <extended_event_descriptor lang="alb">
        <text />
      </extended_event_descriptor>
    </event>
    <event id="184" start_time="2018-02-23 16:00:00" duration="1800">
      <short_event_descriptor lang="alb" name=" 2 Broke Girls" />
      <extended_event_descriptor lang="alb">
        <text />
      </extended_event_descriptor>
    </event>
    <event id="185" start_time="2018-02-23 16:30:00" duration="1800">
      <short_event_descriptor lang="alb" name="IN Style" />
      <extended_event_descriptor lang="alb">
        <text />
      </extended_event_descriptor>
    </event>
    <event id="186" start_time="2018-02-23 17:00:00" duration="1800">
      <short_event_descriptor lang="alb" name="Kripe &amp; Piper " />
      <extended_event_descriptor lang="alb">
        <text />
      </extended_event_descriptor>
    </event>
    <event id="187" start_time="2018-02-23 17:30:00" duration="1800">
      <short_event_descriptor lang="alb" name="NEWS" />
      <extended_event_descriptor lang="alb">
        <text />
      </extended_event_descriptor>
    </event>
    <event id="188" start_time="2018-02-23 18:00:00" duration="3600">
      <short_event_descriptor lang="alb" name="KOLAUDIM" />
      <extended_event_descriptor lang="alb">
        <text />
      </extended_event_descriptor>
    </event>
    <event id="189" start_time="2018-02-23 19:00:00" duration="3600">
      <short_event_descriptor lang="alb" name="Brusko" />
      <extended_event_descriptor lang="alb">
        <text />
      </extended_event_descriptor>
    </event>
    <event id="190" start_time="2018-02-23 20:00:00" duration="7200">
      <short_event_descriptor lang="alb" name="The Wee Man" />
      <extended_event_descriptor lang="alb">
        <text />
      </extended_event_descriptor>
    </event>
    <event id="191" start_time="2018-02-23 22:00:00" duration="3600">
      <short_event_descriptor lang="alb" name="Nip Tuck" />
      <extended_event_descriptor lang="alb">
        <text />
      </extended_event_descriptor>
    </event>
    <event id="192" start_time="2018-02-23 23:00:00" duration="3600">
      <short_event_descriptor lang="alb" name="KOLAUDIM-rts" />
      <extended_event_descriptor lang="alb">
        <text />
      </extended_event_descriptor>
    </event>
    <event id="193" start_time="2018-02-24 00:00:00" duration="7200">
      <short_event_descriptor lang="alb" name="Dance" />
      <extended_event_descriptor lang="alb">
        <text />
      </extended_event_descriptor>
    </event>
    <event id="194" start_time="2018-02-24 02:00:00" duration="10800">
      <short_event_descriptor lang="alb" name="Dream Lab." />
      <extended_event_descriptor lang="alb">
        <text />
      </extended_event_descriptor>
    </event>
    <event id="195" start_time="2018-02-24 05:00:00" duration="7200">
      <short_event_descriptor lang="alb" name="Morning tunes." />
      <extended_event_descriptor lang="alb">
        <text />
      </extended_event_descriptor>
    </event>
    <event id="196" start_time="2018-02-24 07:00:00" duration="3600">
      <short_event_descriptor lang="alb" name="Timmy Time &amp; Pingu " />
      <extended_event_descriptor lang="alb">
        <text />
      </extended_event_descriptor>
    </event>
    <event id="197" start_time="2018-02-24 08:00:00" duration="3600">
      <short_event_descriptor lang="alb" name="Tuff Puppy" />
      <extended_event_descriptor lang="alb">
        <text />
      </extended_event_descriptor>
    </event>
    <event id="198" start_time="2018-02-24 09:00:00" duration="1800">
      <short_event_descriptor lang="alb" name="R - iCarly" />
      <extended_event_descriptor lang="alb">
        <text />
      </extended_event_descriptor>
    </event>
    <event id="199" start_time="2018-02-24 09:30:00" duration="1800">
      <short_event_descriptor lang="alb" name="Kurioz?" />
      <extended_event_descriptor lang="alb">
        <text />
      </extended_event_descriptor>
    </event>
    <event id="200" start_time="2018-02-24 10:00:00" duration="1800">
      <short_event_descriptor lang="alb" name="DOC  America Facts Vs Fiction " />
      <extended_event_descriptor lang="alb">
        <text />
      </extended_event_descriptor>
    </event>
    <event id="201" start_time="2018-02-24 10:30:00" duration="1800">
      <short_event_descriptor lang="alb" name="DOC   Motorcycle Experience " />
      <extended_event_descriptor lang="alb">
        <text />
      </extended_event_descriptor>
    </event>
    <event id="202" start_time="2018-02-24 11:00:00" duration="3600">
      <short_event_descriptor lang="alb" name="Geek Room - rit" />
      <extended_event_descriptor lang="alb">
        <text />
      </extended_event_descriptor>
    </event>
    <event id="203" start_time="2018-02-24 12:00:00" duration="3600">
      <short_event_descriptor lang="alb" name="DOC   Cosmos: A SpaceTime Odys" />
      <extended_event_descriptor lang="alb">
        <text />
      </extended_event_descriptor>
    </event>
    <event id="204" start_time="2018-02-24 13:00:00" duration="3600">
      <short_event_descriptor lang="alb" name="R - BRUSKO  " />
      <extended_event_descriptor lang="alb">
        <text />
      </extended_event_descriptor>
    </event>
    <event id="205" start_time="2018-02-24 14:00:00" duration="1800">
      <short_event_descriptor lang="alb" name="R - IN Style " />
      <extended_event_descriptor lang="alb">
        <text />
      </extended_event_descriptor>
    </event>
    <event id="206" start_time="2018-02-24 14:30:00" duration="1800">
      <short_event_descriptor lang="alb" name="R - 2 Broke Girls " />
      <extended_event_descriptor lang="alb">
        <text />
      </extended_event_descriptor>
    </event>
    <event id="207" start_time="2018-02-24 15:00:00" duration="3600">
      <short_event_descriptor lang="alb" name="R - Dance Moms " />
      <extended_event_descriptor lang="alb">
        <text />
      </extended_event_descriptor>
    </event>
    <event id="208" start_time="2018-02-24 16:00:00" duration="3600">
      <short_event_descriptor lang="alb" name="Nje kat me lart" />
      <extended_event_descriptor lang="alb">
        <text />
      </extended_event_descriptor>
    </event>
    <event id="209" start_time="2018-02-24 17:00:00" duration="3600">
      <short_event_descriptor lang="alb" name="R - Pretty Little Liars" />
      <extended_event_descriptor lang="alb">
        <text />
      </extended_event_descriptor>
    </event>
    <event id="210" start_time="2018-02-24 18:00:00" duration="3600">
      <short_event_descriptor lang="alb" name="Project Runway " />
      <extended_event_descriptor lang="alb">
        <text />
      </extended_event_descriptor>
    </event>
    <event id="211" start_time="2018-02-24 19:00:00" duration="3600">
      <short_event_descriptor lang="alb" name="Blue Bloods">Serial</short_event_descriptor>
      <extended_event_descriptor lang="alb">
        <text />
      </extended_event_descriptor>
    </event>
    <event id="212" start_time="2018-02-24 20:00:00" duration="3600">
      <short_event_descriptor lang="alb" name="The Client List " />
      <extended_event_descriptor lang="alb">
        <text />
      </extended_event_descriptor>
    </event>
    <event id="213" start_time="2018-02-24 21:00:00" duration="3600">
      <short_event_descriptor lang="alb" name="R - Bates Motel" />
      <extended_event_descriptor lang="alb">
        <text />
      </extended_event_descriptor>
    </event>
    <event id="214" start_time="2018-02-24 22:00:00" duration="3600">
      <short_event_descriptor lang="alb" name="Pablo Escobar. ">Serial</short_event_descriptor>
      <extended_event_descriptor lang="alb">
        <text />
      </extended_event_descriptor>
    </event>
    <event id="215" start_time="2018-02-24 23:00:00" duration="3600">
      <short_event_descriptor lang="alb" name="Nikita.">Serial</short_event_descriptor>
      <extended_event_descriptor lang="alb">
        <text />
      </extended_event_descriptor>
    </event>
    <event id="216" start_time="2018-02-25 00:00:00" duration="7200">
      <short_event_descriptor lang="alb" name="Dance" />
      <extended_event_descriptor lang="alb">
        <text />
      </extended_event_descriptor>
    </event>
    <event id="217" start_time="2018-02-25 02:00:00" duration="10800">
      <short_event_descriptor lang="alb" name="Dream Lab." />
      <extended_event_descriptor lang="alb">
        <text />
      </extended_event_descriptor>
    </event>
    <event id="218" start_time="2018-02-25 05:00:00" duration="7200">
      <short_event_descriptor lang="alb" name="Morning tunes." />
      <extended_event_descriptor lang="alb">
        <text />
      </extended_event_descriptor>
    </event>
    <event id="219" start_time="2018-02-25 07:00:00" duration="3600">
      <short_event_descriptor lang="alb" name="Timmy Time &amp; Pingu " />
      <extended_event_descriptor lang="alb">
        <text />
      </extended_event_descriptor>
    </event>
    <event id="220" start_time="2018-02-25 08:00:00" duration="3600">
      <short_event_descriptor lang="alb" name="Tuff Puppy" />
      <extended_event_descriptor lang="alb">
        <text />
      </extended_event_descriptor>
    </event>
    <event id="221" start_time="2018-02-25 09:00:00" duration="1800">
      <short_event_descriptor lang="alb" name="R - iCarly" />
      <extended_event_descriptor lang="alb">
        <text />
      </extended_event_descriptor>
    </event>
    <event id="222" start_time="2018-02-25 09:30:00" duration="1800">
      <short_event_descriptor lang="alb" name="BEHIND THE MUSIC - ED SHEERAN" />
      <extended_event_descriptor lang="alb">
        <text />
      </extended_event_descriptor>
    </event>
    <event id="223" start_time="2018-02-25 10:00:00" duration="3600">
      <short_event_descriptor lang="alb" name="DOC   How Art Made The World -" />
      <extended_event_descriptor lang="alb">
        <text />
      </extended_event_descriptor>
    </event>
    <event id="224" start_time="2018-02-25 11:00:00" duration="3600">
      <short_event_descriptor lang="alb" name="Nje kat me lart - R" />
      <extended_event_descriptor lang="alb">
        <text />
      </extended_event_descriptor>
    </event>
    <event id="225" start_time="2018-02-25 12:00:00" duration="3600">
      <short_event_descriptor lang="alb" name="GOSSIP TV" />
      <extended_event_descriptor lang="alb">
        <text />
      </extended_event_descriptor>
    </event>
    <event id="226" start_time="2018-02-25 13:00:00" duration="7200">
      <short_event_descriptor lang="alb" name="Diamond Dog Caper " />
      <extended_event_descriptor lang="alb">
        <text />
      </extended_event_descriptor>
    </event>
    <event id="227" start_time="2018-02-25 15:00:00" duration="3600">
      <short_event_descriptor lang="alb" name="DOC   American Experience /   " />
      <extended_event_descriptor lang="alb">
        <text />
      </extended_event_descriptor>
    </event>
    <event id="228" start_time="2018-02-25 16:00:00" duration="3600">
      <short_event_descriptor lang="alb" name="Parenthood " />
      <extended_event_descriptor lang="alb">
        <text />
      </extended_event_descriptor>
    </event>
    <event id="229" start_time="2018-02-25 17:00:00" duration="3600">
      <short_event_descriptor lang="alb" name="Pretty Little Liars " />
      <extended_event_descriptor lang="alb">
        <text />
      </extended_event_descriptor>
    </event>
    <event id="230" start_time="2018-02-25 18:00:00" duration="3600">
      <short_event_descriptor lang="alb" name="Vampire Diaries " />
      <extended_event_descriptor lang="alb">
        <text />
      </extended_event_descriptor>
    </event>
    <event id="231" start_time="2018-02-25 19:00:00" duration="3600">
      <short_event_descriptor lang="alb" name="R - Suits " />
      <extended_event_descriptor lang="alb">
        <text />
      </extended_event_descriptor>
    </event>
    <event id="232" start_time="2018-02-25 20:00:00" duration="3600">
      <short_event_descriptor lang="alb" name="The Blacklist " />
      <extended_event_descriptor lang="alb">
        <text />
      </extended_event_descriptor>
    </event>
    <event id="233" start_time="2018-02-25 21:00:00" duration="3600">
      <short_event_descriptor lang="alb" name="R - Empire" />
      <extended_event_descriptor lang="alb">
        <text />
      </extended_event_descriptor>
    </event>
    <event id="234" start_time="2018-02-25 22:00:00" duration="3600">
      <short_event_descriptor lang="alb" name="Pablo Escobar " />
      <extended_event_descriptor lang="alb">
        <text />
      </extended_event_descriptor>
    </event>
    <event id="235" start_time="2018-02-25 23:00:00" duration="3600">
      <short_event_descriptor lang="alb" name="Nikita " />
      <extended_event_descriptor lang="alb">
        <text />
      </extended_event_descriptor>
    </event>
    <event id="236" start_time="2018-02-26 00:00:00" duration="18000">
      <short_event_descriptor lang="alb" name="Dream Lab." />
      <extended_event_descriptor lang="alb">
        <text />
      </extended_event_descriptor>
    </event>
    <event id="237" start_time="2018-02-26 05:00:00" duration="12600">
      <short_event_descriptor lang="alb" name="Morning tunes." />
      <extended_event_descriptor lang="alb">
        <text />
      </extended_event_descriptor>
    </event>
    <event id="238" start_time="2018-02-26 08:30:00" duration="3600">
      <short_event_descriptor lang="alb" name="Like shqip." />
      <extended_event_descriptor lang="alb">
        <text />
      </extended_event_descriptor>
    </event>
    <event id="239" start_time="2018-02-26 09:30:00" duration="3600">
      <short_event_descriptor lang="alb" name="Fresh." />
      <extended_event_descriptor lang="alb">
        <text />
      </extended_event_descriptor>
    </event>
    <event id="240" start_time="2018-02-26 10:30:00" duration="3600">
      <short_event_descriptor lang="alb" name="Time machine." />
      <extended_event_descriptor lang="alb">
        <text />
      </extended_event_descriptor>
    </event>
    <event id="241" start_time="2018-02-26 11:30:00" duration="3600">
      <short_event_descriptor lang="alb" name="IN 105.7 ON TV." />
      <extended_event_descriptor lang="alb">
        <text />
      </extended_event_descriptor>
    </event>
    <event id="242" start_time="2018-02-26 12:30:00" duration="1800">
      <short_event_descriptor lang="alb" name="Kripe &amp; Piper " />
      <extended_event_descriptor lang="alb">
        <text />
      </extended_event_descriptor>
    </event>
    <event id="243" start_time="2018-02-26 13:00:00" duration="3600">
      <short_event_descriptor lang="alb" name="R - Parenthood" />
      <extended_event_descriptor lang="alb">
        <text />
      </extended_event_descriptor>
    </event>
    <event id="244" start_time="2018-02-26 14:00:00" duration="7200">
      <short_event_descriptor lang="alb" name="FUNDAY" />
      <extended_event_descriptor lang="alb">
        <text />
      </extended_event_descriptor>
    </event>
    <event id="245" start_time="2018-02-26 16:00:00" duration="3600">
      <short_event_descriptor lang="alb" name=" iCarly" />
      <extended_event_descriptor lang="alb">
        <text />
      </extended_event_descriptor>
    </event>
    <event id="246" start_time="2018-02-26 17:00:00" duration="1800">
      <short_event_descriptor lang="alb" name="Kripe &amp; Piper " />
      <extended_event_descriptor lang="alb">
        <text />
      </extended_event_descriptor>
    </event>
    <event id="247" start_time="2018-02-26 17:30:00" duration="1800">
      <short_event_descriptor lang="alb" name="News" />
      <extended_event_descriptor lang="alb">
        <text />
      </extended_event_descriptor>
    </event>
    <event id="248" start_time="2018-02-26 18:00:00" duration="3600">
      <short_event_descriptor lang="alb" name="KOLAUDIM" />
      <extended_event_descriptor lang="alb">
        <text />
      </extended_event_descriptor>
    </event>
    <event id="249" start_time="2018-02-26 19:00:00" duration="3600">
      <short_event_descriptor lang="alb" name="Brusko" />
      <extended_event_descriptor lang="alb">
        <text />
      </extended_event_descriptor>
    </event>
    <event id="250" start_time="2018-02-26 20:00:00" duration="7200">
      <short_event_descriptor lang="alb" name="Film" />
      <extended_event_descriptor lang="alb">
        <text />
      </extended_event_descriptor>
    </event>
    <event id="251" start_time="2018-02-26 22:00:00" duration="1800">
      <short_event_descriptor lang="alb" name="Weeds.">Serial</short_event_descriptor>
      <extended_event_descriptor lang="alb">
        <text />
      </extended_event_descriptor>
    </event>
    <event id="252" start_time="2018-02-26 22:30:00" duration="1800">
      <short_event_descriptor lang="alb" name="R - DOC  Motorcycle Experience" />
      <extended_event_descriptor lang="alb">
        <text />
      </extended_event_descriptor>
    </event>
    <event id="253" start_time="2018-02-26 23:00:00" duration="3600">
      <short_event_descriptor lang="alb" name="R - KOLAUDIM" />
      <extended_event_descriptor lang="alb">
        <text />
      </extended_event_descriptor>
    </event>
    <event id="254" start_time="2018-02-27 00:00:00" duration="18000">
      <short_event_descriptor lang="alb" name="Dream Lab." />
      <extended_event_descriptor lang="alb">
        <text />
      </extended_event_descriptor>
    </event>
    <event id="255" start_time="2018-02-27 05:00:00" duration="12600">
      <short_event_descriptor lang="alb" name="Morning tunes." />
      <extended_event_descriptor lang="alb">
        <text />
      </extended_event_descriptor>
    </event>
    <event id="256" start_time="2018-02-27 08:30:00" duration="3600">
      <short_event_descriptor lang="alb" name="IN 105.7 ON TV." />
      <extended_event_descriptor lang="alb">
        <text />
      </extended_event_descriptor>
    </event>
    <event id="257" start_time="2018-02-27 09:30:00" duration="3600">
      <short_event_descriptor lang="alb" name="Hot in Us" />
      <extended_event_descriptor lang="alb">
        <text />
      </extended_event_descriptor>
    </event>
    <event id="258" start_time="2018-02-27 10:30:00" duration="3600">
      <short_event_descriptor lang="alb" name="Retrovision.." />
      <extended_event_descriptor lang="alb">
        <text />
      </extended_event_descriptor>
    </event>
    <event id="259" start_time="2018-02-27 11:30:00" duration="3600">
      <short_event_descriptor lang="alb" name="Like shqip." />
      <extended_event_descriptor lang="alb">
        <text />
      </extended_event_descriptor>
    </event>
    <event id="260" start_time="2018-02-27 12:30:00" duration="1800">
      <short_event_descriptor lang="alb" name="Kripe &amp; Piper " />
      <extended_event_descriptor lang="alb">
        <text />
      </extended_event_descriptor>
    </event>
    <event id="261" start_time="2018-02-27 13:00:00" duration="3600">
      <short_event_descriptor lang="alb" name="R - BRUSKO" />
      <extended_event_descriptor lang="alb">
        <text />
      </extended_event_descriptor>
    </event>
    <event id="262" start_time="2018-02-27 14:00:00" duration="7200">
      <short_event_descriptor lang="alb" name="FUNDAY" />
      <extended_event_descriptor lang="alb">
        <text />
      </extended_event_descriptor>
    </event>
    <event id="263" start_time="2018-02-27 16:00:00" duration="3600">
      <short_event_descriptor lang="alb" name="Gossip girl." />
      <extended_event_descriptor lang="alb">
        <text />
      </extended_event_descriptor>
    </event>
    <event id="264" start_time="2018-02-27 17:00:00" duration="1800">
      <short_event_descriptor lang="alb" name="Kripe &amp; Piper " />
      <extended_event_descriptor lang="alb">
        <text />
      </extended_event_descriptor>
    </event>
    <event id="265" start_time="2018-02-27 17:30:00" duration="1800">
      <short_event_descriptor lang="alb" name="News" />
      <extended_event_descriptor lang="alb">
        <text />
      </extended_event_descriptor>
    </event>
    <event id="266" start_time="2018-02-27 18:00:00" duration="3600">
      <short_event_descriptor lang="alb" name="KOLAUDIM" />
      <extended_event_descriptor lang="alb">
        <text />
      </extended_event_descriptor>
    </event>
    <event id="267" start_time="2018-02-27 19:00:00" duration="3600">
      <short_event_descriptor lang="alb" name="Brusko" />
      <extended_event_descriptor lang="alb">
        <text />
      </extended_event_descriptor>
    </event>
    <event id="268" start_time="2018-02-27 20:00:00" duration="7200">
      <short_event_descriptor lang="alb" name="Film" />
      <extended_event_descriptor lang="alb">
        <text />
      </extended_event_descriptor>
    </event>
    <event id="269" start_time="2018-02-27 22:00:00" duration="3600">
      <short_event_descriptor lang="alb" name="Empire" />
      <extended_event_descriptor lang="alb">
        <text />
      </extended_event_descriptor>
    </event>
    <event id="270" start_time="2018-02-27 23:00:00" duration="3600">
      <short_event_descriptor lang="alb" name="KOLAUDIM-rts" />
      <extended_event_descriptor lang="alb">
        <text />
      </extended_event_descriptor>
    </event>
    <event id="271" start_time="2018-02-28 00:00:00" duration="18000">
      <short_event_descriptor lang="alb" name="Dream Lab." />
      <extended_event_descriptor lang="alb">
        <text />
      </extended_event_descriptor>
    </event>
    <event id="272" start_time="2018-02-28 05:00:00" duration="12600">
      <short_event_descriptor lang="alb" name="Morning tunes." />
      <extended_event_descriptor lang="alb">
        <text />
      </extended_event_descriptor>
    </event>
    <event id="273" start_time="2018-02-28 08:30:00" duration="3600">
      <short_event_descriptor lang="alb" name="Like shqip." />
      <extended_event_descriptor lang="alb">
        <text />
      </extended_event_descriptor>
    </event>
    <event id="274" start_time="2018-02-28 09:30:00" duration="3600">
      <short_event_descriptor lang="alb" name="Mixtape by you." />
      <extended_event_descriptor lang="alb">
        <text />
      </extended_event_descriptor>
    </event>
    <event id="275" start_time="2018-02-28 10:30:00" duration="3600">
      <short_event_descriptor lang="alb" name="Rock Top." />
      <extended_event_descriptor lang="alb">
        <text />
      </extended_event_descriptor>
    </event>
    <event id="276" start_time="2018-02-28 11:30:00" duration="3600">
      <short_event_descriptor lang="alb" name="Electropop" />
      <extended_event_descriptor lang="alb">
        <text />
      </extended_event_descriptor>
    </event>
    <event id="277" start_time="2018-02-28 12:30:00" duration="1800">
      <short_event_descriptor lang="alb" name="Kripe &amp; Piper " />
      <extended_event_descriptor lang="alb">
        <text />
      </extended_event_descriptor>
    </event>
    <event id="278" start_time="2018-02-28 13:00:00" duration="3600">
      <short_event_descriptor lang="alb" name="R - BRUSKO" />
      <extended_event_descriptor lang="alb">
        <text />
      </extended_event_descriptor>
    </event>
    <event id="279" start_time="2018-02-28 14:00:00" duration="7200">
      <short_event_descriptor lang="alb" name="FUNDAY" />
      <extended_event_descriptor lang="alb">
        <text />
      </extended_event_descriptor>
    </event>
    <event id="280" start_time="2018-02-28 16:00:00" duration="3600">
      <short_event_descriptor lang="alb" name="Dance Moms" />
      <extended_event_descriptor lang="alb">
        <text />
      </extended_event_descriptor>
    </event>
    <event id="281" start_time="2018-02-28 17:00:00" duration="1800">
      <short_event_descriptor lang="alb" name="Kripe &amp; Piper " />
      <extended_event_descriptor lang="alb">
        <text />
      </extended_event_descriptor>
    </event>
    <event id="282" start_time="2018-02-28 17:30:00" duration="1800">
      <short_event_descriptor lang="alb" name="News" />
      <extended_event_descriptor lang="alb">
        <text />
      </extended_event_descriptor>
    </event>
    <event id="283" start_time="2018-02-28 18:00:00" duration="3600">
      <short_event_descriptor lang="alb" name="KOLAUDIM" />
      <extended_event_descriptor lang="alb">
        <text />
      </extended_event_descriptor>
    </event>
    <event id="284" start_time="2018-02-28 19:00:00" duration="3600">
      <short_event_descriptor lang="alb" name="Brusko" />
      <extended_event_descriptor lang="alb">
        <text />
      </extended_event_descriptor>
    </event>
    <event id="285" start_time="2018-02-28 20:00:00" duration="7200">
      <short_event_descriptor lang="alb" name="Film" />
      <extended_event_descriptor lang="alb">
        <text />
      </extended_event_descriptor>
    </event>
    <event id="286" start_time="2018-02-28 22:00:00" duration="3600">
      <short_event_descriptor lang="alb" name="R - Suits" />
      <extended_event_descriptor lang="alb">
        <text />
      </extended_event_descriptor>
    </event>
    <event id="287" start_time="2018-02-28 23:00:00" duration="3600">
      <short_event_descriptor lang="alb" name="R  -   KOLAUDIM" />
      <extended_event_descriptor lang="alb">
        <text />
      </extended_event_descriptor>
    </event>
    <event id="288" start_time="2018-03-01 00:00:00" duration="18000">
      <short_event_descriptor lang="alb" name="Dream Lab." />
      <extended_event_descriptor lang="alb">
        <text />
      </extended_event_descriptor>
    </event>
    <event id="289" start_time="2018-03-01 05:00:00" duration="12600">
      <short_event_descriptor lang="alb" name="Morning tunes." />
      <extended_event_descriptor lang="alb">
        <text />
      </extended_event_descriptor>
    </event>
    <event id="290" start_time="2018-03-01 08:30:00" duration="3600">
      <short_event_descriptor lang="alb" name="IN 105.7 ON TV." />
      <extended_event_descriptor lang="alb">
        <text />
      </extended_event_descriptor>
    </event>
    <event id="291" start_time="2018-03-01 09:30:00" duration="3600">
      <short_event_descriptor lang="alb" name="Cool in UK" />
      <extended_event_descriptor lang="alb">
        <text />
      </extended_event_descriptor>
    </event>
    <event id="292" start_time="2018-03-01 10:30:00" duration="3600">
      <short_event_descriptor lang="alb" name="Then and Now. " />
      <extended_event_descriptor lang="alb">
        <text />
      </extended_event_descriptor>
    </event>
    <event id="293" start_time="2018-03-01 11:30:00" duration="3600">
      <short_event_descriptor lang="alb" name="Like shqip." />
      <extended_event_descriptor lang="alb">
        <text />
      </extended_event_descriptor>
    </event>
    <event id="294" start_time="2018-03-01 12:30:00" duration="1800">
      <short_event_descriptor lang="alb" name="Kripe &amp; Piper " />
      <extended_event_descriptor lang="alb">
        <text />
      </extended_event_descriptor>
    </event>
    <event id="295" start_time="2018-03-01 13:00:00" duration="3600">
      <short_event_descriptor lang="alb" name="R - BRUSKO" />
      <extended_event_descriptor lang="alb">
        <text />
      </extended_event_descriptor>
    </event>
    <event id="296" start_time="2018-03-01 14:00:00" duration="7200">
      <short_event_descriptor lang="alb" name="FUNDAY" />
      <extended_event_descriptor lang="alb">
        <text />
      </extended_event_descriptor>
    </event>
    <event id="297" start_time="2018-03-01 16:00:00" duration="3600">
      <short_event_descriptor lang="alb" name="Geek room." />
      <extended_event_descriptor lang="alb">
        <text />
      </extended_event_descriptor>
    </event>
    <event id="298" start_time="2018-03-01 17:00:00" duration="1800">
      <short_event_descriptor lang="alb" name="Kripe &amp; Piper " />
      <extended_event_descriptor lang="alb">
        <text />
      </extended_event_descriptor>
    </event>
    <event id="299" start_time="2018-03-01 17:30:00" duration="1800">
      <short_event_descriptor lang="alb" name="News" />
      <extended_event_descriptor lang="alb">
        <text />
      </extended_event_descriptor>
    </event>
    <event id="300" start_time="2018-03-01 18:00:00" duration="3600">
      <short_event_descriptor lang="alb" name="KOLAUDIM" />
      <extended_event_descriptor lang="alb">
        <text />
      </extended_event_descriptor>
    </event>
    <event id="301" start_time="2018-03-01 19:00:00" duration="3600">
      <short_event_descriptor lang="alb" name="Brusko" />
      <extended_event_descriptor lang="alb">
        <text />
      </extended_event_descriptor>
    </event>
    <event id="302" start_time="2018-03-01 20:00:00" duration="7200">
      <short_event_descriptor lang="alb" name="Film" />
      <extended_event_descriptor lang="alb">
        <text />
      </extended_event_descriptor>
    </event>
    <event id="303" start_time="2018-03-01 22:00:00" duration="3600">
      <short_event_descriptor lang="alb" name="Bates Motel." />
      <extended_event_descriptor lang="alb">
        <text />
      </extended_event_descriptor>
    </event>
    <event id="304" start_time="2018-03-01 23:00:00" duration="3600">
      <short_event_descriptor lang="alb" name="KOLAUDIM-rts" />
      <extended_event_descriptor lang="alb">
        <text />
      </extended_event_descriptor>
    </event>
    <event id="305" start_time="2018-03-02 00:00:00" duration="18000">
      <short_event_descriptor lang="alb" name="Dream Lab." />
      <extended_event_descriptor lang="alb">
        <text />
      </extended_event_descriptor>
    </event>
  </channel>
</WIDECAST_DVB>